competition_id,competition_name,parent_id,type,gender,category_id,is_root_competition,parent_in_dataset,category_name
sr:competition:10025,"ITF Men Stara Zagora, Bulgaria Men Singles",sr:competition:10023,singles,men,sr:category:785,False,False,"ITF Men"
sr:competition:10027,"ITF Men Stara Zagora, Bulgaria Men Doubles",sr:competition:10023,doubles,men,sr:category:785,False,False,"ITF Men"
sr:competition:10031,"ITF Men Sibiu, Romania Men Singles",sr:competition:10029,singles,men,sr:category:785,False,False,"ITF Men"
sr:competition:10033,"ITF Men Sibiu, Romania Men Doubles",sr:competition:10029,doubles,men,sr:category:785,False,False,"ITF Men"
sr:competition:10037,"ITF Men Busto Arsizio, Italy Men Singles",sr:competition:10035,singles,men,sr:category:785,False,False,"ITF Men"
sr:competition:10039,"ITF Men Busto Arsizio, Italy Men Doubles",sr:competition:10035,doubles,men,sr:category:785,False,False,"ITF Men"
sr:competition:10043,"ITF Men Sabac, Serbia Men Singles",sr:competition:10041,singles,men,sr:category:785,False,False,"ITF Men"
sr:competition:10045,"ITF Men Sabac, Serbia Men Doubles",sr:competition:10041,doubles,men,sr:category:785,False,False,"ITF Men"
sr:competition:10055,"ITF Men Seefeld, Austria Men Singles",sr:competition:10053,singles,men,sr:category:785,False,False,"ITF Men"
sr:competition:10057,"ITF Men Seefeld, Austria Men Doubles",sr:competition:10053,doubles,men,sr:category:785,False,False,"ITF Men"
sr:competition:10073,"ATP Challenger Portoroz, Slovenia Men Singles",sr:competition:10071,singles,men,sr:category:72,False,False,Challenger
sr:competition:10075,"ATP Challenger Portoroz, Slovenia Men DoublesUTR Wo",sr:competition:10071,doubles,men,sr:category:72,False,False,Challenger
sr:competition:10091,"ITF Men Focsani, Romania Men Singles",sr:competition:10089,singles,men,sr:category:785,False,False,"ITF Men"
sr:competition:10093,"ITF Men Focsani, Romania Men Doubles",sr:competition:10089,doubles,men,sr:category:785,False,False,"ITF Men"
sr:competition:10151,"ATP Challenger Eskisehir, Turkey Men Singles",sr:competition:10149,singles,men,sr:category:72,False,False,Challenger
sr:competition:10153,"ATP Challenger Eskisehir, Turkey Men Doubles",sr:competition:10149,doubles,men,sr:category:72,False,False,Challenger
sr:competition:10157,"ITF Men Tallinn, Estonia Men Singles",sr:competition:10155,singles,men,sr:category:785,False,False,"ITF Men"
sr:competition:10159,"ITF Men Tallinn, Estonia Men Doubles",sr:competition:10155,doubles,men,sr:category:785,False,False,"ITF Men"
sr:competition:10181,"ITF Women Campos Do Jordao, Brazil Women Singles",sr:competition:10179,singles,women,sr:category:213,False,False,"ITF Women"
sr:competition:10183,"ITF Women Campos Do Jordao, Brazil Women Doubles",sr:competition:10179,doubles,women,sr:category:213,False,False,"ITF Women"
sr:competition:10223,"ITF Men Misiones, Argentina Men Singles",sr:competition:10221,singles,men,sr:category:785,False,False,"ITF Men"
sr:competition:10225,"ITF Men Misiones, Argentina Men Doubles",sr:competition:10221,doubles,men,sr:category:785,False,False,"ITF Men"
sr:competition:10253,"ATP Challenger Liberec, Czech Republic Men Singles",sr:competition:10251,singles,men,sr:category:72,False,False,Challenger
sr:competition:10255,"ATP Challenger Liberec, Czech Republic Men Doubles",sr:competition:10251,doubles,men,sr:category:72,False,False,Challenger
sr:competition:10283,"ITF Men Sleza, Poland Men Singles",sr:competition:10281,singles,men,sr:category:785,False,False,"ITF Men"
sr:competition:10285,"ITF Men Sleza, Poland Men Doubles",sr:competition:10281,doubles,men,sr:category:785,False,False,"ITF Men"
sr:competition:10313,"ITF Men Bejar, Spain Men Singles",sr:competition:10311,singles,men,sr:category:785,False,False,"ITF Men"
sr:competition:10315,"ITF Men Bejar, Spain Men Doubles",sr:competition:10311,doubles,men,sr:category:785,False,False,"ITF Men"
sr:competition:10343,"ATP Challenger Meerbusch, Germany Men Singles",sr:competition:10341,singles,men,sr:category:72,False,False,Challenger
sr:competition:10345,"ATP Challenger Meerbusch, Germany Men Doubles",sr:competition:10341,doubles,men,sr:category:72,False,False,Challenger
sr:competition:10379,"ITF Men Geneva, Switzerland Men Singles",sr:competition:10377,singles,men,sr:category:785,False,False,"ITF Men"
sr:competition:10381,"ITF Men Geneva, Switzerland Men Doubles",sr:competition:10377,doubles,men,sr:category:785,False,False,"ITF Men"
sr:competition:10421,"ITF Women Brcko, Bosnia & Herzegovina Women Singles",sr:competition:10419,singles,women,sr:category:213,False,False,"ITF Women"
sr:competition:10423,"ITF Women Brcko, Bosnia & Herzegovina Women Doubles",sr:competition:10419,doubles,women,sr:category:213,False,False,"ITF Women"
sr:competition:10439,"ITF Men Medias, Romania Men Singles",sr:competition:10437,singles,men,sr:category:785,False,False,"ITF Men"
sr:competition:10441,"ITF Men Medias, Romania Men Doubles",sr:competition:10437,doubles,men,sr:category:785,False,False,"ITF Men"
sr:competition:10451,"ITF Men Este, Italy Men Singles",sr:competition:10449,singles,men,sr:category:785,False,False,"ITF Men"
sr:competition:10453,"ITF Men Este, Italy Men Doubles",sr:competition:10449,doubles,men,sr:category:785,False,False,"ITF Men"
sr:competition:10457,"ITF Men Jupille-Sur-Meuse, Belgium Men Singles",sr:competition:10455,singles,men,sr:category:785,False,False,"ITF Men"
sr:competition:10459,"ITF Men Jupille-Sur-Meuse, Belgium Men Doubles",sr:competition:10455,doubles,men,sr:category:785,False,False,"ITF Men"
sr:competition:10475,"ITF Men Libreville, Gabon Men Singles",sr:competition:10473,singles,men,sr:category:785,False,False,"ITF Men"
sr:competition:10477,"ITF Men Libreville, Gabon Men Doubles",sr:competition:10473,doubles,men,sr:category:785,False,False,"ITF Men"
sr:competition:10487,"ITF Men Campos Do Jordao, Brazil Men Singles",sr:competition:10485,singles,men,sr:category:785,False,False,"ITF Men"
sr:competition:10489,"ITF Men Campos Do Jordao, Brazil Men Doubles",sr:competition:10485,doubles,men,sr:category:785,False,False,"ITF Men"
sr:competition:10493,"ITF Men Manizales, Colombia Men Singles",sr:competition:10491,singles,men,sr:category:785,False,False,"ITF Men"
sr:competition:10495,"ITF Men Manizales, Colombia Men Doubles",sr:competition:10491,doubles,men,sr:category:785,False,False,"ITF Men"
sr:competition:10517,"ITF Men Damme, Belgium Men Singles",sr:competition:10515,singles,men,sr:category:785,False,False,"ITF Men"
sr:competition:10519,"ITF Men Damme, Belgium Men Doubles",sr:competition:10515,doubles,men,sr:category:785,False,False,"ITF Men"
sr:competition:10529,"ITF Men Lausanne, Switzerland Men Singles",sr:competition:10527,singles,men,sr:category:785,False,False,"ITF Men"
sr:competition:10531,"ITF Men Lausanne, Switzerland Men Doubles",sr:competition:10527,doubles,men,sr:category:785,False,False,"ITF Men"
sr:competition:10535,"ITF Men Quito, Ecuador Men Singles",sr:competition:10533,singles,men,sr:category:785,False,False,"ITF Men"
sr:competition:10537,"ITF Men Quito, Ecuador Men Doubles",sr:competition:10533,doubles,men,sr:category:785,False,False,"ITF Men"
sr:competition:10643,"ATP Challenger Kenitra, Morocco Men Singles",sr:competition:10641,singles,men,sr:category:72,False,False,Challenger
sr:competition:10645,"ATP Challenger Kenitra, Morocco Men Doubles",sr:competition:10641,doubles,men,sr:category:72,False,False,Challenger
sr:competition:10655,"ATP Challenger Porto, Portugal Men Singles",sr:competition:10653,singles,men,sr:category:72,False,False,Challenger
sr:competition:10657,"ATP Challenger Porto, Portugal Men Doubles",sr:competition:10653,doubles,men,sr:category:72,False,False,Challenger
sr:competition:10673,"ITF Men Nis, Serbia Men Singles",sr:competition:10671,singles,men,sr:category:785,False,False,"ITF Men"
sr:competition:10675,"ITF Men Nis, Serbia Men Doubles",sr:competition:10671,doubles,men,sr:category:785,False,False,"ITF Men"
sr:competition:10685,"ITF Men Sokobanja, Serbia Men Singles",sr:competition:10683,singles,men,sr:category:785,False,False,"ITF Men"
sr:competition:10687,"ITF Men Sokobanja, Serbia Men Doubles",sr:competition:10683,doubles,men,sr:category:785,False,False,"ITF Men"
sr:competition:10703,"ITF Men Cochabamba, Bolivia Men Singles",sr:competition:10701,singles,men,sr:category:785,False,False,"ITF Men"
sr:competition:10705,"ITF Men Cochabamba, Bolivia Men Doubles",sr:competition:10701,doubles,men,sr:category:785,False,False,"ITF Men"
sr:competition:10757,"ITF Women Albena, Bulgaria Women Singles",sr:competition:10755,singles,women,sr:category:213,False,False,"ITF Women"
sr:competition:10759,"ITF Women Albena, Bulgaria Women Doubles",sr:competition:10755,doubles,women,sr:category:213,False,False,"ITF Women"
sr:competition:10781,"ITF Men Sant Cugat, Spain Men Singles",sr:competition:10779,singles,men,sr:category:785,False,False,"ITF Men"
sr:competition:10783,"ITF Men Sant Cugat, Spain Men Doubles",sr:competition:10779,doubles,men,sr:category:785,False,False,"ITF Men"
sr:competition:10823,"ATP Challenger Mouilleron-Le-Captif, France Men Singles",sr:competition:10821,singles,men,sr:category:72,False,False,Challenger
sr:competition:10825,"ATP Challenger Mouilleron-Le-Captif, France Men Doubles",sr:competition:10821,doubles,men,sr:category:72,False,False,Challenger
sr:competition:10895,"ATP Challenger Traralgon, Australia Men Singles",sr:competition:10893,singles,men,sr:category:72,False,False,Challenger
sr:competition:10897,"ATP Challenger Traralgon, Australia Men Doubles",sr:competition:10893,doubles,men,sr:category:72,False,False,Challenger
sr:competition:10949,"ATP Challenger Andria, Italy Men Singles",sr:competition:10947,singles,men,sr:category:72,False,False,Challenger
sr:competition:10951,"ATP Challenger Andria, Italy Men Doubles",sr:competition:10947,doubles,men,sr:category:72,False,False,Challenger
sr:competition:10967,"ITF Men Nicosia, Cyprus Men Singles",sr:competition:10965,singles,men,sr:category:785,False,False,"ITF Men"
sr:competition:10969,"ITF Men Nicosia, Cyprus Men Doubles",sr:competition:10965,doubles,men,sr:category:785,False,False,"ITF Men"
sr:competition:10973,"ITF Men Popayan, Colombia Men Singles",sr:competition:10971,singles,men,sr:category:785,False,False,"ITF Men"
sr:competition:10975,"ITF Men Popayan, Colombia Men Doubles",sr:competition:10971,doubles,men,sr:category:785,False,False,"ITF Men"
sr:competition:11003,"ITF Men Bol, Croatia Men Singles",sr:competition:11001,singles,men,sr:category:785,False,False,"ITF Men"
sr:competition:11005,"ITF Men Bol, Croatia Men Doubles",sr:competition:11001,doubles,men,sr:category:785,False,False,"ITF Men"
sr:competition:11033,"ITF Men Raipur, India Men Singles",sr:competition:11031,singles,men,sr:category:785,False,False,"ITF Men"
sr:competition:11035,"ITF Men Raipur, India Men Doubles",sr:competition:11031,doubles,men,sr:category:785,False,False,"ITF Men"
sr:competition:11051,"ITF Women Monterrey, Mexico Women Singles",sr:competition:11049,singles,women,sr:category:213,False,False,"ITF Women"
sr:competition:11053,"ITF Women Monterrey, Mexico Women Doubles",sr:competition:11049,doubles,women,sr:category:213,False,False,"ITF Women"
sr:competition:11057,"ITF Men Larnaca, Cyprus Men Singles",sr:competition:11055,singles,men,sr:category:785,False,False,"ITF Men"
sr:competition:11059,"ITF Men Larnaca, Cyprus Men Doubles",sr:competition:11055,doubles,men,sr:category:785,False,False,"ITF Men"
sr:competition:11081,"ITF Women Duino Aurisina, Italy Women Singles",sr:competition:11079,singles,women,sr:category:213,False,False,"ITF Women"
sr:competition:11083,"ITF Women Duino Aurisina, Italy Women Doubles",sr:competition:11079,doubles,women,sr:category:213,False,False,"ITF Women"
sr:competition:11105,"WTA Rio de Janeiro, Brazil Women Singles",sr:competition:11127,singles,women,sr:category:6,False,False,WTA
sr:competition:11107,"WTA Rio de Janeiro, Brazil Women Doubles",sr:competition:11127,doubles,women,sr:category:6,False,False,WTA
sr:competition:11111,"WTA Hong Kong, Hong Kong Women Singles",sr:competition:11109,singles,women,sr:category:6,False,False,WTA
sr:competition:11113,"WTA Hong Kong, Hong Kong Women Doubles",sr:competition:11109,doubles,women,sr:category:6,False,False,WTA
sr:competition:11117,"WTA Wuhan, China Women Singles",sr:competition:11115,singles,women,sr:category:6,False,False,WTA
sr:competition:11119,"WTA Wuhan, China Women Doubles",sr:competition:11115,doubles,women,sr:category:6,False,False,WTA
sr:competition:11123,"ATP Shenzhen, China Men Singles",sr:competition:11121,singles,men,sr:category:3,False,False,ATP
sr:competition:11125,"ATP Shenzhen, China Men Doubles",sr:competition:11121,doubles,men,sr:category:3,False,False,ATP
sr:competition:11129,"ATP Rio de Janeiro, Brazil Men Singles",sr:competition:11127,singles,men,sr:category:3,False,False,ATP
sr:competition:11131,"ATP Rio de Janeiro, Brazil Men Doubles",sr:competition:11127,doubles,men,sr:category:3,False,False,ATP
sr:competition:11183,"ATP Challenger Chennai, India Men Singles",sr:competition:11181,singles,men,sr:category:72,False,False,Challenger
sr:competition:11185,"ATP Challenger Chennai, India Men Doubles",sr:competition:11181,doubles,men,sr:category:72,False,False,Challenger
sr:competition:11201,"ATP Challenger Kolkata, India Men Singles",sr:competition:11199,singles,men,sr:category:72,False,False,Challenger
sr:competition:11203,"ATP Challenger Kolkata, India Men Doubles",sr:competition:11199,doubles,men,sr:category:72,False,False,Challenger
sr:competition:11225,"ATP Challenger Morelos, Mexico Men Singles",sr:competition:11223,singles,men,sr:category:72,False,False,Challenger
sr:competition:11227,"ATP Challenger Morelos, Mexico Men Doubles",sr:competition:11223,doubles,men,sr:category:72,False,False,Challenger
sr:competition:11231,"ATP Challenger New Delhi, India Men Singles",sr:competition:11229,singles,men,sr:category:72,False,False,Challenger
sr:competition:11233,"ATP Challenger New Delhi, India Men Doubles",sr:competition:11229,doubles,men,sr:category:72,False,False,Challenger
sr:competition:11267,"ITF Men Kish, Iran Men Singles",sr:competition:11265,singles,men,sr:category:785,False,False,"ITF Men"
sr:competition:11269,"ITF Men Kish, Iran Men Doubles",sr:competition:11265,doubles,men,sr:category:785,False,False,"ITF Men"
sr:competition:11285,"ITF Men Bhimavaram, India Men Singles",sr:competition:11283,singles,men,sr:category:785,False,False,"ITF Men"
sr:competition:11287,"ITF Men Bhimavaram, India Men Doubles",sr:competition:11283,doubles,men,sr:category:785,False,False,"ITF Men"
sr:competition:11297,"ATP Challenger Irving, USA Men Singles",sr:competition:11295,singles,men,sr:category:72,False,False,Challenger
sr:competition:11299,"ATP Challenger Irving, USA Men Doubles",sr:competition:11295,doubles,men,sr:category:72,False,False,Challenger
sr:competition:11333,"ITF Men Manila, Philippines Men Singles",sr:competition:11331,singles,men,sr:category:785,False,False,"ITF Men"
sr:competition:11335,"ITF Men Manila, Philippines Men Doubles",sr:competition:11331,doubles,men,sr:category:785,False,False,"ITF Men"
sr:competition:11355,"ITF Men Melbourne, Australia Men Singles",sr:competition:11353,singles,men,sr:category:785,False,False,"ITF Men"
sr:competition:11357,"ITF Men Melbourne, Australia Men Doubles",sr:competition:11353,doubles,men,sr:category:785,False,False,"ITF Men"
sr:competition:11367,"ITF Men Oran, Algeria Men Singles",sr:competition:11365,singles,men,sr:category:785,False,False,"ITF Men"
sr:competition:11369,"ITF Men Oran, Algeria Men Doubles",sr:competition:11365,doubles,men,sr:category:785,False,False,"ITF Men"
sr:competition:11397,"ITF Men Algiers, Algeria Men Singles",sr:competition:11395,singles,men,sr:category:785,False,False,"ITF Men"
sr:competition:11399,"ITF Men Algiers, Algeria Men Doubles",sr:competition:11395,doubles,men,sr:category:785,False,False,"ITF Men"
sr:competition:11403,"ITF Women Melbourne, Australia Women Singles",sr:competition:11401,singles,women,sr:category:213,False,False,"ITF Women"
sr:competition:11405,"ITF Women Melbourne, Australia Women Doubles",sr:competition:11401,doubles,women,sr:category:213,False,False,"ITF Women"
sr:competition:11423,"ITF Men Karshi, Uzbekistan Men Doubles",sr:competition:11419,doubles,men,sr:category:785,False,False,"ITF Men"
sr:competition:11427,"ATP Challenger Shenzhen, China Men Singles",sr:competition:11425,singles,men,sr:category:72,False,False,Challenger
sr:competition:11429,"ATP Challenger Shenzhen, China Men Doubles",sr:competition:11425,doubles,men,sr:category:72,False,False,Challenger
sr:competition:11433,"ATP Challenger Vercelli, Italy Men Singles",sr:competition:11431,singles,men,sr:category:72,False,False,Challenger
sr:competition:11435,"ATP Challenger Vercelli, Italy Men Doubles",sr:competition:11431,doubles,men,sr:category:72,False,False,Challenger
sr:competition:11439,"ITF Men Queretaro, Mexico Men Singles",sr:competition:11437,singles,men,sr:category:785,False,False,"ITF Men"
sr:competition:11441,"ITF Men Queretaro, Mexico Men Doubles",sr:competition:11437,doubles,men,sr:category:785,False,False,"ITF Men"
sr:competition:11463,"ATP Challenger Taipei, Chinese Taipei Men Singles",sr:competition:11461,singles,men,sr:category:72,False,False,Challenger
sr:competition:11465,"ATP Challenger Taipei, Chinese Taipei Men Doubles",sr:competition:11461,doubles,men,sr:category:72,False,False,Challenger
sr:competition:11493,"ATP Challenger Gimcheon, Korea Rep. Men Singles",sr:competition:11491,singles,men,sr:category:72,False,False,Challenger
sr:competition:11495,"ATP Challenger Gimcheon, Korea Rep. Men Doubles",sr:competition:11491,doubles,men,sr:category:72,False,False,Challenger
sr:competition:11499,"ATP Challenger Aix en Provence, France Men Singles",sr:competition:11497,singles,men,sr:category:72,False,False,Challenger
sr:competition:11501,"ATP Challenger Aix en Provence, France Men Doubles",sr:competition:11497,doubles,men,sr:category:72,False,False,Challenger
sr:competition:11505,"ITF Men Galati, Romania Men Singles",sr:competition:11503,singles,men,sr:category:785,False,False,"ITF Men"
sr:competition:11507,"ITF Men Galati, Romania Men Doubles",sr:competition:11503,doubles,men,sr:category:785,False,False,"ITF Men"
sr:competition:11577,"ATP Challenger Mestre, Italy Men Singles",sr:competition:11575,singles,men,sr:category:72,False,False,Challenger
sr:competition:11579,"ATP Challenger Mestre, Italy Men Doubles",sr:competition:11575,doubles,men,sr:category:72,False,False,Challenger
sr:competition:11583,"ATP Challenger Mohammedia, Morocco Men Singles",sr:competition:11581,singles,men,sr:category:72,False,False,Challenger
sr:competition:11585,"ATP Challenger Mohammedia, Morocco Men Doubles",sr:competition:11581,doubles,men,sr:category:72,False,False,Challenger
sr:competition:11589,"ATP Challenger Nanchang, China Men Singles",sr:competition:11587,singles,men,sr:category:72,False,False,Challenger
sr:competition:11591,"ATP Challenger Nanchang, China Men Doubles",sr:competition:11587,doubles,men,sr:category:72,False,False,Challenger
sr:competition:11595,"ATP Challenger Padova, Italy Men Singles",sr:competition:11593,singles,men,sr:category:72,False,False,Challenger
sr:competition:11597,"ATP Challenger Padova, Italy Men Doubles",sr:competition:11593,doubles,men,sr:category:72,False,False,Challenger
sr:competition:11601,"ATP Challenger Vicenza, Italy Men Singles",sr:competition:11599,singles,men,sr:category:72,False,False,Challenger
sr:competition:11603,"ATP Challenger Vicenza, Italy Men Doubles",sr:competition:11599,doubles,men,sr:category:72,False,False,Challenger
sr:competition:11805,"WTA Bucharest, Romania Women Singles",sr:competition:11803,singles,women,sr:category:871,False,False,"WTA 125K"
sr:competition:11807,"WTA Bucharest, Romania Women Doubles",sr:competition:11803,doubles,women,sr:category:871,False,False,"WTA 125K"
sr:competition:11841,"WTA 125K Nanchang, China Women Singles",sr:competition:11839,singles,women,sr:category:871,False,False,"WTA 125K"
sr:competition:11843,"WTA 125K Nanchang, China Women Doubles",sr:competition:11839,doubles,women,sr:category:871,False,False,"WTA 125K"
sr:competition:11859,"ITF Men Chaco, Argentina Men Singles",sr:competition:11857,singles,men,sr:category:785,False,False,"ITF Men"
sr:competition:11861,"ITF Men Chaco, Argentina Men Doubles",sr:competition:11857,doubles,men,sr:category:785,False,False,"ITF Men"
sr:competition:11871,"ATP Challenger Cortina, Italy Men Singles",sr:competition:11869,singles,men,sr:category:72,False,False,Challenger
sr:competition:11873,"ATP Challenger Cortina, Italy Men Doubles",sr:competition:11869,doubles,men,sr:category:72,False,False,Challenger
sr:competition:11913,"ITF Women Santa Fe, Argentina Women Singles",sr:competition:11911,singles,women,sr:category:213,False,False,"ITF Women"
sr:competition:11915,"ITF Women Santa Fe, Argentina Women Doubles",sr:competition:11911,doubles,women,sr:category:213,False,False,"ITF Women"
sr:competition:11955,"ITF Men Tehran, Iran Men Singles",sr:competition:11953,singles,men,sr:category:785,False,False,"ITF Men"
sr:competition:11957,"ITF Men Tehran, Iran Men Doubles",sr:competition:11953,doubles,men,sr:category:785,False,False,"ITF Men"
sr:competition:12015,"ITF Men Vsevolozhsk, Russia Men Singles",sr:competition:12013,singles,men,sr:category:785,False,False,"ITF Men"
sr:competition:12017,"ITF Men Vsevolozhsk, Russia Men Doubles",sr:competition:12013,doubles,men,sr:category:785,False,False,"ITF Men"
sr:competition:12045,"ATP Challenger Brescia, Italy Men Singles",sr:competition:12043,singles,men,sr:category:72,False,False,Challenger
sr:competition:12047,"ATP Challenger Brescia, Italy Men Doubles",sr:competition:12043,doubles,men,sr:category:72,False,False,Challenger
sr:competition:12051,"ATP Challenger Cordoba, Argentina Men Singles",sr:competition:12049,singles,men,sr:category:72,False,False,Challenger
sr:competition:12053,"ATP Challenger Cordoba, Argentina Men Doubles",sr:competition:12049,doubles,men,sr:category:72,False,False,Challenger
sr:competition:12057,"ATP Challenger Pune, India Men Singles",sr:competition:12055,singles,men,sr:category:72,False,False,Challenger
sr:competition:12059,"ATP Challenger Pune, India Men Doubles",sr:competition:12055,doubles,men,sr:category:72,False,False,Challenger
sr:competition:12063,"WTA 125K Limoges, France Women Singles",sr:competition:12061,singles,women,sr:category:871,False,False,"WTA 125K"
sr:competition:12065,"WTA 125K Limoges, France Women Doubles",sr:competition:12061,doubles,women,sr:category:871,False,False,"WTA 125K"
sr:competition:1207,"Championship International Series",ROOT,singles,women,sr:category:6,True,False,WTA
sr:competition:12117,"WTA Tianjin, China Women Singles",sr:competition:12115,singles,women,sr:category:6,False,False,WTA
sr:competition:12119,"WTA Tianjin, China Women Doubles",sr:competition:12115,doubles,women,sr:category:6,False,False,WTA
sr:competition:12177,"ITF Men Wollongong, Australia Men Singles",sr:competition:12175,singles,men,sr:category:785,False,False,"ITF Men"
sr:competition:12179,"ITF Men Wollongong, Australia Men Doubles",sr:competition:12175,doubles,men,sr:category:785,False,False,"ITF Men"
sr:competition:12183,"ITF Men Gwalior, India Men Singles",sr:competition:12181,singles,men,sr:category:785,False,False,"ITF Men"
sr:competition:12185,"ITF Men Gwalior, India Men Doubles",sr:competition:12181,doubles,men,sr:category:785,False,False,"ITF Men"
sr:competition:12201,"ATP Challenger Happy Valley, Australia Men Singles",sr:competition:12199,singles,men,sr:category:72,False,False,Challenger
sr:competition:12203,"ATP Challenger Happy Valley, Australia Men Doubles",sr:competition:12199,doubles,men,sr:category:72,False,False,Challenger
sr:competition:12207,"ATP Challenger Hong Kong, Hong Kong Men Singles",sr:competition:12205,singles,men,sr:category:72,False,False,Challenger
sr:competition:12209,"ATP Challenger Hong Kong, Hong Kong Men Doubles",sr:competition:12205,doubles,men,sr:category:72,False,False,Challenger
sr:competition:12219,"ITF Men Santiago de los Caballeros, Dominican Republic Men Singles",sr:competition:12217,singles,men,sr:category:785,False,False,"ITF Men"
sr:competition:12221,"ITF Men Santiago de los Caballeros, Dominican Republic Men Doubles",sr:competition:12217,doubles,men,sr:category:785,False,False,"ITF Men"
sr:competition:12229,IPTL,ROOT,singles,men,sr:category:1012,True,False,IPTL
sr:competition:12241,"World Tennis Championship Men Singles",sr:competition:12239,singles,men,sr:category:79,False,False,Exhibition
sr:competition:12255,"ATP Challenger Glasgow, Great Britain Men Singles",sr:competition:12253,singles,men,sr:category:72,False,False,Challenger
sr:competition:12257,"ATP Challenger Glasgow, Great Britain Men Doubles",sr:competition:12253,doubles,men,sr:category:72,False,False,Challenger
sr:competition:12279,"ATP Challenger Santo Domingo, Dominican Republic Men Singles",sr:competition:12277,singles,men,sr:category:72,False,False,Challenger
sr:competition:12281,"ATP Challenger Santo Domingo, Dominican Republic Men Doubles",sr:competition:12277,doubles,men,sr:category:72,False,False,Challenger
sr:competition:12285,"ATP Challenger Wroclaw, Poland Men Singles",sr:competition:12283,singles,men,sr:category:72,False,False,Challenger
sr:competition:12287,"ATP Challenger Wroclaw, Poland Men Doubles",sr:competition:12283,doubles,men,sr:category:72,False,False,Challenger
sr:competition:12291,"ATP Challenger Drummondville, Canada Men Singles",sr:competition:12289,singles,men,sr:category:72,False,False,Challenger
sr:competition:12293,"ATP Challenger Drummondville, Canada Men Doubles",sr:competition:12289,doubles,men,sr:category:72,False,False,Challenger
sr:competition:12297,"ATP Challenger Raanana, Israel Men Singles",sr:competition:12295,singles,men,sr:category:72,False,False,Challenger
sr:competition:12299,"ATP Challenger Raanana, Israel Men Doubles",sr:competition:12295,doubles,men,sr:category:72,False,False,Challenger
sr:competition:12309,"ATP Challenger Launceston, Australia Men Singles",sr:competition:12307,singles,men,sr:category:72,False,False,Challenger
sr:competition:12311,"ATP Challenger Launceston, Australia Men Doubles",sr:competition:12307,doubles,men,sr:category:72,False,False,Challenger
sr:competition:12315,"ATP Geneva, Switzerland Men Singles",sr:competition:12313,singles,men,sr:category:3,False,False,ATP
sr:competition:12317,"ATP Geneva, Switzerland Men Doubles",sr:competition:12313,doubles,men,sr:category:3,False,False,ATP
sr:competition:12321,"ATP Istanbul, Turkey Men Singles",sr:competition:12319,singles,men,sr:category:3,False,False,ATP
sr:competition:12323,"ATP Istanbul, Turkey Men Doubles",sr:competition:12319,doubles,men,sr:category:3,False,False,ATP
sr:competition:12327,"ATP Quito, Ecuador Men Singles",sr:competition:12325,singles,men,sr:category:3,False,False,ATP
sr:competition:12329,"ATP Quito, Ecuador Men Doubles",sr:competition:12325,doubles,men,sr:category:3,False,False,ATP
sr:competition:12333,"WTA Nottingham, Great Britain Women Singles",sr:competition:12331,singles,women,sr:category:6,False,False,WTA
sr:competition:12335,"WTA Nottingham, Great Britain Women Doubles",sr:competition:12331,doubles,women,sr:category:6,False,False,WTA
sr:competition:12375,"ATP Challenger Batman, Turkey Men Singles",sr:competition:12373,singles,men,sr:category:72,False,False,Challenger
sr:competition:12377,"ATP Challenger Batman, Turkey Men Doubles",sr:competition:12373,doubles,men,sr:category:72,False,False,Challenger
sr:competition:12381,"ATP Challenger Puebla, Mexico Men Singles",sr:competition:12379,singles,men,sr:category:72,False,False,Challenger
sr:competition:12383,"ATP Challenger Puebla, Mexico Men Doubles",sr:competition:12379,doubles,men,sr:category:72,False,False,Challenger
sr:competition:12429,"ATP Challenger Ilkley, Great Britain Men Singles",sr:competition:12427,singles,men,sr:category:72,False,False,Challenger
sr:competition:12431,"ATP Challenger Ilkley, Great Britain Men Doubles",sr:competition:12427,doubles,men,sr:category:72,False,False,Challenger
sr:competition:12435,"ATP Challenger Manchester, Great Britain Men Singles",sr:competition:12433,singles,men,sr:category:72,False,False,Challenger
sr:competition:12437,"ATP Challenger Manchester, Great Britain Men Doubles",sr:competition:12433,doubles,men,sr:category:72,False,False,Challenger
sr:competition:12441,"ATP Challenger Surbiton, Great Britain Men Singles",sr:competition:12439,singles,men,sr:category:72,False,False,Challenger
sr:competition:12443,"ATP Challenger Surbiton, Great Britain Men Doubles",sr:competition:12439,doubles,men,sr:category:72,False,False,Challenger
sr:competition:12447,"ATP Challenger Poprad Tatry, Slovakia Men Singles",sr:competition:12445,singles,men,sr:category:72,False,False,Challenger
sr:competition:12449,"ATP Challenger Poprad Tatry, Slovakia Men Doubles",sr:competition:12445,doubles,men,sr:category:72,False,False,Challenger
sr:competition:12453,"ATP Challenger Perugia, Italy Men Singles",sr:competition:12451,singles,men,sr:category:72,False,False,Challenger
sr:competition:12455,"ATP Challenger Perugia, Italy Men Doubles",sr:competition:12451,doubles,men,sr:category:72,False,False,Challenger
sr:competition:12459,"ATP Challenger Moscow, Russia Men Singles",sr:competition:12457,singles,men,sr:category:72,False,False,Challenger
sr:competition:12461,"ATP Challenger Moscow, Russia Men Doubles",sr:competition:12457,doubles,men,sr:category:72,False,False,Challenger
sr:competition:12549,"ATP Estoril, Portugal Men Singles",sr:competition:12547,singles,men,sr:category:3,False,False,ATP
sr:competition:12551,"ATP Estoril, Portugal Men Doubles",sr:competition:12547,doubles,men,sr:category:3,False,False,ATP
sr:competition:12657,"ITF Men Jassowal, India Men Singles",sr:competition:12655,singles,men,sr:category:785,False,False,"ITF Men"
sr:competition:12659,"ITF Men Jassowal, India Men Doubles",sr:competition:12655,doubles,men,sr:category:785,False,False,"ITF Men"
sr:competition:12663,"ITF Women Eastbourne, Great Britain Women Singles",sr:competition:12661,singles,women,sr:category:213,False,False,"ITF Women"
sr:competition:12665,"ITF Women Eastbourne, Great Britain Women Doubles",sr:competition:12661,doubles,women,sr:category:213,False,False,"ITF Women"
sr:competition:12687,"ITF Men Sarajevo, Bosnia/Herzegovina Men Singles",sr:competition:12685,singles,men,sr:category:785,False,False,"ITF Men"
sr:competition:12689,"ITF Men Sarajevo, Bosnia/Herzegovina Men Doubles",sr:competition:12685,doubles,men,sr:category:785,False,False,"ITF Men"
sr:competition:12723,"ITF Women Grand Baie La Croisette, Mauritius Women Singles",sr:competition:12721,singles,women,sr:category:213,False,False,"ITF Women"
sr:competition:12725,"ITF Women Grand Baie La Croisette, Mauritius Women Doubles",sr:competition:12721,doubles,women,sr:category:213,False,False,"ITF Women"
sr:competition:12741,"ITF Women Baton Rouge, USA Women Singles",sr:competition:12739,singles,women,sr:category:213,False,False,"ITF Women"
sr:competition:12743,"ITF Women Baton Rouge, USA Women Doubles",sr:competition:12739,doubles,women,sr:category:213,False,False,"ITF Women"
sr:competition:12747,"ITF Women Kaohsiung, Chinese Taipei Women Singles",sr:competition:12745,singles,women,sr:category:213,False,False,"ITF Women"
sr:competition:12749,"ITF Women Kaohsiung, Chinese Taipei Women Doubles",sr:competition:12745,doubles,women,sr:category:213,False,False,"ITF Women"
sr:competition:12819,"ITF Women Bursa, Turkey Women Singles",sr:competition:12817,singles,women,sr:category:213,False,False,"ITF Women"
sr:competition:12821,"ITF Women Bursa, Turkey Women Doubles",sr:competition:12817,doubles,women,sr:category:213,False,False,"ITF Women"
sr:competition:12837,"ATP Challenger Manerbio, Italy Men Singles",sr:competition:12835,singles,men,sr:category:72,False,False,Challenger
sr:competition:12839,"ATP Challenger Manerbio, Italy Men Doubles",sr:competition:12835,doubles,men,sr:category:72,False,False,Challenger
sr:competition:12843,"ATP Challenger Agri, Turkey Men Singles",sr:competition:12841,singles,men,sr:category:72,False,False,Challenger
sr:competition:12845,"ATP Challenger Agri, Turkey Men Doubles",sr:competition:12841,doubles,men,sr:category:72,False,False,Challenger
sr:competition:12849,"ATP Challenger Cary, USA Men Singles",sr:competition:12847,singles,men,sr:category:72,False,False,Challenger
sr:competition:12851,"ATP Challenger Cary, USA Men Doubles",sr:competition:12847,doubles,men,sr:category:72,False,False,Challenger
sr:competition:12855,"ATP Challenger Columbus, USA Men Singles",sr:competition:12853,singles,men,sr:category:72,False,False,Challenger
sr:competition:12857,"ATP Challenger Columbus, USA Men Doubles",sr:competition:12853,doubles,men,sr:category:72,False,False,Challenger
sr:competition:12891,"WTA 125K Dalian, China Women Singles",sr:competition:12889,singles,women,sr:category:871,False,False,"WTA 125K"
sr:competition:12893,"WTA 125K Dalian, China Women Doubles",sr:competition:12889,doubles,women,sr:category:871,False,False,"WTA 125K"
sr:competition:12897,"WTA 125K Carlsbad, USA Women Singles",sr:competition:12895,singles,women,sr:category:871,False,False,"WTA 125K"
sr:competition:12899,"WTA 125K Carlsbad, USA Women Doubles",sr:competition:12895,doubles,women,sr:category:871,False,False,"WTA 125K"
sr:competition:12903,"WTA 125K Hua Hin, Thailand Women Singles",sr:competition:12901,singles,women,sr:category:871,False,False,"WTA 125K"
sr:competition:12905,"WTA 125K Hua Hin, Thailand Women Doubles",sr:competition:12901,doubles,women,sr:category:871,False,False,"WTA 125K"
sr:competition:12909,"ITF Men Erzurum, Turkey Men Singles",sr:competition:12907,singles,men,sr:category:785,False,False,"ITF Men"
sr:competition:12911,"ITF Men Erzurum, Turkey Men Doubles",sr:competition:12907,doubles,men,sr:category:785,False,False,"ITF Men"
sr:competition:12975,"ITF Women Graz, Austria Women Singles",sr:competition:12973,singles,women,sr:category:213,False,False,"ITF Women"
sr:competition:12977,"ITF Women Graz, Austria Women Doubles",sr:competition:12973,doubles,women,sr:category:213,False,False,"ITF Women"
sr:competition:12981,"ITF Women Koper, Slovenia Women Singles",sr:competition:12979,singles,women,sr:category:213,False,False,"ITF Women"
sr:competition:12983,"ITF Women Koper, Slovenia Women Doubles",sr:competition:12979,doubles,women,sr:category:213,False,False,"ITF Women"
sr:competition:12987,"ITF Women Cakovec, Croatia Women Singles",sr:competition:12985,singles,women,sr:category:213,False,False,"ITF Women"
sr:competition:12989,"ITF Women Cakovec, Croatia Women Doubles",sr:competition:12985,doubles,women,sr:category:213,False,False,"ITF Women"
sr:competition:12999,"ITF Women Kiryat Gat, Israel Women Singles",sr:competition:12997,singles,women,sr:category:213,False,False,"ITF Women"
sr:competition:13001,"ITF Women Kiryat Gat, Israel Women Doubles",sr:competition:12997,doubles,women,sr:category:213,False,False,"ITF Women"
sr:competition:13011,"ITF Men Duino Aurisina, Italy Men Singles",sr:competition:13009,singles,men,sr:category:785,False,False,"ITF Men"
sr:competition:13013,"ITF Men Duino Aurisina, Italy Men Doubles",sr:competition:13009,doubles,men,sr:category:785,False,False,"ITF Men"
sr:competition:13023,"ITF Israel F14, Men Singles",sr:competition:13021,singles,men,sr:category:785,False,False,"ITF Men"
sr:competition:13025,"ITF Israel F14, Men Doubles",sr:competition:13021,doubles,men,sr:category:785,False,False,"ITF Men"
sr:competition:13029,"ITF Men Middelkerke, Belgium Men Singles",sr:competition:13027,singles,men,sr:category:785,False,False,"ITF Men"
sr:competition:13031,"ITF Men Middelkerke, Belgium Men Doubles",sr:competition:13027,doubles,men,sr:category:785,False,False,"ITF Men"
sr:competition:13035,"ITF Women Tiberias, Israel Women Singles",sr:competition:13033,singles,women,sr:category:213,False,False,"ITF Women"
sr:competition:13037,"ITF Women Tiberias, Israel Women Doubles",sr:competition:13033,doubles,women,sr:category:213,False,False,"ITF Women"
sr:competition:13047,"ITF Women San Carlos, Argentina Women Singles",sr:competition:13045,singles,women,sr:category:213,False,False,"ITF Women"
sr:competition:13049,"ITF Women San Carlos, Argentina Women Doubles",sr:competition:13045,doubles,women,sr:category:213,False,False,"ITF Women"
sr:competition:13101,"ITF Women Kirkland, USA Women Singles",sr:competition:13099,singles,women,sr:category:213,False,False,"ITF Women"
sr:competition:13103,"ITF Women Kirkland, USA Women Doubles",sr:competition:13099,doubles,women,sr:category:213,False,False,"ITF Women"
sr:competition:13107,"ATP Challenger Corrientes, Argentina Men Singles",sr:competition:13105,singles,men,sr:category:72,False,False,Challenger
sr:competition:13109,"ATP Challenger Corrientes, Argentina Men Doubles",sr:competition:13105,doubles,men,sr:category:72,False,False,Challenger
sr:competition:13113,"ATP Challenger Fairfield, USA Men Singles",sr:competition:13111,singles,men,sr:category:72,False,False,Challenger
sr:competition:13115,"ATP Challenger Fairfield, USA Men Doubles",sr:competition:13111,doubles,men,sr:category:72,False,False,Challenger
sr:competition:13119,"ATP Challenger Ho Chi Minh City, Vietnam Men Singles",sr:competition:13117,singles,men,sr:category:72,False,False,Challenger
sr:competition:13121,"ATP Challenger Ho Chi Minh City, Vietnam Men Doubles",sr:competition:13117,doubles,men,sr:category:72,False,False,Challenger
sr:competition:13125,"ATP Challenger Brest, France Men Singles",sr:competition:13123,singles,men,sr:category:72,False,False,Challenger
sr:competition:13127,"ATP Challenger Brest, France Men Doubles",sr:competition:13123,doubles,men,sr:category:72,False,False,Challenger
sr:competition:13131,"ATP Challenger Bengaluru, India Men Singles",sr:competition:13129,singles,men,sr:category:72,False,False,Challenger
sr:competition:13133,"ATP Challenger Bengaluru, India Men Doubles",sr:competition:13129,doubles,men,sr:category:72,False,False,Challenger
sr:competition:13137,"ATP Challenger Las Vegas, USA Men Singles",sr:competition:13135,singles,men,sr:category:72,False,False,Challenger
sr:competition:13139,"ATP Challenger Las Vegas, USA Men Doubles",sr:competition:13135,doubles,men,sr:category:72,False,False,Challenger
sr:competition:13143,"ATP Challenger Monterrey, Mexico Men Singles",sr:competition:13141,singles,men,sr:category:72,False,False,Challenger
sr:competition:13145,"ATP Challenger Monterrey, Mexico Men Doubles",sr:competition:13141,doubles,men,sr:category:72,False,False,Challenger
sr:competition:13149,"ATP Challenger Suzhou, China Men Singles",sr:competition:13147,singles,men,sr:category:72,False,False,Challenger
sr:competition:13151,"ATP Challenger Suzhou, China Men Doubles",sr:competition:13147,doubles,men,sr:category:72,False,False,Challenger
sr:competition:13155,"ATP Challenger Hua Hin, Thailand Men Singles",sr:competition:13153,singles,men,sr:category:72,False,False,Challenger
sr:competition:13157,"ATP Challenger Hua Hin, Thailand Men Doubles",sr:competition:13153,doubles,men,sr:category:72,False,False,Challenger
sr:competition:13161,"ATP Challenger Canberra, Australia Men Singles",sr:competition:13159,singles,men,sr:category:72,False,False,Challenger
sr:competition:13163,"ATP Challenger Canberra, Australia Men Doubles",sr:competition:13159,doubles,men,sr:category:72,False,False,Challenger
sr:competition:13167,"ATP Challenger Kobe, Japan Men Singles",sr:competition:13165,singles,men,sr:category:72,False,False,Challenger
sr:competition:13169,"ATP Challenger Kobe, Japan Men Doubles",sr:competition:13165,doubles,men,sr:category:72,False,False,Challenger
sr:competition:13173,"ITF Men Rancagua, Chile Men Singles",sr:competition:13171,singles,men,sr:category:785,False,False,"ITF Men"
sr:competition:13175,"ITF Men Rancagua, Chile Men Doubles",sr:competition:13171,doubles,men,sr:category:785,False,False,"ITF Men"
sr:competition:13179,"ITF Men Ismaning, Germany Men Singles",sr:competition:13177,singles,men,sr:category:785,False,False,"ITF Men"
sr:competition:13181,"ITF Men Ismaning, Germany Men Doubles",sr:competition:13177,doubles,men,sr:category:785,False,False,"ITF Men"
sr:competition:13191,"ITF Women Raipur, India Women Singles",sr:competition:13189,singles,women,sr:category:213,False,False,"ITF Women"
sr:competition:13193,"ITF Women Raipur, India Women Doubles",sr:competition:13189,doubles,women,sr:category:213,False,False,"ITF Women"
sr:competition:13221,"ITF Men Valledupar, Colombia Men Singles",sr:competition:13219,singles,men,sr:category:785,False,False,"ITF Men"
sr:competition:13223,"ITF Men Valledupar, Colombia Men Doubles",sr:competition:13219,doubles,men,sr:category:785,False,False,"ITF Men"
sr:competition:13245,"ITF Men Margarita Island, Venezuela Men Singles",sr:competition:13243,singles,men,sr:category:785,False,False,"ITF Men"
sr:competition:13247,"ITF Men Margarita Island, Venezuela Men Doubles",sr:competition:13243,doubles,men,sr:category:785,False,False,"ITF Men"
sr:competition:13251,"ITF Women Bratislava, Slovakia Women Singles",sr:competition:13249,singles,women,sr:category:213,False,False,"ITF Women"
sr:competition:13253,"ITF Women Bratislava, Slovakia Women Doubles",sr:competition:13249,doubles,women,sr:category:213,False,False,"ITF Women"
sr:competition:13263,"ITF Men La Libertad, El Salvador Men Singles",sr:competition:13261,singles,men,sr:category:785,False,False,"ITF Men"
sr:competition:13265,"ITF Men La Libertad, El Salvador Men Doubles",sr:competition:13261,doubles,men,sr:category:785,False,False,"ITF Men"
sr:competition:13269,"ITF Women Gulbarga, India Women Singles",sr:competition:13267,singles,women,sr:category:213,False,False,"ITF Women"
sr:competition:13271,"ITF Women Gulbarga, India Women Doubles",sr:competition:13267,doubles,women,sr:category:213,False,False,"ITF Women"
sr:competition:13281,"ITF Women Tel Aviv-Ramat Gan, Israel Women Singles",sr:competition:13279,singles,women,sr:category:213,False,False,"ITF Women"
sr:competition:13283,"ITF Women Tel Aviv-Ramat Gan, Israel Women Doubles",sr:competition:13279,doubles,women,sr:category:213,False,False,"ITF Women"
sr:competition:13287,"ITF Men Limassol, Cyprus Men Singles",sr:competition:13285,singles,men,sr:category:785,False,False,"ITF Men"
sr:competition:13289,"ITF Men Limassol, Cyprus Men Doubles",sr:competition:13285,doubles,men,sr:category:785,False,False,"ITF Men"
sr:competition:13305,"ITF Men San Pedro Sula, Honduras Men Singles",sr:competition:13303,singles,men,sr:category:785,False,False,"ITF Men"
sr:competition:13307,"ITF Men San Pedro Sula, Honduras Men Doubles",sr:competition:13303,doubles,men,sr:category:785,False,False,"ITF Men"
sr:competition:13317,"ITF Women Indore, India Women Singles",sr:competition:13315,singles,women,sr:category:213,False,False,"ITF Women"
sr:competition:13319,"ITF Women Indore, India Women Doubles",sr:competition:13315,doubles,women,sr:category:213,False,False,"ITF Women"
sr:competition:13323,"ITF Men Santo Domingo Este, Dominican Republic Men Singles",sr:competition:13321,singles,men,sr:category:785,False,False,"ITF Men"
sr:competition:13325,"ITF Men Santo Domingo Este, Dominican Republic Men Doubles",sr:competition:13321,doubles,men,sr:category:785,False,False,"ITF Men"
sr:competition:13329,"ITF Men Puerto Montt, Chile Men Singles",sr:competition:13327,singles,men,sr:category:785,False,False,"ITF Men"
sr:competition:13331,"ITF Men Puerto Montt, Chile Men Doubles",sr:competition:13327,doubles,men,sr:category:785,False,False,"ITF Men"
sr:competition:13335,"ATP Challenger Mendoza, Argentina Men Singles",sr:competition:13333,singles,men,sr:category:72,False,False,Challenger
sr:competition:13337,"ATP Challenger Mendoza, Argentina Men Doubles",sr:competition:13333,doubles,men,sr:category:72,False,False,Challenger
sr:competition:13341,"ATP Challenger Carilo, Argentina Men Singles",sr:competition:13339,singles,men,sr:category:72,False,False,Challenger
sr:competition:13343,"ATP Challenger Carilo, Argentina Men Doubles",sr:competition:13339,doubles,men,sr:category:72,False,False,Challenger
sr:competition:13347,"ATP Challenger Manila, Philippines Men Singles",sr:competition:13345,singles,men,sr:category:72,False,False,Challenger
sr:competition:13349,"ATP Challenger Manila, Philippines Men Doubles",sr:competition:13345,doubles,men,sr:category:72,False,False,Challenger
sr:competition:13353,"WTA St. Petersburg, Russia Women Singles",sr:competition:13351,singles,women,sr:category:6,False,False,WTA
sr:competition:13355,"WTA St. Petersburg, Russia Women Doubles",sr:competition:13351,doubles,women,sr:category:6,False,False,WTA
sr:competition:13359,"WTA Kaohsiung, Chinese Taipei Women Singles",sr:competition:13357,singles,women,sr:category:6,False,False,WTA
sr:competition:13361,"WTA Kaohsiung, Chinese Taipei Women Doubles",sr:competition:13357,doubles,women,sr:category:6,False,False,WTA
sr:competition:13365,"WTA Rabat, Morocco Women Singles",sr:competition:13363,singles,women,sr:category:6,False,False,WTA
sr:competition:13367,"WTA Rabat, Morocco Women Doubles",sr:competition:13363,doubles,women,sr:category:6,False,False,WTA
sr:competition:13371,"WTA Mallorca, Spain Women Singles",sr:competition:13369,singles,women,sr:category:6,False,False,WTA
sr:competition:13373,"WTA Mallorca, Spain Women Doubles",sr:competition:13369,doubles,women,sr:category:6,False,False,WTA
sr:competition:13377,"WTA Nanchang, China Women Singles",sr:competition:13375,singles,women,sr:category:6,False,False,WTA
sr:competition:13379,"WTA Nanchang, China Women Doubles",sr:competition:13375,doubles,women,sr:category:6,False,False,WTA
sr:competition:13389,"ATP Sofia, Bulgaria Men Singles",sr:competition:13387,singles,men,sr:category:3,False,False,ATP
sr:competition:13391,"ATP Sofia, Bulgaria Men Doubles",sr:competition:13387,doubles,men,sr:category:3,False,False,ATP
sr:competition:13395,"ATP Los Cabos, Mexico Men Singles",sr:competition:13393,singles,men,sr:category:3,False,False,ATP
sr:competition:13397,"ATP Los Cabos, Mexico Men Doubles",sr:competition:13393,doubles,men,sr:category:3,False,False,ATP
sr:competition:13413,"ITF Djibouti 02A, Women Singles",sr:competition:13411,singles,women,sr:category:213,False,False,"ITF Women"
sr:competition:13415,"ITF Djibouti 02A, Women Doubles",sr:competition:13411,doubles,women,sr:category:213,False,False,"ITF Women"
sr:competition:13425,"ITF Men Baku, Azerbaijan Men Singles",sr:competition:13423,singles,men,sr:category:785,False,False,"ITF Men"
sr:competition:13427,"ITF Men Baku, Azerbaijan Men Doubles",sr:competition:13423,doubles,men,sr:category:785,False,False,"ITF Men"
sr:competition:13437,"ITF USA 04A, Women Singles",sr:competition:13435,singles,women,sr:category:213,False,False,"ITF Women"
sr:competition:13439,"ITF USA 04A, Women Doubles",sr:competition:13435,doubles,women,sr:category:213,False,False,"ITF Women"
sr:competition:13443,"ATP Antwerp, Belgium Men Singles",sr:competition:13441,singles,men,sr:category:3,False,False,ATP
sr:competition:13445,"ATP Antwerp, Belgium Men Doubles",sr:competition:13441,doubles,men,sr:category:3,False,False,ATP
sr:competition:13451,"ITF Switzerland F1, Men Doubles",sr:competition:15886,doubles,men,sr:category:785,False,False,"ITF Men"
sr:competition:13479,"ATP Challenger Jonkoping, Sweden Men Singles",sr:competition:13477,singles,men,sr:category:72,False,False,Challenger
sr:competition:13481,"ATP Challenger Jonkoping, Sweden Men Doubles",sr:competition:13477,doubles,men,sr:category:72,False,False,Challenger
sr:competition:13485,"ATP Challenger Zhuhai, China Men Singles",sr:competition:13483,singles,men,sr:category:72,False,False,Challenger
sr:competition:13487,"ATP Challenger Zhuhai, China Men Doubles",sr:competition:13483,doubles,men,sr:category:72,False,False,Challenger
sr:competition:13491,"ATP Challenger Gwangju, Korea Republic Men Singles",sr:competition:13489,singles,men,sr:category:72,False,False,Challenger
sr:competition:13493,"ATP Challenger Gwangju, Korea Republic Men Doubles",sr:competition:13489,doubles,men,sr:category:72,False,False,Challenger
sr:competition:13497,"ATP Challenger Nanjing, China Men Singles",sr:competition:13495,singles,men,sr:category:72,False,False,Challenger
sr:competition:13499,"ATP Challenger Nanjing, China Men Doubles",sr:competition:13495,doubles,men,sr:category:72,False,False,Challenger
sr:competition:13503,"ITF Italy F3, Men Singles",sr:competition:16022,singles,men,sr:category:785,False,False,"ITF Men"
sr:competition:13505,"ITF Italy F3, Men Doubles",sr:competition:16022,doubles,men,sr:category:785,False,False,"ITF Men"
sr:competition:13515,"WTA 125K Bol, Croatia Women Singles",sr:competition:13513,singles,women,sr:category:871,False,False,"WTA 125K"
sr:competition:13517,"WTA 125K Bol, Croatia Women Doubles",sr:competition:13513,doubles,women,sr:category:871,False,False,"WTA 125K"
sr:competition:13527,"WTA 125K San Antonio, USA Women Singles",sr:competition:13525,singles,women,sr:category:871,False,False,"WTA 125K"
sr:competition:13529,"WTA 125K San Antonio, USA Women Doubles",sr:competition:13525,doubles,women,sr:category:871,False,False,"WTA 125K"
sr:competition:13533,"ITF Morocco F5, Men Singles",sr:competition:13531,singles,men,sr:category:785,False,False,"ITF Men"
sr:competition:13535,"ITF Morocco F5, Men Doubles",sr:competition:13531,doubles,men,sr:category:785,False,False,"ITF Men"
sr:competition:13539,"ITF France F7, Men Singles",sr:competition:16072,singles,men,sr:category:785,False,False,"ITF Men"
sr:competition:13541,"ITF France F7, Men Doubles",sr:competition:16072,doubles,men,sr:category:785,False,False,"ITF Men"
sr:competition:13545,"ITF Croatia F4, Men Singles",sr:competition:16094,singles,men,sr:category:785,False,False,"ITF Men"
sr:competition:13547,"ITF Croatia F4, Men Doubles",sr:competition:16094,doubles,men,sr:category:785,False,False,"ITF Men"
sr:competition:13551,"ITF Sweden F5, Men Singles",sr:competition:13549,singles,men,sr:category:785,False,False,"ITF Men"
sr:competition:13553,"ITF Sweden F5, Men Doubles",sr:competition:13549,doubles,men,sr:category:785,False,False,"ITF Men"
sr:competition:13557,"ITF Hong Kong 04A, Women Singles",sr:competition:13555,singles,women,sr:category:213,False,False,"ITF Women"
sr:competition:13559,"ITF Hong Kong 04A, Women Doubles",sr:competition:13555,doubles,women,sr:category:213,False,False,"ITF Women"
sr:competition:13563,"ATP Marrakech, Morocco Men Singles",sr:competition:13561,singles,men,sr:category:3,False,False,ATP
sr:competition:13565,"ATP Marrakech, Morocco Men Doubles",sr:competition:13561,doubles,men,sr:category:3,False,False,ATP
sr:competition:13569,"ITF Mozambique F1, Men Singles",sr:competition:13567,singles,men,sr:category:785,False,False,"ITF Men"
sr:competition:13571,"ITF Mozambique F1, Men Doubles",sr:competition:13567,doubles,men,sr:category:785,False,False,"ITF Men"
sr:competition:13575,"ITF USA F12, Men Singles",sr:competition:17692,singles,men,sr:category:785,False,False,"ITF Men"
sr:competition:13577,"ITF USA F12, Men Doubles",sr:competition:17692,doubles,men,sr:category:785,False,False,"ITF Men"
sr:competition:13581,"ITF Brazil F9, Men Singles",sr:competition:13579,singles,men,sr:category:785,False,False,"ITF Men"
sr:competition:13583,"ITF Brazil F9, Men Doubles",sr:competition:13579,doubles,men,sr:category:785,False,False,"ITF Men"
sr:competition:13587,"ITF Women Lins, Brazil Women Singles",sr:competition:13585,singles,women,sr:category:213,False,False,"ITF Women"
sr:competition:13589,"ITF Women Lins, Brazil Women Doubles",sr:competition:13585,doubles,women,sr:category:213,False,False,"ITF Women"
sr:competition:13593,"ITF Mexico F22, Men Singles",sr:competition:13591,singles,men,sr:category:785,False,False,"ITF Men"
sr:competition:13595,"ITF Mexico F22, Men Doubles",sr:competition:13591,doubles,men,sr:category:785,False,False,"ITF Men"
sr:competition:13599,"ITF Women Bauru, Brazil Women Singles",sr:competition:13597,singles,women,sr:category:213,False,False,"ITF Women"
sr:competition:13601,"ITF Women Bauru, Brazil Women Doubles",sr:competition:13597,doubles,women,sr:category:213,False,False,"ITF Women"
sr:competition:13605,"ITF Georgia 02A, Women Singles",sr:competition:13603,singles,women,sr:category:213,False,False,"ITF Women"
sr:competition:13607,"ITF Georgia 02A, Women Doubles",sr:competition:13603,doubles,women,sr:category:213,False,False,"ITF Women"
sr:competition:13611,"ITF Russia 07A, Women Singles",sr:competition:13609,singles,women,sr:category:213,False,False,"ITF Women"
sr:competition:13613,"ITF Russia 07A, Women Doubles",sr:competition:13609,doubles,women,sr:category:213,False,False,"ITF Women"
sr:competition:13617,"ITF Hungary 03A, Women Singles",sr:competition:13615,singles,women,sr:category:213,False,False,"ITF Women"
sr:competition:13619,"ITF Hungary 03A, Women Doubles",sr:competition:13615,doubles,women,sr:category:213,False,False,"ITF Women"
sr:competition:13623,"ITF Spain 05A, Women Doubles",sr:competition:13621,doubles,women,sr:category:213,False,False,"ITF Women"
sr:competition:13625,"ITF Spain 05A, Women Singles",sr:competition:13621,singles,women,sr:category:213,False,False,"ITF Women"
sr:competition:13639,"ATP Challenger Bastad, Sweden Men Singles",sr:competition:13637,singles,men,sr:category:72,False,False,Challenger
sr:competition:13641,"ATP Challenger Bastad, Sweden Men Doubles",sr:competition:13637,doubles,men,sr:category:72,False,False,Challenger
sr:competition:13645,"ATP Challenger Lyon, France Men Singles",sr:competition:13643,singles,men,sr:category:72,False,False,Challenger
sr:competition:13647,"ATP Challenger Lyon, France Men Doubles",sr:competition:13643,doubles,men,sr:category:72,False,False,Challenger
sr:competition:13651,"ATP Challenger Winnipeg, Canada Men Singles",sr:competition:13649,singles,men,sr:category:72,False,False,Challenger
sr:competition:13653,"ATP Challenger Winnipeg, Canada Men Doubles",sr:competition:13649,doubles,men,sr:category:72,False,False,Challenger
sr:competition:13657,"ITF Portugal F8, Men Singles",sr:competition:18794,singles,men,sr:category:785,False,False,"ITF Men"
sr:competition:13659,"ITF Portugal F8, Men Doubles",sr:competition:18794,doubles,men,sr:category:785,False,False,"ITF Men"
sr:competition:13665,"ITF Bulgaria F1, Men Singles",sr:competition:17984,singles,men,sr:category:785,False,False,"ITF Men"
sr:competition:13667,"ITF Bulgaria F1, Men Doubles",sr:competition:17984,doubles,men,sr:category:785,False,False,"ITF Men"
sr:competition:13671,"ITF Italy F14, Men Singles",sr:competition:18202,singles,men,sr:category:785,False,False,"ITF Men"
sr:competition:13673,"ITF Italy F14, Men Doubles",sr:competition:18202,doubles,men,sr:category:785,False,False,"ITF Men"
sr:competition:13677,"ITF Portugal F9, Men Singles",sr:competition:18980,singles,men,sr:category:785,False,False,"ITF Men"
sr:competition:13679,"ITF Portugal F9, Men Doubles",sr:competition:18980,doubles,men,sr:category:785,False,False,"ITF Men"
sr:competition:13697,"ITF Men Ruse, Bulgaria Men Singles",sr:competition:13695,singles,men,sr:category:785,False,False,"ITF Men"
sr:competition:13699,"ITF Men Ruse, Bulgaria Men Doubles",sr:competition:13695,doubles,men,sr:category:785,False,False,"ITF Men"
sr:competition:13703,"ITF Spain 07A, Women Singles",sr:competition:13701,singles,women,sr:category:213,False,False,"ITF Women"
sr:competition:13705,"ITF Spain 07A, Women Doubles",sr:competition:13701,doubles,women,sr:category:213,False,False,"ITF Women"
sr:competition:13709,"ITF Women Baku, Azerbaijan Women Singles",sr:competition:13707,singles,women,sr:category:213,False,False,"ITF Women"
sr:competition:13711,"ITF Women Baku, Azerbaijan Women Doubles",sr:competition:13707,doubles,women,sr:category:213,False,False,"ITF Women"
sr:competition:13737,"ITF Israel F10, Men Singles",sr:competition:18722,singles,men,sr:category:785,False,False,"ITF Men"
sr:competition:13739,"ITF Israel F10, Men Doubles",sr:competition:18722,doubles,men,sr:category:785,False,False,"ITF Men"
sr:competition:13749,"ITF Israel 03A, Women Singles",sr:competition:13747,singles,women,sr:category:213,False,False,"ITF Women"
sr:competition:13751,"ITF Israel 03A, Women Doubles",sr:competition:13747,doubles,women,sr:category:213,False,False,"ITF Women"
sr:competition:13765,"ITF Japan F7, Men Singles",sr:competition:18528,singles,men,sr:category:785,False,False,"ITF Men"
sr:competition:13767,"ITF Japan F7, Men Doubles",sr:competition:18528,doubles,men,sr:category:785,False,False,"ITF Men"
sr:competition:13773,"ITF Romania F5, Men Singles",sr:competition:18982,singles,men,sr:category:785,False,False,"ITF Men"
sr:competition:13775,"ITF Romania F5, Men Doubles",sr:competition:18982,doubles,men,sr:category:785,False,False,"ITF Men"
sr:competition:13779,"ITF Spain F16, Men Singles",sr:competition:18496,singles,men,sr:category:785,False,False,"ITF Men"
sr:competition:13781,"ITF Spain F16, Men Doubles",sr:competition:18496,doubles,men,sr:category:785,False,False,"ITF Men"
sr:competition:13785,"ITF Poland F3, Men Singles",sr:competition:18978,singles,men,sr:category:785,False,False,"ITF Men"
sr:competition:13787,"ITF Poland F3, Men Doubles",sr:competition:18978,doubles,men,sr:category:785,False,False,"ITF Men"
sr:competition:13801,"ITF Men Buzau, Romania Men Singles",sr:competition:13799,singles,men,sr:category:785,False,False,"ITF Men"
sr:competition:13803,"ITF Men Buzau, Romania Men Doubles",sr:competition:13799,doubles,men,sr:category:785,False,False,"ITF Men"
sr:competition:13807,"ITF Poland F4, Men Singles",sr:competition:19088,singles,men,sr:category:785,False,False,"ITF Men"
sr:competition:13809,"ITF Poland F4, Men Doubles",sr:competition:19088,doubles,men,sr:category:785,False,False,"ITF Men"
sr:competition:13819,"ITF Hungary 05A, Women Singles",sr:competition:13817,singles,women,sr:category:213,False,False,"ITF Women"
sr:competition:13821,"ITF Hungary 05A, Women Doubles",sr:competition:13817,doubles,women,sr:category:213,False,False,"ITF Women"
sr:competition:13825,"ITF Italy 15A, Women Singles",sr:competition:13823,singles,women,sr:category:213,False,False,"ITF Women"
sr:competition:13827,"ITF Italy 15A, Women Doubles",sr:competition:13823,doubles,women,sr:category:213,False,False,"ITF Women"
sr:competition:13831,"ITF Portugal 03A, Women Singles",sr:competition:13829,singles,women,sr:category:213,False,False,"ITF Women"
sr:competition:13833,"ITF Portugal 03A, Women Doubles",sr:competition:13829,doubles,women,sr:category:213,False,False,"ITF Women"
sr:competition:13837,"ITF Turkiye F25, Men Singles",sr:competition:19194,singles,men,sr:category:785,False,False,"ITF Men"
sr:competition:13839,"ITF Turkiye F25, Men Doubles",sr:competition:19194,doubles,men,sr:category:785,False,False,"ITF Men"
sr:competition:13843,"ITF Men Skopje, FYR Macedonia Men Singles",sr:competition:13841,singles,men,sr:category:785,False,False,"ITF Men"
sr:competition:13845,"ITF Men Skopje, FYR Macedonia Men Doubles",sr:competition:13841,doubles,men,sr:category:785,False,False,"ITF Men"
sr:competition:13849,"ITF Korea F2, Men Singles",sr:competition:18530,singles,men,sr:category:785,False,False,"ITF Men"
sr:competition:13851,"ITF Korea F2, Men Doubles",sr:competition:18530,doubles,men,sr:category:785,False,False,"ITF Men"
sr:competition:13855,"ITF Germany F4, Men Singles",sr:competition:18820,singles,men,sr:category:785,False,False,"ITF Men"
sr:competition:13857,"ITF Germany F4, Men Doubles",sr:competition:18820,doubles,men,sr:category:785,False,False,"ITF Men"
sr:competition:13861,"ITF Brazil F5, Men Singles",sr:competition:13859,singles,men,sr:category:785,False,False,"ITF Men"
sr:competition:13863,"ITF Brazil F5, Men Doubles",sr:competition:13859,doubles,men,sr:category:785,False,False,"ITF Men"
sr:competition:13873,"ITF Germany 06A, Women Singles",sr:competition:13871,singles,women,sr:category:213,False,False,"ITF Women"
sr:competition:13875,"ITF Germany 06A, Women Doubles",sr:competition:13871,doubles,women,sr:category:213,False,False,"ITF Women"
sr:competition:13879,"ITF Italy F20, Men Singles",sr:competition:19080,singles,men,sr:category:785,False,False,"ITF Men"
sr:competition:13881,"ITF Italy F20, Men Doubles",sr:competition:19080,doubles,men,sr:category:785,False,False,"ITF Men"
sr:competition:13885,"ITF Germany F5, Men Singles",sr:competition:18952,singles,men,sr:category:785,False,False,"ITF Men"
sr:competition:13887,"ITF Germany F5, Men Doubles",sr:competition:18952,doubles,men,sr:category:785,False,False,"ITF Men"
sr:competition:13897,"ITF Men Piracicaba, Brazil Men Singles",sr:competition:13895,singles,men,sr:category:785,False,False,"ITF Men"
sr:competition:13899,"ITF Men Piracicaba, Brazil Men Doubles",sr:competition:13895,doubles,men,sr:category:785,False,False,"ITF Men"
sr:competition:13929,"ITF Portugal 19A, Women Singles",sr:competition:13927,singles,women,sr:category:213,False,False,"ITF Women"
sr:competition:13931,"ITF Portugal 19A, Women Doubles",sr:competition:13927,doubles,women,sr:category:213,False,False,"ITF Women"
sr:competition:13939,"WTA Gstaad, Switzerland Women Singles",sr:competition:13937,singles,women,sr:category:6,False,False,WTA
sr:competition:13941,"WTA Gstaad, Switzerland Women Doubles",sr:competition:13937,doubles,women,sr:category:6,False,False,WTA
sr:competition:13947,"ITF Italy F21, Men Singles",sr:competition:19124,singles,men,sr:category:785,False,False,"ITF Men"
sr:competition:13949,"ITF Italy F21, Men Doubles",sr:competition:19124,doubles,men,sr:category:785,False,False,"ITF Men"
sr:competition:13959,"ITF China 15A, Women Singles",sr:competition:13957,singles,women,sr:category:213,False,False,"ITF Women"
sr:competition:13961,"ITF China 15A, Women Doubles",sr:competition:13957,doubles,women,sr:category:213,False,False,"ITF Women"
sr:competition:13991,"ITF Spain 09A, Women Singles",sr:competition:13989,singles,women,sr:category:213,False,False,"ITF Women"
sr:competition:13993,"ITF Spain 09A, Women Doubles",sr:competition:13989,doubles,women,sr:category:213,False,False,"ITF Women"
sr:competition:14011,"ITF Men Thu Dau Mot City, Vietnam Men Singles",sr:competition:14009,singles,men,sr:category:785,False,False,"ITF Men"
sr:competition:14013,"ITF Men Thu Dau Mot City, Vietnam Men Doubles",sr:competition:14009,doubles,men,sr:category:785,False,False,"ITF Men"
sr:competition:14017,"ITF Morocco F4, Men Singles",sr:competition:14015,singles,men,sr:category:785,False,False,"ITF Men"
sr:competition:14019,"ITF Morocco F4, Men Doubles",sr:competition:14015,doubles,men,sr:category:785,False,False,"ITF Men"
sr:competition:14023,"ITF Women Malatya, Turkey Women Singles",sr:competition:14021,singles,women,sr:category:213,False,False,"ITF Women"
sr:competition:14025,"ITF Women Malatya, Turkey Women Doubles",sr:competition:14021,doubles,women,sr:category:213,False,False,"ITF Women"
sr:competition:14033,"ITF Italy F24, Men Singles",sr:competition:14031,singles,men,sr:category:785,False,False,"ITF Men"
sr:competition:14035,"ITF Italy F24, Men Doubles",sr:competition:14031,doubles,men,sr:category:785,False,False,"ITF Men"
sr:competition:14055,"ATP Challenger Chengdu, China Men Singles",sr:competition:14053,singles,men,sr:category:72,False,False,Challenger
sr:competition:14057,"ATP Challenger Chengdu, China Men Doubles",sr:competition:14053,doubles,men,sr:category:72,False,False,Challenger
sr:competition:14061,"ATP Challenger Curitiba, Brazil Men Singles",sr:competition:14059,singles,men,sr:category:72,False,False,Challenger
sr:competition:14063,"ATP Challenger Curitiba, Brazil Men Doubles",sr:competition:14059,doubles,men,sr:category:72,False,False,Challenger
sr:competition:14067,"ATP Challenger Fano, Italy Men Singles",sr:competition:14065,singles,men,sr:category:72,False,False,Challenger
sr:competition:14069,"ATP Challenger Fano, Italy Men Doubles",sr:competition:14065,doubles,men,sr:category:72,False,False,Challenger
sr:competition:14073,"ATP Challenger Gatineau, Canada Men Singles",sr:competition:14071,singles,men,sr:category:72,False,False,Challenger
sr:competition:14075,"ATP Challenger Gatineau, Canada Men Doubles",sr:competition:14071,doubles,men,sr:category:72,False,False,Challenger
sr:competition:14079,"ATP Challenger Qingdao, China Men Singles",sr:competition:14077,singles,men,sr:category:72,False,False,Challenger
sr:competition:14081,"ATP Challenger Qingdao, China Men Doubles",sr:competition:14077,doubles,men,sr:category:72,False,False,Challenger
sr:competition:14091,"ITF Morocco F6, Men Singles",sr:competition:14089,singles,men,sr:category:785,False,False,"ITF Men"
sr:competition:14093,"ITF Morocco F6, Men Doubles",sr:competition:14089,doubles,men,sr:category:785,False,False,"ITF Men"
sr:competition:14097,"ITF Finland F1, Men Singles",sr:competition:16686,singles,men,sr:category:785,False,False,"ITF Men"
sr:competition:14099,"ITF Finland F1, Men Doubles",sr:competition:16686,doubles,men,sr:category:785,False,False,"ITF Men"
sr:competition:14127,"ATP Challenger Budapest, Hungary Men Singles",sr:competition:14125,singles,men,sr:category:72,False,False,Challenger
sr:competition:14129,"ATP Challenger Budapest, Hungary Men Doubles",sr:competition:14125,doubles,men,sr:category:72,False,False,Challenger
sr:competition:14133,"ATP Chengdu, China Men Singles",sr:competition:14131,singles,men,sr:category:3,False,False,ATP
sr:competition:14135,"ATP Chengdu, China Men Doubles",sr:competition:14131,doubles,men,sr:category:3,False,False,ATP
sr:competition:14155,"ITF Switzerland F3, Men Singles",sr:competition:17240,singles,men,sr:category:785,False,False,"ITF Men"
sr:competition:14157,"ITF Switzerland F3, Men Doubles",sr:competition:17240,doubles,men,sr:category:785,False,False,"ITF Men"
sr:competition:14171,"ITF Women Slovenska Lupca, Slovakia Women Singles",sr:competition:14169,singles,women,sr:category:213,False,False,"ITF Women"
sr:competition:14173,"ITF Women Slovenska Lupca, Slovakia Women Doubles",sr:competition:14169,doubles,women,sr:category:213,False,False,"ITF Women"
sr:competition:14207,"ITF Indonesia F2, Men Singles",sr:competition:15912,singles,men,sr:category:785,False,False,"ITF Men"
sr:competition:14209,"ITF Indonesia F2, Men Doubles",sr:competition:15912,doubles,men,sr:category:785,False,False,"ITF Men"
sr:competition:14245,"ITF Men St. Petersburg, Russia Men Singles",sr:competition:14243,singles,men,sr:category:785,False,False,"ITF Men"
sr:competition:14247,"ITF Men St. Petersburg, Russia Men Doubles",sr:competition:14243,doubles,men,sr:category:785,False,False,"ITF Men"
sr:competition:14251,"ITF Spain F28, Men Singles",sr:competition:18626,singles,men,sr:category:785,False,False,"ITF Men"
sr:competition:14253,"ITF Spain F28, Men Doubles",sr:competition:18626,doubles,men,sr:category:785,False,False,"ITF Men"
sr:competition:14257,"ITF Netherlands F7, Men Singles",sr:competition:18218,singles,men,sr:category:785,False,False,"ITF Men"
sr:competition:14259,"ITF Netherlands F7, Men Doubles",sr:competition:18218,doubles,men,sr:category:785,False,False,"ITF Men"
sr:competition:14275,"ITF Women Schoonhoven, Netherlands Women Singles",sr:competition:14273,singles,women,sr:category:213,False,False,"ITF Women"
sr:competition:14277,"ITF Women Schoonhoven, Netherlands Women Doubles",sr:competition:14273,doubles,women,sr:category:213,False,False,"ITF Women"
sr:competition:14283,"WTA 125K Honolulu, USA Women Singles",sr:competition:14281,singles,women,sr:category:871,False,False,"WTA 125K"
sr:competition:14285,"WTA 125K Honolulu, USA Women Doubles",sr:competition:14281,doubles,women,sr:category:871,False,False,"WTA 125K"
sr:competition:14289,"ITF Italy F28, Men Singles",sr:competition:18624,singles,men,sr:category:785,False,False,"ITF Men"
sr:competition:14291,"ITF Italy F28, Men Doubles",sr:competition:18624,doubles,men,sr:category:785,False,False,"ITF Men"
sr:competition:14297,"ITF Hungary F5, Men Singles",sr:competition:18792,singles,men,sr:category:785,False,False,"ITF Men"
sr:competition:14299,"ITF Hungary F5, Men Doubles",sr:competition:18792,doubles,men,sr:category:785,False,False,"ITF Men"
sr:competition:14345,"ITF Hungary F6, Men Singles",sr:competition:17492,singles,men,sr:category:785,False,False,"ITF Men"
sr:competition:14347,"ITF Hungary F6, Men Doubles",sr:competition:17492,doubles,men,sr:category:785,False,False,"ITF Men"
sr:competition:14351,"ITF Men Niagara, Canada Men Singles",sr:competition:14349,singles,men,sr:category:785,False,False,"ITF Men"
sr:competition:14353,"ITF Men Niagara, Canada Men Doubles",sr:competition:14349,doubles,men,sr:category:785,False,False,"ITF Men"
sr:competition:14369,"ITF USA F30, Men Singles",sr:competition:19386,singles,men,sr:category:785,False,False,"ITF Men"
sr:competition:14371,"ITF USA F30, Men Doubles",sr:competition:19386,doubles,men,sr:category:785,False,False,"ITF Men"
sr:competition:14375,"ITF Men Kiev, Ukraine Men Singles",sr:competition:14373,singles,men,sr:category:785,False,False,"ITF Men"
sr:competition:14377,"ITF Men Kiev, Ukraine Men Doubles",sr:competition:14373,doubles,men,sr:category:785,False,False,"ITF Men"
sr:competition:14381,"ITF Hungary F8, Men Singles",sr:competition:18646,singles,men,sr:category:785,False,False,"ITF Men"
sr:competition:14383,"ITF Hungary F8, Men Doubles",sr:competition:18646,doubles,men,sr:category:785,False,False,"ITF Men"
sr:competition:14387,"ITF Women Stillwater, USA Women Singles",sr:competition:14385,singles,women,sr:category:213,False,False,"ITF Women"
sr:competition:14389,"ITF Women Stillwater, USA Women Doubles",sr:competition:14385,doubles,women,sr:category:213,False,False,"ITF Women"
sr:competition:14399,"ITF Israel 06A, Women Singles",sr:competition:14397,singles,women,sr:category:213,False,False,"ITF Women"
sr:competition:14401,"ITF Israel 06A, Women Doubles",sr:competition:14397,doubles,women,sr:category:213,False,False,"ITF Women"
sr:competition:14405,"ITF Women Chisinau, Moldova Women Singles",sr:competition:14403,singles,women,sr:category:213,False,False,"ITF Women"
sr:competition:14407,"ITF Women Chisinau, Moldova Women Doubles",sr:competition:14403,doubles,women,sr:category:213,False,False,"ITF Women"
sr:competition:14421,"ATP Challenger Stockton, USA Men Singles",sr:competition:14419,singles,men,sr:category:72,False,False,Challenger
sr:competition:14423,"ATP Challenger Stockton, USA Men Doubles",sr:competition:14419,doubles,men,sr:category:72,False,False,Challenger
sr:competition:14431,"ITF Portugal 07A, Women Doubles",sr:competition:16894,doubles,women,sr:category:213,False,False,"ITF Women"
sr:competition:14433,"ITF Portugal 11A, Women Singles",sr:competition:16718,singles,women,sr:category:213,False,False,"ITF Women"
sr:competition:14435,"ITF Portugal 11A, Women Doubles",sr:competition:16718,doubles,women,sr:category:213,False,False,"ITF Women"
sr:competition:14464,"ITF Men Neiva, Colombia Men Singles",sr:competition:14462,singles,men,sr:category:785,False,False,"ITF Men"
sr:competition:14466,"ITF Men Neiva, Colombia Men Doubles",sr:competition:14462,doubles,men,sr:category:785,False,False,"ITF Men"
sr:competition:14486,"ITF Men Vallduxo, Spain Men Singles",sr:competition:14484,singles,men,sr:category:785,False,False,"ITF Men"
sr:competition:14488,"ITF Men Vallduxo, Spain Men Doubles",sr:competition:14484,doubles,men,sr:category:785,False,False,"ITF Men"
sr:competition:14492,"ITF Men Salinas, Ecuador Men Singles",sr:competition:14490,singles,men,sr:category:785,False,False,"ITF Men"
sr:competition:14494,"ITF Men Salinas, Ecuador Men Doubles",sr:competition:14490,doubles,men,sr:category:785,False,False,"ITF Men"
sr:competition:14498,"ITF USA F34, Men Singles",sr:competition:14496,singles,men,sr:category:785,False,False,"ITF Men"
sr:competition:14500,"ITF USA F34, Men Doubles",sr:competition:14496,doubles,men,sr:category:785,False,False,"ITF Men"
sr:competition:14504,"ITF China 23A, Women Singles",sr:competition:14502,singles,women,sr:category:213,False,False,"ITF Women"
sr:competition:14506,"ITF China 23A, Women Doubles",sr:competition:14502,doubles,women,sr:category:213,False,False,"ITF Women"
sr:competition:14510,"ITF China 24A, Women Singles",sr:competition:14508,singles,women,sr:category:213,False,False,"ITF Women"
sr:competition:14512,"ITF China 24A, Women Doubles",sr:competition:14508,doubles,women,sr:category:213,False,False,"ITF Women"
sr:competition:14516,"ITF Great Britain 10A, Women Singles",sr:competition:14514,singles,women,sr:category:213,False,False,"ITF Women"
sr:competition:14518,"ITF Great Britain 10A, Women Doubles",sr:competition:14514,doubles,women,sr:category:213,False,False,"ITF Women"
sr:competition:14536,"ITF Men Latina, Italy Men Singles",sr:competition:14534,singles,men,sr:category:785,False,False,"ITF Men"
sr:competition:14538,"ITF Men Latina, Italy Men Doubles",sr:competition:14534,doubles,men,sr:category:785,False,False,"ITF Men"
sr:competition:14542,"ITF Men Almeria, Spain Men Singles",sr:competition:14540,singles,men,sr:category:785,False,False,"ITF Men"
sr:competition:14544,"ITF Men Almeria, Spain Men Doubles",sr:competition:14540,doubles,men,sr:category:785,False,False,"ITF Men"
sr:competition:14548,"ITF Great Britain F6, Men Singles",sr:competition:14546,singles,men,sr:category:785,False,False,"ITF Men"
sr:competition:14550,"ITF Great Britain F6, Men Doubles",sr:competition:14546,doubles,men,sr:category:785,False,False,"ITF Men"
sr:competition:14566,"ITF Men Blacktown, Australia Men Singles",sr:competition:14564,singles,men,sr:category:785,False,False,"ITF Men"
sr:competition:14568,"ITF Men Blacktown, Australia Men Doubles",sr:competition:14564,doubles,men,sr:category:785,False,False,"ITF Men"
sr:competition:14572,"ITF Men San Salvador, El Salvador Men Singles",sr:competition:14570,singles,men,sr:category:785,False,False,"ITF Men"
sr:competition:14574,"ITF Men San Salvador, El Salvador Men Doubles",sr:competition:14570,doubles,men,sr:category:785,False,False,"ITF Men"
sr:competition:14584,"ITF Czech Republic F10, Men Singles",sr:competition:14582,singles,men,sr:category:785,False,False,"ITF Men"
sr:competition:14586,"ITF Czech Republic F10, Men Doubles",sr:competition:14582,doubles,men,sr:category:785,False,False,"ITF Men"
sr:competition:14598,"ITF Women Nashville, USA Women Singles",sr:competition:14596,singles,women,sr:category:213,False,False,"ITF Women"
sr:competition:14600,"ITF Women Nashville, USA Women Doubles",sr:competition:14596,doubles,women,sr:category:213,False,False,"ITF Women"
sr:competition:14608,"ITF Italy 35A, Women Singles",sr:competition:14606,singles,women,sr:category:213,False,False,"ITF Women"
sr:competition:14610,"ITF Italy 35A, Women Doubles",sr:competition:14606,doubles,women,sr:category:213,False,False,"ITF Women"
sr:competition:14614,"ITF Men Talca, Chile Men Singles",sr:competition:14933,singles,men,sr:category:785,False,False,"ITF Men"
sr:competition:14616,"ITF Men Talca, Chile Men Doubles",sr:competition:14933,doubles,men,sr:category:785,False,False,"ITF Men"
sr:competition:14648,"ITF Czech Republic F12, Men Singles",sr:competition:14646,singles,men,sr:category:785,False,False,"ITF Men"
sr:competition:14650,"ITF Czech Republic F12, Men Doubles",sr:competition:14646,doubles,men,sr:category:785,False,False,"ITF Men"
sr:competition:14654,"ITF Men Paysandu, Uruguay Men Singles",sr:competition:14652,singles,men,sr:category:785,False,False,"ITF Men"
sr:competition:14656,"ITF Men Paysandu, Uruguay Men Doubles",sr:competition:14652,doubles,men,sr:category:785,False,False,"ITF Men"
sr:competition:14660,"ITF India 05A, Women Singles",sr:competition:14658,singles,women,sr:category:213,False,False,"ITF Women"
sr:competition:14662,"ITF India 05A, Women Doubles",sr:competition:14658,doubles,women,sr:category:213,False,False,"ITF Women"
sr:competition:14666,"AO Asia-Pacific Wildcard Playoff Men Singles",sr:competition:14664,singles,men,sr:category:3,False,False,ATP
sr:competition:14668,"Australian Open Asia-Pacific Wildcard Playoff Men Doubles",sr:competition:14664,doubles,men,sr:category:3,False,False,ATP
sr:competition:14670,"AO Asia-Pacific Wildcard Playoff Women Singles",sr:competition:14664,singles,women,sr:category:6,False,False,WTA
sr:competition:14674,"ATP Challenger Koblenz, Germany Men Singles",sr:competition:14672,singles,men,sr:category:72,False,False,Challenger
sr:competition:14676,"ATP Challenger Koblenz, Germany Men Doubles",sr:competition:14672,doubles,men,sr:category:72,False,False,Challenger
sr:competition:14680,"WTA Taipei, Chinese Taipei Women Singles",sr:competition:14678,singles,women,sr:category:6,False,False,WTA
sr:competition:14682,"WTA Taipei, Chinese Taipei Women Doubles",sr:competition:14678,doubles,women,sr:category:6,False,False,WTA
sr:competition:14690,"AO Asia-Pacific Wildcard Playoff Women Doubles",sr:competition:14664,doubles,women,sr:category:6,False,False,WTA
sr:competition:14700,"AO Australian Wildcard Playoff Men Singles",sr:competition:14698,singles,men,sr:category:3,False,False,ATP
sr:competition:14702,"AO Australian Wildcard Playoff Women Singles",sr:competition:14698,singles,women,sr:category:6,False,False,WTA
sr:competition:14706,"ITF Men Salto, Uruguay Men Singles",sr:competition:14704,singles,men,sr:category:785,False,False,"ITF Men"
sr:competition:14708,"ITF Men Salto, Uruguay Men Doubles",sr:competition:14704,doubles,men,sr:category:785,False,False,"ITF Men"
sr:competition:14710,"AO Australian Wildcard Playoff Women Doubles",sr:competition:14698,doubles,women,sr:category:6,False,False,WTA
sr:competition:14714,"Czech Tennis Extraliga Men Singles",sr:competition:14712,singles,men,sr:category:79,False,False,Exhibition
sr:competition:14722,"ITF Men Mayaguez, Puerto Rico Men Singles",sr:competition:14720,singles,men,sr:category:785,False,False,"ITF Men"
sr:competition:14724,"ITF Men Mayaguez, Puerto Rico Men Doubles",sr:competition:14720,doubles,men,sr:category:785,False,False,"ITF Men"
sr:competition:14738,"ATP Antalya, Turkey Men Singles",sr:competition:14736,singles,men,sr:category:3,False,False,ATP
sr:competition:14740,"ATP Antalya, Turkey Men Doubles",sr:competition:14736,doubles,men,sr:category:3,False,False,ATP
sr:competition:14744,"ATP Budapest, Hungary Men Singles",sr:competition:14742,singles,men,sr:category:3,False,False,ATP
sr:competition:14746,"ATP Budapest, Hungary Men Doubles",sr:competition:14742,doubles,men,sr:category:3,False,False,ATP
sr:competition:14754,"Next Gen ATP Finals Men Singles",sr:competition:14752,singles,men,sr:category:3,False,False,ATP
sr:competition:14776,"WTA Biel, Switzerland Women Singles",sr:competition:14774,singles,women,sr:category:6,False,False,WTA
sr:competition:14778,"WTA Biel, Switzerland Women Doubles",sr:competition:14774,doubles,women,sr:category:6,False,False,WTA
sr:competition:14782,"ATP Challenger San Francisco, USA Men Singles",sr:competition:14780,singles,men,sr:category:72,False,False,Challenger
sr:competition:14784,"ATP Challenger San Francisco, USA Men Doubles",sr:competition:14780,doubles,men,sr:category:72,False,False,Challenger
sr:competition:14788,"ATP Challenger Tempe, USA Men Singles",sr:competition:14786,singles,men,sr:category:72,False,False,Challenger
sr:competition:14790,"ATP Challenger Tempe, USA Men Doubles",sr:competition:14786,doubles,men,sr:category:72,False,False,Challenger
sr:competition:14794,"ATP Challenger Quanzhou, China Men Singles",sr:competition:14792,singles,men,sr:category:72,False,False,Challenger
sr:competition:14796,"ATP Challenger Quanzhou, China Men Doubles",sr:competition:14792,doubles,men,sr:category:72,False,False,Challenger
sr:competition:14814,"Juniors AO, Melbourne, Australia Men Singles",sr:competition:14812,singles,men,sr:category:1474,False,False,Juniors
sr:competition:14816,"Juniors AO, Melbourne, Australia Men Doubles",sr:competition:14812,doubles,men,sr:category:1474,False,False,Juniors
sr:competition:14818,"Juniors AO, Melbourne, Australia Women Singles",sr:competition:14812,singles,women,sr:category:1474,False,False,Juniors
sr:competition:14820,"Juniors AO, Melbourne, Australia Women Doubles",sr:competition:14812,doubles,women,sr:category:1474,False,False,Juniors
sr:competition:14824,"Wheelchairs AO, Melbourne, Australia Men Singles",sr:competition:14822,singles,men,sr:category:1476,False,False,Wheelchairs
sr:competition:14826,"Wheelchairs AO, Melbourne, Australia Men Doubles",sr:competition:14822,doubles,men,sr:category:1476,False,False,Wheelchairs
sr:competition:14828,"Wheelchairs AO, Melbourne, Australia Women Singles",sr:competition:14822,singles,women,sr:category:1476,False,False,Wheelchairs
sr:competition:14830,"Wheelchairs AO, Melbourne, Australia Women Doubles",sr:competition:14822,doubles,women,sr:category:1476,False,False,Wheelchairs
sr:competition:14834,"Legends AO, Melbourne, Australia Men Doubles",sr:competition:14832,doubles,men,sr:category:1475,False,False,Legends
sr:competition:14840,"Exhibition Kooyong Classic Men Singles",sr:competition:14838,singles,men,sr:category:79,False,False,Exhibition
sr:competition:14854,"Legends AO, Melbourne, Australia Women Doubles",sr:competition:14832,doubles,women,sr:category:1475,False,False,Legends
sr:competition:14888,"ITF Spain 02A, Women Singles",sr:competition:14886,singles,women,sr:category:213,False,False,"ITF Women"
sr:competition:14890,"ITF Spain 02A, Women Doubles",sr:competition:14886,doubles,women,sr:category:213,False,False,"ITF Women"
sr:competition:14907,"ITF Switzerland F2, Men Singles",sr:competition:15902,singles,men,sr:category:785,False,False,"ITF Men"
sr:competition:14909,"ITF Switzerland F2, Men Doubles",sr:competition:15902,doubles,men,sr:category:785,False,False,"ITF Men"
sr:competition:14913,"ITF USA F9, Men Singles",sr:competition:15956,singles,men,sr:category:785,False,False,"ITF Men"
sr:competition:14915,"ITF USA F9, Men Doubles",sr:competition:15956,doubles,men,sr:category:785,False,False,"ITF Men"
sr:competition:14919,"ITF Italy 01B, Women Singles",sr:competition:14917,singles,women,sr:category:213,False,False,"ITF Women"
sr:competition:14921,"ITF Italy 01B, Women Doubles",sr:competition:14917,doubles,women,sr:category:213,False,False,"ITF Women"
sr:competition:14939,"ITF India F2, Men Doubles",sr:competition:15926,doubles,men,sr:category:785,False,False,"ITF Men"
sr:competition:14941,"ITF India F2, Men Singles",sr:competition:15926,singles,men,sr:category:785,False,False,"ITF Men"
sr:competition:14945,"ITF Spain F6, Men Singles",sr:competition:15930,singles,men,sr:category:785,False,False,"ITF Men"
sr:competition:14947,"ITF Spain F6, Men Doubles",sr:competition:15930,doubles,men,sr:category:785,False,False,"ITF Men"
sr:competition:14967,"ITF India F3, Men Singles",sr:competition:15948,singles,men,sr:category:785,False,False,"ITF Men"
sr:competition:14969,"ITF India F3, Men Doubles",sr:competition:15948,doubles,men,sr:category:785,False,False,"ITF Men"
sr:competition:14973,"ITF India 01A, Women Doubles",sr:competition:14971,doubles,women,sr:category:213,False,False,"ITF Women"
sr:competition:14975,"ITF India 01A, Women Singles",sr:competition:14971,singles,women,sr:category:213,False,False,"ITF Women"
sr:competition:14995,"ITF India F4, Men Singles",sr:competition:16020,singles,men,sr:category:785,False,False,"ITF Men"
sr:competition:14997,"ITF India F4, Men Doubles",sr:competition:16020,doubles,men,sr:category:785,False,False,"ITF Men"
sr:competition:15001,"ITF Turkey F21, Men Singles",sr:competition:18432,singles,men,sr:category:785,False,False,"ITF Men"
sr:competition:15003,"ITF Turkey F21, Men Doubles",sr:competition:18432,doubles,men,sr:category:785,False,False,"ITF Men"
sr:competition:15015,"ITF Japan 01B, Women Singles",sr:competition:15013,singles,women,sr:category:213,False,False,"ITF Women"
sr:competition:15017,"ITF Japan 01B, Women Doubles",sr:competition:15013,doubles,women,sr:category:213,False,False,"ITF Women"
sr:competition:15023,"ITF Australia F2, Men Singles",sr:competition:16032,singles,men,sr:category:785,False,False,"ITF Men"
sr:competition:15025,"ITF Australia F2, Men Doubles",sr:competition:16032,doubles,men,sr:category:785,False,False,"ITF Men"
sr:competition:15033,"ITF Portugal F3, Men Singles",sr:competition:16052,singles,men,sr:category:785,False,False,"ITF Men"
sr:competition:15035,"ITF Portugal F3, Men Doubles",sr:competition:16052,doubles,men,sr:category:785,False,False,"ITF Men"
sr:competition:15041,"ATP Challenger Sophia Antipolis, France Men Singles",sr:competition:15039,singles,men,sr:category:72,False,False,Challenger
sr:competition:15043,"ATP Challenger Sophia Antipolis, France Men Doubles",sr:competition:15039,doubles,men,sr:category:72,False,False,Challenger
sr:competition:15047,"ATP Challenger Francavilla, Italy Men Singles",sr:competition:15045,singles,men,sr:category:72,False,False,Challenger
sr:competition:15049,"ATP Challenger Francavilla, Italy Men Doubles",sr:competition:15045,doubles,men,sr:category:72,False,False,Challenger
sr:competition:15053,"ATP Challenger Lisbon, Portugal Men Singles",sr:competition:15051,singles,men,sr:category:72,False,False,Challenger
sr:competition:15055,"ATP Challenger Lisbon, Portugal Men Doubles",sr:competition:15051,doubles,men,sr:category:72,False,False,Challenger
sr:competition:15059,"ATP Challenger Shymkent, Kazakhstan Men Singles",sr:competition:15057,singles,men,sr:category:72,False,False,Challenger
sr:competition:15061,"ATP Challenger Shymkent, Kazakhstan Men Doubles",sr:competition:15057,doubles,men,sr:category:72,False,False,Challenger
sr:competition:15071,"ITF Spain F7, Men Singles",sr:competition:16054,singles,men,sr:category:785,False,False,"ITF Men"
sr:competition:15073,"ITF Spain F7, Men Doubles",sr:competition:16054,doubles,men,sr:category:785,False,False,"ITF Men"
sr:competition:15077,"ITF USA 08A, Women Singles",sr:competition:15075,singles,women,sr:category:213,False,False,"ITF Women"
sr:competition:15079,"ITF USA 08A, Women Doubles",sr:competition:15075,doubles,women,sr:category:213,False,False,"ITF Women"
sr:competition:15087,"ATP Challenger Prague 2, Czech Republic Men Doubles",sr:competition:15085,doubles,men,sr:category:72,False,False,Challenger
sr:competition:15089,"ATP Challenger Prague 2, Czech Republic Men Singles",sr:competition:15085,singles,men,sr:category:72,False,False,Challenger
sr:competition:15109,"ITF India F6, Men Singles",sr:competition:16076,singles,men,sr:category:785,False,False,"ITF Men"
sr:competition:15111,"ITF India F6, Men Doubles",sr:competition:16076,doubles,men,sr:category:785,False,False,"ITF Men"
sr:competition:15115,"ITF Portugal 01A, Women Singles",sr:competition:15113,singles,women,sr:category:213,False,False,"ITF Women"
sr:competition:15117,"ITF Portugal 01A, Women Doubles",sr:competition:15113,doubles,women,sr:category:213,False,False,"ITF Women"
sr:competition:15141,"ITF China F5, Men Singles",sr:competition:17768,singles,men,sr:category:785,False,False,"ITF Men"
sr:competition:15151,"ITF China F5, Men Doubles",sr:competition:17768,doubles,men,sr:category:785,False,False,"ITF Men"
sr:competition:15191,"WTA 125K, Zhengzhou, China Women Singles",sr:competition:15189,singles,women,sr:category:871,False,False,"WTA 125K"
sr:competition:15193,"WTA 125K, Zhengzhou, China Women Doubles",sr:competition:15189,doubles,women,sr:category:871,False,False,"WTA 125K"
sr:competition:15215,"ITF Portugal F7, Men Singles",sr:competition:17876,singles,men,sr:category:785,False,False,"ITF Men"
sr:competition:15217,"ITF Portugal F7, Men Doubles",sr:competition:17876,doubles,men,sr:category:785,False,False,"ITF Men"
sr:competition:15247,"ITF Mexico F2, Men Singles",sr:competition:17950,singles,men,sr:category:785,False,False,"ITF Men"
sr:competition:15249,"ITF Mexico F2, Men Doubles",sr:competition:17950,doubles,men,sr:category:785,False,False,"ITF Men"
sr:competition:15263,"ITF Greece F1, Men Singles",sr:competition:15261,singles,men,sr:category:785,False,False,"ITF Men"
sr:competition:15265,"ITF Greece F1, Men Doubles",sr:competition:15261,doubles,men,sr:category:785,False,False,"ITF Men"
sr:competition:15289,"ITF Hungary F1, Men Singles",sr:competition:17992,singles,men,sr:category:785,False,False,"ITF Men"
sr:competition:15291,"ITF Hungary F1, Men Doubles",sr:competition:17992,doubles,men,sr:category:785,False,False,"ITF Men"
sr:competition:15295,"ITF Italy F12, Men Singles",sr:competition:17970,singles,men,sr:category:785,False,False,"ITF Men"
sr:competition:15297,"ITF Italy F12, Men Doubles",sr:competition:17970,doubles,men,sr:category:785,False,False,"ITF Men"
sr:competition:15305,"ITF Hungary 02A, Women Singles",sr:competition:15303,singles,women,sr:category:213,False,False,"ITF Women"
sr:competition:15307,"ITF Hungary 02A, Women Doubles",sr:competition:15303,doubles,women,sr:category:213,False,False,"ITF Women"
sr:competition:15317,"ITF Mexico F1, Men Singles",sr:competition:15315,singles,men,sr:category:785,False,False,"ITF Men"
sr:competition:15319,"ITF Mexico F1, Men Doubles",sr:competition:15315,doubles,men,sr:category:785,False,False,"ITF Men"
sr:competition:15349,"ITF Vietnam F4, Men Singles",sr:competition:15347,singles,men,sr:category:785,False,False,"ITF Men"
sr:competition:15351,"ITF Vietnam F4, Men Doubles",sr:competition:15347,doubles,men,sr:category:785,False,False,"ITF Men"
sr:competition:15355,"ITF Singapore F3, Men Singles",sr:competition:18532,singles,men,sr:category:785,False,False,"ITF Men"
sr:competition:15357,"ITF Singapore F3, Men Doubles",sr:competition:18532,doubles,men,sr:category:785,False,False,"ITF Men"
sr:competition:15361,"ITF Argentina 01A, Women Singles",sr:competition:15359,singles,women,sr:category:213,False,False,"ITF Women"
sr:competition:15363,"ITF Argentina 01A, Women Doubles",sr:competition:15359,doubles,women,sr:category:213,False,False,"ITF Women"
sr:competition:15367,"ITF China 10A, Women Singles",sr:competition:15365,singles,women,sr:category:213,False,False,"ITF Women"
sr:competition:15369,"ITF China 10A, Women Doubles",sr:competition:15365,doubles,women,sr:category:213,False,False,"ITF Women"
sr:competition:15373,"ITF Portugal 04A, Women Singles",sr:competition:15371,singles,women,sr:category:213,False,False,"ITF Women"
sr:competition:15375,"ITF Portugal 04A, Women Doubles",sr:competition:15371,doubles,women,sr:category:213,False,False,"ITF Women"
sr:competition:15387,"ITF Greece F2, Men Singles",sr:competition:16042,singles,men,sr:category:785,False,False,"ITF Men"
sr:competition:15389,"ITF Greece F2, Men Doubles",sr:competition:16042,doubles,men,sr:category:785,False,False,"ITF Men"
sr:competition:15393,"ITF Men San Jose, Costa Rica Men Singles",ROOT,singles,men,sr:category:785,True,False,"ITF Men"
sr:competition:15395,"ITF Men San Jose, Costa Rica Men Doubles",ROOT,doubles,men,sr:category:785,True,False,"ITF Men"
sr:competition:15399,"Juniors French Open, Paris, France Men Singles",sr:competition:15397,singles,men,sr:category:1474,False,False,Juniors
sr:competition:15401,"Juniors French Open, Paris, France Men Doubles",sr:competition:15397,doubles,men,sr:category:1474,False,False,Juniors
sr:competition:15403,"Juniors French Open, Paris, France Women Singles",sr:competition:15397,singles,women,sr:category:1474,False,False,Juniors
sr:competition:15405,"Juniors French Open, Paris, France Women Doubles",sr:competition:15397,doubles,women,sr:category:1474,False,False,Juniors
sr:competition:15409,"Wheelchairs French Open, Paris, France Men Singles",sr:competition:15407,singles,men,sr:category:1476,False,False,Wheelchairs
sr:competition:15411,"Wheelchairs French Open, Paris, France Men Doubles",sr:competition:15407,doubles,men,sr:category:1476,False,False,Wheelchairs
sr:competition:15413,"Wheelchairs French Open, Paris, France Women Singles",sr:competition:15407,singles,women,sr:category:1476,False,False,Wheelchairs
sr:competition:15415,"Wheelchairs French Open, Paris, France Women Doubles",sr:competition:15407,doubles,women,sr:category:1476,False,False,Wheelchairs
sr:competition:15419,"Legends French Open, Paris, France Men Doubles",sr:competition:15417,doubles,men,sr:category:1475,False,False,Legends
sr:competition:15421,"Legends French Open, Paris, France Women Doubles",sr:competition:15417,doubles,women,sr:category:1475,False,False,Legends
sr:competition:15435,"ITF Portugal 05A, Women Singles",sr:competition:15433,singles,women,sr:category:213,False,False,"ITF Women"
sr:competition:15437,"ITF Portugal 05A, Women Doubles",sr:competition:15433,doubles,women,sr:category:213,False,False,"ITF Women"
sr:competition:15452,"ITF Portugal 06A, Women Singles",sr:competition:15450,singles,women,sr:category:213,False,False,"ITF Women"
sr:competition:15454,"ITF Portugal 06A, Women Doubles",sr:competition:15450,doubles,women,sr:category:213,False,False,"ITF Women"
sr:competition:15458,"ITF Czechia 01A, Women Singles",sr:competition:15456,singles,women,sr:category:213,False,False,"ITF Women"
sr:competition:15460,"ITF Czechia 01A, Women Doubles",sr:competition:15456,doubles,women,sr:category:213,False,False,"ITF Women"
sr:competition:15476,"ITF Mexico F21, Men Singles",sr:competition:25099,singles,men,sr:category:785,False,False,"ITF Men"
sr:competition:15478,"ITF Mexico F21, Men Doubles",sr:competition:25099,doubles,men,sr:category:785,False,False,"ITF Men"
sr:competition:15482,"ITF Romania 01A, Women Singles",sr:competition:15480,singles,women,sr:category:213,False,False,"ITF Women"
sr:competition:15484,"ITF Romania 01A, Women Doubles",sr:competition:15480,doubles,women,sr:category:213,False,False,"ITF Women"
sr:competition:15514,"ITF Poland F2, Men Singles",sr:competition:18858,singles,men,sr:category:785,False,False,"ITF Men"
sr:competition:15516,"ITF Poland F2, Men Doubles",sr:competition:18858,doubles,men,sr:category:785,False,False,"ITF Men"
sr:competition:15520,"ITF Hungary 04A, Women Singles",sr:competition:15518,singles,women,sr:category:213,False,False,"ITF Women"
sr:competition:15522,"ITF Hungary 04A, Women Doubles",sr:competition:15518,doubles,women,sr:category:213,False,False,"ITF Women"
sr:competition:15578,"ITF China F10, Men Singles",sr:competition:18920,singles,men,sr:category:785,False,False,"ITF Men"
sr:competition:15580,"ITF China F10, Men Doubles",sr:competition:18920,doubles,men,sr:category:785,False,False,"ITF Men"
sr:competition:15584,"ITF Poland F5, Men Singles",sr:competition:19190,singles,men,sr:category:785,False,False,"ITF Men"
sr:competition:15586,"ITF Poland F5, Men Doubles",sr:competition:19190,doubles,men,sr:category:785,False,False,"ITF Men"
sr:competition:15590,"ITF USA 20A, Women Doubles",sr:competition:15588,doubles,women,sr:category:213,False,False,"ITF Women"
sr:competition:15592,"ITF USA 20A, Women Singles",sr:competition:15588,singles,women,sr:category:213,False,False,"ITF Women"
sr:competition:15596,"ITF Belgium 03A, Women Singles",sr:competition:15594,singles,women,sr:category:213,False,False,"ITF Women"
sr:competition:15598,"ITF Belgium 03A, Women Doubles",sr:competition:15594,doubles,women,sr:category:213,False,False,"ITF Women"
sr:competition:15602,"ITF Sweden 03A, Women Singles",sr:competition:15600,singles,women,sr:category:213,False,False,"ITF Women"
sr:competition:15604,"ITF Sweden 03A, Women Doubles",sr:competition:15600,doubles,women,sr:category:213,False,False,"ITF Women"
sr:competition:15608,"ITF Great Britain 11A, Women Singles",sr:competition:15606,singles,women,sr:category:213,False,False,"ITF Women"
sr:competition:15610,"ITF Great Britain 11A, Women Doubles",sr:competition:15606,doubles,women,sr:category:213,False,False,"ITF Women"
sr:competition:15628,"ATP Challenger Jinan, China Men Singles",sr:competition:15626,singles,men,sr:category:72,False,False,Challenger
sr:competition:15630,"ATP Challenger Jinan, China Men Doubles",sr:competition:15626,doubles,men,sr:category:72,False,False,Challenger
sr:competition:15660,"Juniors Wimbledon, London, GB Women Singles",sr:competition:15658,singles,women,sr:category:1474,False,False,Juniors
sr:competition:15664,"Legends Wimbledon, London, GB Men Doubles",sr:competition:15662,doubles,men,sr:category:1475,False,False,Legends
sr:competition:15666,"Legends Wimbledon, London, GB Women Doubles",sr:competition:15662,doubles,women,sr:category:1475,False,False,Legends
sr:competition:15670,"Wheelchairs Wimbledon, London, GB Men Singles",sr:competition:15668,singles,men,sr:category:1476,False,False,Wheelchairs
sr:competition:15672,"Wheelchairs Wimbledon, London, GB Men Doubles",sr:competition:15668,doubles,men,sr:category:1476,False,False,Wheelchairs
sr:competition:15674,"Wheelchairs Wimbledon, London, GB Women Singles",sr:competition:15668,singles,women,sr:category:1476,False,False,Wheelchairs
sr:competition:15676,"Wheelchairs Wimbledon, London, GB Women Doubles",sr:competition:15668,doubles,women,sr:category:1476,False,False,Wheelchairs
sr:competition:15678,"Juniors Wimbledon, London, GB Men Singles",sr:competition:15658,singles,men,sr:category:1474,False,False,Juniors
sr:competition:15680,"Juniors Wimbledon, London, GB Men Doubles",sr:competition:15658,doubles,men,sr:category:1474,False,False,Juniors
sr:competition:15682,"Juniors Wimbledon, London, GB Women Doubles",sr:competition:15658,doubles,women,sr:category:1474,False,False,Juniors
sr:competition:15686,"ITF Portugal F10, Men Singles",sr:competition:19092,singles,men,sr:category:785,False,False,"ITF Men"
sr:competition:15688,"ITF Portugal F10, Men Doubles",sr:competition:19092,doubles,men,sr:category:785,False,False,"ITF Men"
sr:competition:15742,"ITF USA F1, Men Singles",sr:competition:15702,singles,men,sr:category:785,False,False,"ITF Men"
sr:competition:15744,"ITF USA F1, Men Doubles",sr:competition:15702,doubles,men,sr:category:785,False,False,"ITF Men"
sr:competition:15746,"ITF Hong Kong F6, Men Singles",sr:competition:15704,singles,men,sr:category:785,False,False,"ITF Men"
sr:competition:15748,"ITF Hong Kong F6, Men Doubles",sr:competition:15704,doubles,men,sr:category:785,False,False,"ITF Men"
sr:competition:15750,"ITF USA F2, Men Singles",sr:competition:15706,singles,men,sr:category:785,False,False,"ITF Men"
sr:competition:15752,"ITF USA F2, Men Doubles",sr:competition:15706,doubles,men,sr:category:785,False,False,"ITF Men"
sr:competition:15754,"ITF France F1, Men Singles",sr:competition:15708,singles,men,sr:category:785,False,False,"ITF Men"
sr:competition:15756,"ITF France F1, Men Doubles",sr:competition:15708,doubles,men,sr:category:785,False,False,"ITF Men"
sr:competition:15758,"ITF Germany F1, Men Singles",sr:competition:15710,singles,men,sr:category:785,False,False,"ITF Men"
sr:competition:15760,"ITF Germany F1, Men Doubles",sr:competition:15710,doubles,men,sr:category:785,False,False,"ITF Men"
sr:competition:15762,"ITF Tunisia F1, Men Singles",sr:competition:15712,singles,men,sr:category:785,False,False,"ITF Men"
sr:competition:15764,"ITF Tunisia F1, Men Doubles",sr:competition:15712,doubles,men,sr:category:785,False,False,"ITF Men"
sr:competition:15766,"ITF Turkey F1, Men Singles",sr:competition:15714,singles,men,sr:category:785,False,False,"ITF Men"
sr:competition:15768,"ITF Turkey F1, Men Doubles",sr:competition:15714,doubles,men,sr:category:785,False,False,"ITF Men"
sr:competition:15770,"ITF USA F3, Men Singles",sr:competition:15716,singles,men,sr:category:785,False,False,"ITF Men"
sr:competition:15772,"ITF USA F3, Men Doubles",sr:competition:15716,doubles,men,sr:category:785,False,False,"ITF Men"
sr:competition:15774,"ITF Egypt F1, Men Singles",sr:competition:15718,singles,men,sr:category:785,False,False,"ITF Men"
sr:competition:15776,"ITF Egypt F1, Men Doubles",sr:competition:15718,doubles,men,sr:category:785,False,False,"ITF Men"
sr:competition:15778,"ITF France F2, Men Singles",sr:competition:15720,singles,men,sr:category:785,False,False,"ITF Men"
sr:competition:15780,"ITF France F2, Men Doubles",sr:competition:15720,doubles,men,sr:category:785,False,False,"ITF Men"
sr:competition:15782,"ITF Germany F2, Men Singles",sr:competition:15722,singles,men,sr:category:785,False,False,"ITF Men"
sr:competition:15784,"ITF Germany F2, Men Doubles",sr:competition:15722,doubles,men,sr:category:785,False,False,"ITF Men"
sr:competition:15786,"ITF Spain F1, Men Singles",sr:competition:15724,singles,men,sr:category:785,False,False,"ITF Men"
sr:competition:15788,"ITF Spain F1, Men Doubles",sr:competition:15724,doubles,men,sr:category:785,False,False,"ITF Men"
sr:competition:15790,"ITF Tunisia F2, Men Singles",sr:competition:15726,singles,men,sr:category:785,False,False,"ITF Men"
sr:competition:15792,"ITF Tunisia F2, Men Doubles",sr:competition:15726,doubles,men,sr:category:785,False,False,"ITF Men"
sr:competition:15794,"ITF Turkey F2, Men Singles",sr:competition:15728,singles,men,sr:category:785,False,False,"ITF Men"
sr:competition:15796,"ITF Turkey F2, Men Doubles",sr:competition:15728,doubles,men,sr:category:785,False,False,"ITF Men"
sr:competition:15798,"ITF USA F4, Men Singles",sr:competition:15730,singles,men,sr:category:785,False,False,"ITF Men"
sr:competition:15800,"ITF USA F4, Men Doubles",sr:competition:15730,doubles,men,sr:category:785,False,False,"ITF Men"
sr:competition:15802,"ITF Germany F3, Men Singles",sr:competition:15732,singles,men,sr:category:785,False,False,"ITF Men"
sr:competition:15804,"ITF Germany F3, Men Doubles",sr:competition:15732,doubles,men,sr:category:785,False,False,"ITF Men"
sr:competition:15806,"ITF Kazakhstan F1, Men Singles",sr:competition:15734,singles,men,sr:category:785,False,False,"ITF Men"
sr:competition:15808,"ITF Kazakhstan F1, Men Doubles",sr:competition:15734,doubles,men,sr:category:785,False,False,"ITF Men"
sr:competition:15810,"ITF Egypt F2, Men Singles",sr:competition:15736,singles,men,sr:category:785,False,False,"ITF Men"
sr:competition:15812,"ITF Egypt F2, Men Doubles",sr:competition:15736,doubles,men,sr:category:785,False,False,"ITF Men"
sr:competition:15814,"ITF France F3, Men Singles",sr:competition:15738,singles,men,sr:category:785,False,False,"ITF Men"
sr:competition:15816,"ITF France F3, Men Doubles",sr:competition:15738,doubles,men,sr:category:785,False,False,"ITF Men"
sr:competition:15818,"ITF Spain F2, Men Singles",sr:competition:15740,singles,men,sr:category:785,False,False,"ITF Men"
sr:competition:15820,"ITF Spain F2, Men Doubles",sr:competition:15740,doubles,men,sr:category:785,False,False,"ITF Men"
sr:competition:15842,"ITF Tunisia F3, Men Singles",sr:competition:15838,singles,men,sr:category:785,False,False,"ITF Men"
sr:competition:15844,"ITF Tunisia F3, Men Doubles",sr:competition:15838,doubles,men,sr:category:785,False,False,"ITF Men"
sr:competition:15846,"ITF Turkey F3, Men Singles",sr:competition:15840,singles,men,sr:category:785,False,False,"ITF Men"
sr:competition:15848,"ITF Turkey F3, Men Doubles",sr:competition:15840,doubles,men,sr:category:785,False,False,"ITF Men"
sr:competition:15852,"ITF Belgium F4, Men Singles",sr:competition:19152,singles,men,sr:category:785,False,False,"ITF Men"
sr:competition:15854,"ITF Belgium F4, Men Doubles",sr:competition:19152,doubles,men,sr:category:785,False,False,"ITF Men"
sr:competition:15858,"ITF Portugal F11, Men Singles",sr:competition:19192,singles,men,sr:category:785,False,False,"ITF Men"
sr:competition:15860,"ITF Portugal F11, Men Doubles",sr:competition:19192,doubles,men,sr:category:785,False,False,"ITF Men"
sr:competition:15864,"ITF USA F5, Men Singles",sr:competition:15960,singles,men,sr:category:785,False,False,"ITF Men"
sr:competition:15866,"ITF USA F5, Men Doubles",sr:competition:15960,doubles,men,sr:category:785,False,False,"ITF Men"
sr:competition:15872,"ITF Kazakhstan F2, Men Singles",sr:competition:15980,singles,men,sr:category:785,False,False,"ITF Men"
sr:competition:15874,"ITF Kazakhstan F2, Men Doubles",sr:competition:15980,doubles,men,sr:category:785,False,False,"ITF Men"
sr:competition:15876,"ITF Egypt F3, Men Singles",sr:competition:15964,singles,men,sr:category:785,False,False,"ITF Men"
sr:competition:15878,"ITF Egypt F3, Men Doubles",sr:competition:15964,doubles,men,sr:category:785,False,False,"ITF Men"
sr:competition:15950,"ITF Portugal F1, Men Doubles",sr:competition:16124,doubles,men,sr:category:785,False,False,"ITF Men"
sr:competition:15990,"ITF Turkey F4, Men Singles",sr:competition:15972,singles,men,sr:category:785,False,False,"ITF Men"
sr:competition:15992,"ITF USA F6, Men Singles",sr:competition:15974,singles,men,sr:category:785,False,False,"ITF Men"
sr:competition:15994,"ITF Switzerland F1, Men Singles",sr:competition:15886,singles,men,sr:category:785,False,False,"ITF Men"
sr:competition:15996,"ITF Egypt F4, Men Singles",sr:competition:15888,singles,men,sr:category:785,False,False,"ITF Men"
sr:competition:15998,"ITF Great Britain F2, Men Singles",sr:competition:15890,singles,men,sr:category:785,False,False,"ITF Men"
sr:competition:16000,"ITF Indonesia F1, Men Singles",sr:competition:15892,singles,men,sr:category:785,False,False,"ITF Men"
sr:competition:16002,"ITF Spain F4, Men Doubles",sr:competition:15894,doubles,men,sr:category:785,False,False,"ITF Men"
sr:competition:16004,"ITF Tunisia F5, Men Singles",sr:competition:15898,singles,men,sr:category:785,False,False,"ITF Men"
sr:competition:16006,"ITF Turkey F5, Men Singles",sr:competition:15900,singles,men,sr:category:785,False,False,"ITF Men"
sr:competition:16120,"ITF Egypt F7, Men Singles",sr:competition:15946,singles,men,sr:category:785,False,False,"ITF Men"
sr:competition:16126,"ITF Tunisia F8, Men Singles",sr:competition:15952,singles,men,sr:category:785,False,False,"ITF Men"
sr:competition:16128,"ITF Turkey F8, Men Singles",sr:competition:15954,singles,men,sr:category:785,False,False,"ITF Men"
sr:competition:16144,"ITF Great Britain F1, Men Singles",sr:competition:15984,singles,men,sr:category:785,False,False,"ITF Men"
sr:competition:16146,"ITF Great Britain F1, Men Doubles",sr:competition:15984,doubles,men,sr:category:785,False,False,"ITF Men"
sr:competition:16150,"ITF China F13, Men Singles",sr:competition:16148,singles,men,sr:category:785,False,False,"ITF Men"
sr:competition:16152,"ITF China F13, Men Doubles",sr:competition:16148,doubles,men,sr:category:785,False,False,"ITF Men"
sr:competition:16156,"ITF Czech Republic F6, Men Singles",sr:competition:16154,singles,men,sr:category:785,False,False,"ITF Men"
sr:competition:16158,"ITF Czech Republic F6, Men Doubles",sr:competition:16154,doubles,men,sr:category:785,False,False,"ITF Men"
sr:competition:16162,"ITF Germany F8, Men Singles",sr:competition:16160,singles,men,sr:category:785,False,False,"ITF Men"
sr:competition:16164,"ITF Germany F8, Men Doubles",sr:competition:16160,doubles,men,sr:category:785,False,False,"ITF Men"
sr:competition:16168,"ITF Ireland F1, Men Singles",sr:competition:16166,singles,men,sr:category:785,False,False,"ITF Men"
sr:competition:16170,"ITF Ireland F1, Men Doubles",sr:competition:16166,doubles,men,sr:category:785,False,False,"ITF Men"
sr:competition:16174,"ITF Spain F22, Men Singles",sr:competition:16172,singles,men,sr:category:785,False,False,"ITF Men"
sr:competition:16176,"ITF Spain F22, Men Doubles",sr:competition:16172,doubles,men,sr:category:785,False,False,"ITF Men"
sr:competition:16180,"ITF Turkey F26, Men Singles",sr:competition:16178,singles,men,sr:category:785,False,False,"ITF Men"
sr:competition:16182,"ITF Turkey F26, Men Doubles",sr:competition:16178,doubles,men,sr:category:785,False,False,"ITF Men"
sr:competition:16186,"ITF USA F24, Men Singles",sr:competition:16184,singles,men,sr:category:785,False,False,"ITF Men"
sr:competition:16188,"ITF USA F24, Men Doubles",sr:competition:16184,doubles,men,sr:category:785,False,False,"ITF Men"
sr:competition:16192,"ITF Austria F3, Men Singles",sr:competition:16190,singles,men,sr:category:785,False,False,"ITF Men"
sr:competition:16194,"ITF Austria F3, Men Doubles",sr:competition:16190,doubles,men,sr:category:785,False,False,"ITF Men"
sr:competition:16198,"ITF Belgium F5, Men Singles",sr:competition:16196,singles,men,sr:category:785,False,False,"ITF Men"
sr:competition:16200,"ITF Belgium F5, Men Doubles",sr:competition:16196,doubles,men,sr:category:785,False,False,"ITF Men"
sr:competition:16204,"ITF Colombia F1, Men Singles",sr:competition:16202,singles,men,sr:category:785,False,False,"ITF Men"
sr:competition:16206,"ITF Colombia F1, Men Doubles",sr:competition:16202,doubles,men,sr:category:785,False,False,"ITF Men"
sr:competition:16210,"ITF Egypt F21, Men Singles",sr:competition:16208,singles,men,sr:category:785,False,False,"ITF Men"
sr:competition:16212,"ITF Egypt F21, Men Doubles",sr:competition:16208,doubles,men,sr:category:785,False,False,"ITF Men"
sr:competition:16216,"ITF France F16, Men Singles",sr:competition:16214,singles,men,sr:category:785,False,False,"ITF Men"
sr:competition:16218,"ITF France F16, Men Doubles",sr:competition:16214,doubles,men,sr:category:785,False,False,"ITF Men"
sr:competition:16222,"ITF Georgia F3, Men Singles",sr:competition:16220,singles,men,sr:category:785,False,False,"ITF Men"
sr:competition:16224,"ITF Georgia F3, Men Doubles",sr:competition:16220,doubles,men,sr:category:785,False,False,"ITF Men"
sr:competition:16228,"ITF Italy F22, Men Singles",sr:competition:16226,singles,men,sr:category:785,False,False,"ITF Men"
sr:competition:16230,"ITF Italy F22, Men Doubles",sr:competition:16226,doubles,men,sr:category:785,False,False,"ITF Men"
sr:competition:16234,"ITF Lithuania F1, Men Singles",sr:competition:16232,singles,men,sr:category:785,False,False,"ITF Men"
sr:competition:16236,"ITF Lithuania F1, Men Doubles",sr:competition:16232,doubles,men,sr:category:785,False,False,"ITF Men"
sr:competition:16240,"ITF Morocco F1, Men Singles",sr:competition:16238,singles,men,sr:category:785,False,False,"ITF Men"
sr:competition:16242,"ITF Morocco F1, Men Doubles",sr:competition:16238,doubles,men,sr:category:785,False,False,"ITF Men"
sr:competition:16246,"ITF Poland F6, Men Singles",sr:competition:16244,singles,men,sr:category:785,False,False,"ITF Men"
sr:competition:16248,"ITF Poland F6, Men Doubles",sr:competition:16244,doubles,men,sr:category:785,False,False,"ITF Men"
sr:competition:16252,"ITF Portugal F12, Men Singles",sr:competition:16250,singles,men,sr:category:785,False,False,"ITF Men"
sr:competition:16254,"ITF Portugal F12, Men Doubles",sr:competition:16250,doubles,men,sr:category:785,False,False,"ITF Men"
sr:competition:16256,"ITF Spain F3, Men Singles",sr:competition:15986,singles,men,sr:category:785,False,False,"ITF Men"
sr:competition:16258,"ITF Spain F3, Men Doubles",sr:competition:15986,doubles,men,sr:category:785,False,False,"ITF Men"
sr:competition:16260,"ITF Tunisia F4, Men Singles",sr:competition:15970,singles,men,sr:category:785,False,False,"ITF Men"
sr:competition:16262,"ITF Tunisia F4, Men Doubles",sr:competition:15970,doubles,men,sr:category:785,False,False,"ITF Men"
sr:competition:16266,"ITF Kazakhstan 05A, Women Singles",sr:competition:16264,singles,women,sr:category:213,False,False,"ITF Women"
sr:competition:16268,"ITF Kazakhstan 05A, Women Doubles",sr:competition:16264,doubles,women,sr:category:213,False,False,"ITF Women"
sr:competition:16272,"ITF Czech Republic 03A, Women Singles",sr:competition:16270,singles,women,sr:category:213,False,False,"ITF Women"
sr:competition:16274,"ITF Czech Republic 03A, Women Doubles",sr:competition:16270,doubles,women,sr:category:213,False,False,"ITF Women"
sr:competition:16278,"ITF Turkey 28A, Women Singles",sr:competition:16276,singles,women,sr:category:213,False,False,"ITF Women"
sr:competition:16280,"ITF Turkey 28A, Women Doubles",sr:competition:16276,doubles,women,sr:category:213,False,False,"ITF Women"
sr:competition:16284,"ITF USA 22A, Women Singles",sr:competition:16282,singles,women,sr:category:213,False,False,"ITF Women"
sr:competition:16286,"ITF USA 22A, Women Doubles",sr:competition:16282,doubles,women,sr:category:213,False,False,"ITF Women"
sr:competition:16290,"ITF Canada 05A, Women Singles",sr:competition:16288,singles,women,sr:category:213,False,False,"ITF Women"
sr:competition:16292,"ITF Canada 05A, Women Doubles",sr:competition:16288,doubles,women,sr:category:213,False,False,"ITF Women"
sr:competition:16296,"ITF China 14A, Women Singles",sr:competition:16294,singles,women,sr:category:213,False,False,"ITF Women"
sr:competition:16298,"ITF China 14A, Women Doubles",sr:competition:16294,doubles,women,sr:category:213,False,False,"ITF Women"
sr:competition:16302,"ITF Germany 10A, Women Singles",sr:competition:16300,singles,women,sr:category:213,False,False,"ITF Women"
sr:competition:16304,"ITF Germany 10A, Women Doubles",sr:competition:16300,doubles,women,sr:category:213,False,False,"ITF Women"
sr:competition:16308,"ITF Italy 19A, Women Singles",sr:competition:16306,singles,women,sr:category:213,False,False,"ITF Women"
sr:competition:16310,"ITF Italy 19A, Women Doubles",sr:competition:16306,doubles,women,sr:category:213,False,False,"ITF Women"
sr:competition:16314,"ITF Belgium 01A, Women Singles",sr:competition:16312,singles,women,sr:category:213,False,False,"ITF Women"
sr:competition:16316,"ITF Belgium 01A, Women Doubles",sr:competition:16312,doubles,women,sr:category:213,False,False,"ITF Women"
sr:competition:16320,"ITF Egypt 21A, Women Singles",sr:competition:16318,singles,women,sr:category:213,False,False,"ITF Women"
sr:competition:16322,"ITF Egypt 21A, Women Doubles",sr:competition:16318,doubles,women,sr:category:213,False,False,"ITF Women"
sr:competition:16326,"ITF Romania 05A, Women Singles",sr:competition:16324,singles,women,sr:category:213,False,False,"ITF Women"
sr:competition:16328,"ITF Romania 05A, Women Doubles",sr:competition:16324,doubles,women,sr:category:213,False,False,"ITF Women"
sr:competition:16332,"ITF Spain 11A, Women Singles",sr:competition:16330,singles,women,sr:category:213,False,False,"ITF Women"
sr:competition:16334,"ITF Spain 11A, Women Doubles",sr:competition:16330,doubles,women,sr:category:213,False,False,"ITF Women"
sr:competition:16338,"ITF Thailand 05A, Women Singles",sr:competition:16336,singles,women,sr:category:213,False,False,"ITF Women"
sr:competition:16340,"ITF Thailand 05A, Women Doubles",sr:competition:16336,doubles,women,sr:category:213,False,False,"ITF Women"
sr:competition:16454,"ITF China F14, Men Singles",sr:competition:16416,singles,men,sr:category:785,False,False,"ITF Men"
sr:competition:16456,"ITF China F14, Men Doubles",sr:competition:16416,doubles,men,sr:category:785,False,False,"ITF Men"
sr:competition:16458,"ITF France F17, Men Singles",sr:competition:16418,singles,men,sr:category:785,False,False,"ITF Men"
sr:competition:16460,"ITF France F17, Men Doubles",sr:competition:16418,doubles,men,sr:category:785,False,False,"ITF Men"
sr:competition:16462,"ITF Ireland F2, Men Singles",sr:competition:16420,singles,men,sr:category:785,False,False,"ITF Men"
sr:competition:16464,"ITF Ireland F2, Men Doubles",sr:competition:16420,doubles,men,sr:category:785,False,False,"ITF Men"
sr:competition:16466,"ITF Italy F23, Men Singles",sr:competition:16422,singles,men,sr:category:785,False,False,"ITF Men"
sr:competition:16468,"ITF Italy F23, Men Doubles",sr:competition:16422,doubles,men,sr:category:785,False,False,"ITF Men"
sr:competition:16470,"ITF Spain F23, Men Singles",sr:competition:16424,singles,men,sr:category:785,False,False,"ITF Men"
sr:competition:16472,"ITF Spain F23, Men Doubles",sr:competition:16424,doubles,men,sr:category:785,False,False,"ITF Men"
sr:competition:16474,"ITF USA F25, Men Singles",sr:competition:16426,singles,men,sr:category:785,False,False,"ITF Men"
sr:competition:16476,"ITF USA F25, Men Doubles",sr:competition:16426,doubles,men,sr:category:785,False,False,"ITF Men"
sr:competition:16478,"ITF Austria F4, Men Singles",sr:competition:16428,singles,men,sr:category:785,False,False,"ITF Men"
sr:competition:16480,"ITF Austria F4, Men Doubles",sr:competition:16428,doubles,men,sr:category:785,False,False,"ITF Men"
sr:competition:16482,"ITF Belgium F6, Men Singles",sr:competition:16430,singles,men,sr:category:785,False,False,"ITF Men"
sr:competition:16484,"ITF Belgium F6, Men Doubles",sr:competition:16430,doubles,men,sr:category:785,False,False,"ITF Men"
sr:competition:16486,"ITF Colombia F2, Men Singles",sr:competition:16432,singles,men,sr:category:785,False,False,"ITF Men"
sr:competition:16488,"ITF Colombia F2, Men Doubles",sr:competition:16432,doubles,men,sr:category:785,False,False,"ITF Men"
sr:competition:16490,"ITF Egypt F22, Men Singles",sr:competition:16434,singles,men,sr:category:785,False,False,"ITF Men"
sr:competition:16492,"ITF Egypt F22, Men Doubles",sr:competition:16434,doubles,men,sr:category:785,False,False,"ITF Men"
sr:competition:16494,"ITF Estonia F1, Men Singles",sr:competition:16436,singles,men,sr:category:785,False,False,"ITF Men"
sr:competition:16496,"ITF Estonia F1, Men Doubles",sr:competition:16436,doubles,men,sr:category:785,False,False,"ITF Men"
sr:competition:16498,"ITF Macedonia F1, Men Singles",sr:competition:16438,singles,men,sr:category:785,False,False,"ITF Men"
sr:competition:16500,"ITF Macedonia F1, Men Doubles",sr:competition:16438,doubles,men,sr:category:785,False,False,"ITF Men"
sr:competition:16502,"ITF Morocco F2, Men Singles",sr:competition:16440,singles,men,sr:category:785,False,False,"ITF Men"
sr:competition:16504,"ITF Morocco F2, Men Doubles",sr:competition:16440,doubles,men,sr:category:785,False,False,"ITF Men"
sr:competition:16506,"ITF Poland F7, Men Singles",sr:competition:16442,singles,men,sr:category:785,False,False,"ITF Men"
sr:competition:16508,"ITF Poland F7, Men Doubles",sr:competition:16442,doubles,men,sr:category:785,False,False,"ITF Men"
sr:competition:16510,"ITF Portugal F13, Men Singles",sr:competition:16444,singles,men,sr:category:785,False,False,"ITF Men"
sr:competition:16512,"ITF Portugal F13, Men Doubles",sr:competition:16444,doubles,men,sr:category:785,False,False,"ITF Men"
sr:competition:16514,"ITF Romania F7, Men Singles",sr:competition:16446,singles,men,sr:category:785,False,False,"ITF Men"
sr:competition:16516,"ITF Romania F7, Men Doubles",sr:competition:16446,doubles,men,sr:category:785,False,False,"ITF Men"
sr:competition:16518,"ITF Russia F4, Men Singles",sr:competition:16448,singles,men,sr:category:785,False,False,"ITF Men"
sr:competition:16520,"ITF Russia F4, Men Doubles",sr:competition:16448,doubles,men,sr:category:785,False,False,"ITF Men"
sr:competition:16522,"ITF Slovakia F1, Men Singles",sr:competition:16450,singles,men,sr:category:785,False,False,"ITF Men"
sr:competition:16524,"ITF Slovakia F1, Men Doubles",sr:competition:16450,doubles,men,sr:category:785,False,False,"ITF Men"
sr:competition:16526,"ITF Turkiye F27, Men Singles",sr:competition:16452,singles,men,sr:category:785,False,False,"ITF Men"
sr:competition:16528,"ITF Turkiye F27, Men Doubles",sr:competition:16452,doubles,men,sr:category:785,False,False,"ITF Men"
sr:competition:16566,"ITF Czechia 04A, Women Singles",sr:competition:16536,singles,women,sr:category:213,False,False,"ITF Women"
sr:competition:16568,"ITF Czechia 04A, Women Doubles",sr:competition:16536,doubles,women,sr:category:213,False,False,"ITF Women"
sr:competition:16570,"ITF Canada 06A, Women Singles",sr:competition:16538,singles,women,sr:category:213,False,False,"ITF Women"
sr:competition:16572,"ITF Canada 06A, Women Doubles",sr:competition:16538,doubles,women,sr:category:213,False,False,"ITF Women"
sr:competition:16574,"ITF USA 26A, Women Singles",sr:competition:16540,singles,women,sr:category:213,False,False,"ITF Women"
sr:competition:16576,"ITF USA 26A, Women Doubles",sr:competition:16540,doubles,women,sr:category:213,False,False,"ITF Women"
sr:competition:16578,"ITF Germany 11A, Women Singles",sr:competition:16542,singles,women,sr:category:213,False,False,"ITF Women"
sr:competition:16580,"ITF Germany 11A, Women Doubles",sr:competition:16542,doubles,women,sr:category:213,False,False,"ITF Women"
sr:competition:16582,"ITF Thailand 06A, Women Singles",sr:competition:16544,singles,women,sr:category:213,False,False,"ITF Women"
sr:competition:16584,"ITF Thailand 06A, Women Doubles",sr:competition:16544,doubles,women,sr:category:213,False,False,"ITF Women"
sr:competition:16586,"ITF Brazil 07A, Women Singles",sr:competition:16546,singles,women,sr:category:213,False,False,"ITF Women"
sr:competition:16588,"ITF Brazil 07A, Women Doubles",sr:competition:16546,doubles,women,sr:category:213,False,False,"ITF Women"
sr:competition:16590,"ITF Egypt 22A, Women Singles",sr:competition:16548,singles,women,sr:category:213,False,False,"ITF Women"
sr:competition:16592,"ITF Egypt 22A, Women Doubles",sr:competition:16548,doubles,women,sr:category:213,False,False,"ITF Women"
sr:competition:16594,"ITF Estonia 01A, Women Singles",sr:competition:16550,singles,women,sr:category:213,False,False,"ITF Women"
sr:competition:16596,"ITF Estonia 01A, Women Doubles",sr:competition:16550,doubles,women,sr:category:213,False,False,"ITF Women"
sr:competition:16598,"ITF Finland 01A, Women Singles",sr:competition:16552,singles,women,sr:category:213,False,False,"ITF Women"
sr:competition:16600,"ITF Finland 01A, Women Doubles",sr:competition:16552,doubles,women,sr:category:213,False,False,"ITF Women"
sr:competition:16602,"ITF France 20A, Women Singles",sr:competition:16554,singles,women,sr:category:213,False,False,"ITF Women"
sr:competition:16604,"ITF France 20A, Women Doubles",sr:competition:16554,doubles,women,sr:category:213,False,False,"ITF Women"
sr:competition:16610,"ITF Ireland 01A, Women Singles",sr:competition:16558,singles,women,sr:category:213,False,False,"ITF Women"
sr:competition:16612,"ITF Ireland 01A, Women Doubles",sr:competition:16558,doubles,women,sr:category:213,False,False,"ITF Women"
sr:competition:16614,"ITF Italy 20A, Women Singles",sr:competition:16560,singles,women,sr:category:213,False,False,"ITF Women"
sr:competition:16616,"ITF Italy 20A, Women Doubles",sr:competition:16560,doubles,women,sr:category:213,False,False,"ITF Women"
sr:competition:16618,"ITF Romania 06A, Women Singles",sr:competition:16562,singles,women,sr:category:213,False,False,"ITF Women"
sr:competition:16620,"ITF Romania 06A, Women Doubles",sr:competition:16562,doubles,women,sr:category:213,False,False,"ITF Women"
sr:competition:16622,"ITF USA 27A, Women Singles",sr:competition:16564,singles,women,sr:category:213,False,False,"ITF Women"
sr:competition:16624,"ITF USA 27A, Women Doubles",sr:competition:16564,doubles,women,sr:category:213,False,False,"ITF Women"
sr:competition:16640,"ITF Turkey F4, Men Doubles",sr:competition:15972,doubles,men,sr:category:785,False,False,"ITF Men"
sr:competition:16644,"ITF Egypt F4, Men Doubles",sr:competition:15888,doubles,men,sr:category:785,False,False,"ITF Men"
sr:competition:16646,"ITF Great Britain F2, Men Doubles",sr:competition:15890,doubles,men,sr:category:785,False,False,"ITF Men"
sr:competition:16648,"ITF Indonesia F1, Men Doubles",sr:competition:15892,doubles,men,sr:category:785,False,False,"ITF Men"
sr:competition:16656,"ITF Latvia F1, Men Singles",sr:competition:16692,singles,men,sr:category:785,False,False,"ITF Men"
sr:competition:16658,"ITF Latvia F1, Men Doubles",sr:competition:16692,doubles,men,sr:category:785,False,False,"ITF Men"
sr:competition:16662,"ITF Ukraine 01A, Women Singles",sr:competition:16726,singles,women,sr:category:213,False,False,"ITF Women"
sr:competition:16664,"ITF Ukraine 01A, Women Doubles",sr:competition:16726,doubles,women,sr:category:213,False,False,"ITF Women"
sr:competition:16742,"ITF Portugal F14, Men Singles",sr:competition:16670,singles,men,sr:category:785,False,False,"ITF Men"
sr:competition:16744,"ITF Portugal F14, Men Doubles",sr:competition:16670,doubles,men,sr:category:785,False,False,"ITF Men"
sr:competition:16746,"ITF Romania F8, Men Doubles",sr:competition:16672,doubles,men,sr:category:785,False,False,"ITF Men"
sr:competition:16748,"ITF Romania F8, Men Singles",sr:competition:16672,singles,men,sr:category:785,False,False,"ITF Men"
sr:competition:16750,"ITF Turkiye F28, Men Singles",sr:competition:16674,singles,men,sr:category:785,False,False,"ITF Men"
sr:competition:16752,"ITF Turkiye F28, Men Doubles",sr:competition:16674,doubles,men,sr:category:785,False,False,"ITF Men"
sr:competition:16754,"ITF USA F26, Men Doubles",sr:competition:16676,doubles,men,sr:category:785,False,False,"ITF Men"
sr:competition:16756,"ITF USA F26, Men Singles",sr:competition:16676,singles,men,sr:category:785,False,False,"ITF Men"
sr:competition:16758,"ITF Austria F5, Men Singles",sr:competition:16678,singles,men,sr:category:785,False,False,"ITF Men"
sr:competition:16760,"ITF Austria F5, Men Doubles",sr:competition:16678,doubles,men,sr:category:785,False,False,"ITF Men"
sr:competition:16762,"ITF Belgium F7, Men Doubles",sr:competition:16680,doubles,men,sr:category:785,False,False,"ITF Men"
sr:competition:16764,"ITF Belgium F7, Men Singles",sr:competition:16680,singles,men,sr:category:785,False,False,"ITF Men"
sr:competition:16766,"ITF Colombia F3, Men Singles",sr:competition:16682,singles,men,sr:category:785,False,False,"ITF Men"
sr:competition:16768,"ITF Colombia F3, Men Doubles",sr:competition:16682,doubles,men,sr:category:785,False,False,"ITF Men"
sr:competition:16770,"ITF Egypt F23, Men Singles",sr:competition:16684,singles,men,sr:category:785,False,False,"ITF Men"
sr:competition:16772,"ITF Egypt F23, Men Doubles",sr:competition:16684,doubles,men,sr:category:785,False,False,"ITF Men"
sr:competition:16774,"ITF Macedonia F2, Men Doubles",sr:competition:16688,doubles,men,sr:category:785,False,False,"ITF Men"
sr:competition:16776,"ITF Macedonia F2, Men Singles",sr:competition:16688,singles,men,sr:category:785,False,False,"ITF Men"
sr:competition:16778,"ITF Germany F9, Men Singles",sr:competition:16690,singles,men,sr:category:785,False,False,"ITF Men"
sr:competition:16780,"ITF Germany F9, Men Doubles",sr:competition:16690,doubles,men,sr:category:785,False,False,"ITF Men"
sr:competition:16782,"ITF Morocco F3, Men Singles",sr:competition:16694,singles,men,sr:category:785,False,False,"ITF Men"
sr:competition:16784,"ITF Morocco F3, Men Doubles",sr:competition:16694,doubles,men,sr:category:785,False,False,"ITF Men"
sr:competition:16786,"ITF Poland F8, Men Singles",sr:competition:16696,singles,men,sr:category:785,False,False,"ITF Men"
sr:competition:16788,"ITF Poland F8, Men Doubles",sr:competition:16696,doubles,men,sr:category:785,False,False,"ITF Men"
sr:competition:16790,"ITF Russia F5, Men Singles",sr:competition:16698,singles,men,sr:category:785,False,False,"ITF Men"
sr:competition:16792,"ITF Russia F5, Men Doubles",sr:competition:16698,doubles,men,sr:category:785,False,False,"ITF Men"
sr:competition:16794,"ITF Slovakia F2, Men Doubles",sr:competition:16700,doubles,men,sr:category:785,False,False,"ITF Men"
sr:competition:16796,"ITF Slovakia F2, Men Singles",sr:competition:16700,singles,men,sr:category:785,False,False,"ITF Men"
sr:competition:16798,"ITF Thailand F4, Men Singles",sr:competition:16702,singles,men,sr:category:785,False,False,"ITF Men"
sr:competition:16800,"ITF Thailand F4, Men Doubles",sr:competition:16702,doubles,men,sr:category:785,False,False,"ITF Men"
sr:competition:16802,"ITF USA 23A, Women Singles",sr:competition:16704,singles,women,sr:category:213,False,False,"ITF Women"
sr:competition:16804,"ITF USA 23A, Women Doubles",sr:competition:16704,doubles,women,sr:category:213,False,False,"ITF Women"
sr:competition:16806,"ITF Germany 12A, Women Singles",sr:competition:16706,singles,women,sr:category:213,False,False,"ITF Women"
sr:competition:16808,"ITF Germany 12A, Women Doubles",sr:competition:16706,doubles,women,sr:category:213,False,False,"ITF Women"
sr:competition:16810,"ITF Great Britain 12A, Women Singles",sr:competition:16708,singles,women,sr:category:213,False,False,"ITF Women"
sr:competition:16812,"ITF Great Britain 12A, Women Doubles",sr:competition:16708,doubles,women,sr:category:213,False,False,"ITF Women"
sr:competition:16814,"ITF Spain 14A, Women Singles",sr:competition:16710,singles,women,sr:category:213,False,False,"ITF Women"
sr:competition:16816,"ITF Spain 14A, Women Doubles",sr:competition:16710,doubles,women,sr:category:213,False,False,"ITF Women"
sr:competition:16818,"ITF USA 24A, Women Singles",sr:competition:16712,singles,women,sr:category:213,False,False,"ITF Women"
sr:competition:16820,"ITF USA 24A, Women Doubles",sr:competition:16712,doubles,women,sr:category:213,False,False,"ITF Women"
sr:competition:16822,"ITF Egypt 23A, Women Singles",sr:competition:16714,singles,women,sr:category:213,False,False,"ITF Women"
sr:competition:16824,"ITF Egypt 23A, Women Doubles",sr:competition:16714,doubles,women,sr:category:213,False,False,"ITF Women"
sr:competition:16826,"ITF Finland 02A, Women Doubles",sr:competition:16716,doubles,women,sr:category:213,False,False,"ITF Women"
sr:competition:16828,"ITF Finland 02A, Women Singles",sr:competition:16716,singles,women,sr:category:213,False,False,"ITF Women"
sr:competition:16830,"ITF Romania 07A, Women Singles",sr:competition:16720,singles,women,sr:category:213,False,False,"ITF Women"
sr:competition:16832,"ITF Romania 07A, Women Doubles",sr:competition:16720,doubles,women,sr:category:213,False,False,"ITF Women"
sr:competition:16834,"ITF Thailand 10A, Women Singles",sr:competition:16722,singles,women,sr:category:213,False,False,"ITF Women"
sr:competition:16836,"ITF Thailand 10A, Women Doubles",sr:competition:16722,doubles,women,sr:category:213,False,False,"ITF Women"
sr:competition:16838,"ITF Turkiye 27A, Women Doubles",sr:competition:16724,doubles,women,sr:category:213,False,False,"ITF Women"
sr:competition:16840,"ITF Turkiye 27A, Women Singles",sr:competition:16724,singles,women,sr:category:213,False,False,"ITF Women"
sr:competition:16852,"ITF Spain F4, Men Singles",sr:competition:15894,singles,men,sr:category:785,False,False,"ITF Men"
sr:competition:16854,"ITF Tunisia F5, Men Doubles",sr:competition:15898,doubles,men,sr:category:785,False,False,"ITF Men"
sr:competition:16856,"ITF Turkey F5, Men Doubles",sr:competition:15900,doubles,men,sr:category:785,False,False,"ITF Men"
sr:competition:16858,"ITF China F1, Men Singles",sr:competition:15904,singles,men,sr:category:785,False,False,"ITF Men"
sr:competition:16860,"ITF China F1, Men Doubles",sr:competition:15904,doubles,men,sr:category:785,False,False,"ITF Men"
sr:competition:16862,"ITF Egypt F5, Men Singles",sr:competition:15906,singles,men,sr:category:785,False,False,"ITF Men"
sr:competition:16864,"ITF Egypt F5, Men Doubles",sr:competition:15906,doubles,men,sr:category:785,False,False,"ITF Men"
sr:competition:16866,"ITF Great Britain F3, Men Singles",sr:competition:15908,singles,men,sr:category:785,False,False,"ITF Men"
sr:competition:16868,"ITF Great Britain F3, Men Doubles",sr:competition:15908,doubles,men,sr:category:785,False,False,"ITF Men"
sr:competition:16870,"ITF India F1, Men Singles",sr:competition:15910,singles,men,sr:category:785,False,False,"ITF Men"
sr:competition:16872,"ITF India F1, Men Doubles",sr:competition:15910,doubles,men,sr:category:785,False,False,"ITF Men"
sr:competition:16874,"ITF Spain F5, Men Singles",sr:competition:15914,singles,men,sr:category:785,False,False,"ITF Men"
sr:competition:16876,"ITF Spain F5, Men Doubles",sr:competition:15914,doubles,men,sr:category:785,False,False,"ITF Men"
sr:competition:16878,"ITF Tunisia F6, Men Singles",sr:competition:15916,singles,men,sr:category:785,False,False,"ITF Men"
sr:competition:16880,"ITF Tunisia F6, Men Doubles",sr:competition:15916,doubles,men,sr:category:785,False,False,"ITF Men"
sr:competition:16886,"ITF Portugal 09A, Women Doubles",sr:competition:16884,doubles,women,sr:category:213,False,False,"ITF Women"
sr:competition:16888,"ITF Portugal 09A, Women Singles",sr:competition:16884,singles,women,sr:category:213,False,False,"ITF Women"
sr:competition:16896,"ITF Portugal 07A, Women Singles",sr:competition:16894,singles,women,sr:category:213,False,False,"ITF Women"
sr:competition:16900,"ITF Poland 03A, Women Singles",sr:competition:17038,singles,women,sr:category:213,False,False,"ITF Women"
sr:competition:16902,"ITF Poland 03A, Women Doubles",sr:competition:17038,doubles,women,sr:category:213,False,False,"ITF Women"
sr:competition:16922,"ITF Italy F25, Men Singles",sr:competition:16920,singles,men,sr:category:785,False,False,"ITF Men"
sr:competition:16924,"ITF Italy F25, Men Doubles",sr:competition:16920,doubles,men,sr:category:785,False,False,"ITF Men"
sr:competition:16928,"ITF USA F27, Men Singles",sr:competition:16926,singles,men,sr:category:785,False,False,"ITF Men"
sr:competition:16930,"ITF USA F27, Men Doubles",sr:competition:16926,doubles,men,sr:category:785,False,False,"ITF Men"
sr:competition:16934,"ITF Germany 07A, Women Singles",sr:competition:16932,singles,women,sr:category:213,False,False,"ITF Women"
sr:competition:16936,"ITF Germany 07A, Women Doubles",sr:competition:16932,doubles,women,sr:category:213,False,False,"ITF Women"
sr:competition:16940,"ITF Austria F6, Men Singles",sr:competition:16938,singles,men,sr:category:785,False,False,"ITF Men"
sr:competition:16942,"ITF Austria F6, Men Doubles",sr:competition:16938,doubles,men,sr:category:785,False,False,"ITF Men"
sr:competition:16946,"ITF Belarus F1, Men Singles",sr:competition:16944,singles,men,sr:category:785,False,False,"ITF Men"
sr:competition:16948,"ITF Belarus F1, Men Doubles",sr:competition:16944,doubles,men,sr:category:785,False,False,"ITF Men"
sr:competition:16952,"ITF Belgium F8, Men Singles",sr:competition:16950,singles,men,sr:category:785,False,False,"ITF Men"
sr:competition:16954,"ITF Belgium F8, Men Doubles",sr:competition:16950,doubles,men,sr:category:785,False,False,"ITF Men"
sr:competition:16958,"ITF Finland F2, Men Singles",sr:competition:16956,singles,men,sr:category:785,False,False,"ITF Men"
sr:competition:16960,"ITF Finland F2, Men Doubles",sr:competition:16956,doubles,men,sr:category:785,False,False,"ITF Men"
sr:competition:16964,"ITF Germany F10, Men Singles",sr:competition:16962,singles,men,sr:category:785,False,False,"ITF Men"
sr:competition:16966,"ITF Germany F10, Men Doubles",sr:competition:16962,doubles,men,sr:category:785,False,False,"ITF Men"
sr:competition:16970,"ITF Portugal F15, Men Singles",sr:competition:16968,singles,men,sr:category:785,False,False,"ITF Men"
sr:competition:16972,"ITF Portugal F15, Men Doubles",sr:competition:16968,doubles,men,sr:category:785,False,False,"ITF Men"
sr:competition:16976,"ITF Romania F9, Men Singles",sr:competition:16974,singles,men,sr:category:785,False,False,"ITF Men"
sr:competition:16978,"ITF Romania F9, Men Doubles",sr:competition:16976,doubles,men,sr:category:785,False,True,"ITF Men"
sr:competition:16982,"ITF Russia F6, Men Singles",sr:competition:16980,singles,men,sr:category:785,False,False,"ITF Men"
sr:competition:16984,"ITF Russia F6, Men Doubles",sr:competition:16980,doubles,men,sr:category:785,False,False,"ITF Men"
sr:competition:16988,"ITF Serbia F1, Men Singles",sr:competition:16986,singles,men,sr:category:785,False,False,"ITF Men"
sr:competition:16990,"ITF Serbia F1, Men Doubles",sr:competition:16986,doubles,men,sr:category:785,False,False,"ITF Men"
sr:competition:16994,"ITF Slovakia F3, Men Singles",sr:competition:16992,singles,men,sr:category:785,False,False,"ITF Men"
sr:competition:16996,"ITF Slovakia F3, Men Doubles",sr:competition:16992,doubles,men,sr:category:785,False,False,"ITF Men"
sr:competition:17000,"ITF Thailand F5, Men Singles",sr:competition:16998,singles,men,sr:category:785,False,False,"ITF Men"
sr:competition:17002,"ITF Thailand F5, Men Doubles",sr:competition:16998,doubles,men,sr:category:785,False,False,"ITF Men"
sr:competition:17006,"ITF Turkiye F29, Men Singles",sr:competition:17004,singles,men,sr:category:785,False,False,"ITF Men"
sr:competition:17008,"ITF Turkiye F29, Men Doubles",sr:competition:17004,doubles,men,sr:category:785,False,False,"ITF Men"
sr:competition:17012,"ITF Belgium 04A, Women Singles",sr:competition:17010,singles,women,sr:category:213,False,False,"ITF Women"
sr:competition:17014,"ITF Belgium 04A, Women Doubles",sr:competition:17010,doubles,women,sr:category:213,False,False,"ITF Women"
sr:competition:17018,"ITF Great Britain 13A, Women Singles",sr:competition:17016,singles,women,sr:category:213,False,False,"ITF Women"
sr:competition:17020,"ITF Great Britain 13A, Women Doubles",sr:competition:17016,doubles,women,sr:category:213,False,False,"ITF Women"
sr:competition:17024,"ITF USA 25A, Women Singles",sr:competition:17022,singles,women,sr:category:213,False,False,"ITF Women"
sr:competition:17026,"ITF USA 25A, Women Doubles",sr:competition:17022,doubles,women,sr:category:213,False,False,"ITF Women"
sr:competition:17032,"ITF Austria 01A, Women Singles",sr:competition:17030,singles,women,sr:category:213,False,False,"ITF Women"
sr:competition:17034,"ITF Austria 01A, Women Doubles",sr:competition:17030,doubles,women,sr:category:213,False,False,"ITF Women"
sr:competition:17044,"ITF Romania 08A, Women Singles",sr:competition:17040,singles,women,sr:category:213,False,False,"ITF Women"
sr:competition:17046,"ITF Romania 08A, Women Doubles",sr:competition:17040,doubles,women,sr:category:213,False,False,"ITF Women"
sr:competition:17048,"ITF Russia 05A, Women Singles",sr:competition:17042,singles,women,sr:category:213,False,False,"ITF Women"
sr:competition:17050,"ITF Russia 05A, Women Doubles",sr:competition:17042,doubles,women,sr:category:213,False,False,"ITF Women"
sr:competition:17054,"ITF Spain 12A, Women Singles",sr:competition:17052,singles,women,sr:category:213,False,False,"ITF Women"
sr:competition:17056,"ITF Spain 12A, Women Doubles",sr:competition:17052,doubles,women,sr:category:213,False,False,"ITF Women"
sr:competition:17060,"ITF Thailand 11A, Women Doubles",sr:competition:17058,doubles,women,sr:category:213,False,False,"ITF Women"
sr:competition:17062,"ITF Thailand 11A, Women Singles",sr:competition:17058,singles,women,sr:category:213,False,False,"ITF Women"
sr:competition:17066,"ITF Turkey 28B, Women Singles",sr:competition:17064,singles,women,sr:category:213,False,False,"ITF Women"
sr:competition:17068,"ITF Turkey 28B, Women Doubles",sr:competition:17064,doubles,women,sr:category:213,False,False,"ITF Women"
sr:competition:17074,"ITF Turkey F6, Men Singles",sr:competition:15918,singles,men,sr:category:785,False,False,"ITF Men"
sr:competition:17076,"ITF Turkey F6, Men Doubles",sr:competition:15918,doubles,men,sr:category:785,False,False,"ITF Men"
sr:competition:17078,"ITF USA F7, Men Singles",sr:competition:15920,singles,men,sr:category:785,False,False,"ITF Men"
sr:competition:17080,"ITF USA F7, Men Doubles",sr:competition:15920,doubles,men,sr:category:785,False,False,"ITF Men"
sr:competition:17082,"ITF China F2, Men Singles",sr:competition:15922,singles,men,sr:category:785,False,False,"ITF Men"
sr:competition:17084,"ITF China F2, Men Doubles",sr:competition:15922,doubles,men,sr:category:785,False,False,"ITF Men"
sr:competition:17086,"ITF Tunisia F7, Men Singles",sr:competition:15932,singles,men,sr:category:785,False,False,"ITF Men"
sr:competition:17088,"ITF Tunisia F7, Men Doubles",sr:competition:15932,doubles,men,sr:category:785,False,False,"ITF Men"
sr:competition:17090,"ITF Egypt F6, Men Singles",sr:competition:15924,singles,men,sr:category:785,False,False,"ITF Men"
sr:competition:17092,"ITF Egypt F6, Men Doubles",sr:competition:15924,doubles,men,sr:category:785,False,False,"ITF Men"
sr:competition:17094,"ITF Turkey F7, Men Singles",sr:competition:15934,singles,men,sr:category:785,False,False,"ITF Men"
sr:competition:17096,"ITF Turkey F7, Men Doubles",sr:competition:15934,doubles,men,sr:category:785,False,False,"ITF Men"
sr:competition:17098,"ITF USA F8, Men Singles",sr:competition:15936,singles,men,sr:category:785,False,False,"ITF Men"
sr:competition:17100,"ITF USA F8, Men Doubles",sr:competition:15936,doubles,men,sr:category:785,False,False,"ITF Men"
sr:competition:17102,"ITF Indonesia F3, Men Singles",sr:competition:15928,singles,men,sr:category:785,False,False,"ITF Men"
sr:competition:17104,"ITF Indonesia F3, Men Doubles",sr:competition:15928,doubles,men,sr:category:785,False,False,"ITF Men"
sr:competition:17108,"ITF Canada F1, Men Singles",sr:competition:15938,singles,men,sr:category:785,False,False,"ITF Men"
sr:competition:17110,"ITF Canada F1, Men Doubles",sr:competition:15938,doubles,men,sr:category:785,False,False,"ITF Men"
sr:competition:17112,"ITF France F4, Men Singles",sr:competition:15940,singles,men,sr:category:785,False,False,"ITF Men"
sr:competition:17114,"ITF France F4, Men Doubles",sr:competition:15940,doubles,men,sr:category:785,False,False,"ITF Men"
sr:competition:17116,"ITF Italy F2, Men Singles",sr:competition:15942,singles,men,sr:category:785,False,False,"ITF Men"
sr:competition:17118,"ITF Italy F2, Men Doubles",sr:competition:15942,doubles,men,sr:category:785,False,False,"ITF Men"
sr:competition:17120,"ITF China F3, Men Singles",sr:competition:15944,singles,men,sr:category:785,False,False,"ITF Men"
sr:competition:17122,"ITF China F3, Men Doubles",sr:competition:15944,doubles,men,sr:category:785,False,False,"ITF Men"
sr:competition:17124,"ITF Egypt F7, Men Doubles",sr:competition:15946,doubles,men,sr:category:785,False,False,"ITF Men"
sr:competition:17126,"ITF Portugal F1, Men Singles",sr:competition:16124,singles,men,sr:category:785,False,False,"ITF Men"
sr:competition:17128,"ITF Tunisia F8, Men Doubles",sr:competition:15952,doubles,men,sr:category:785,False,False,"ITF Men"
sr:competition:17130,"ITF Turkey F8, Men Doubles",sr:competition:15954,doubles,men,sr:category:785,False,False,"ITF Men"
sr:competition:17142,"ITF Portugal F16, Men Singles",sr:competition:17206,singles,men,sr:category:785,False,False,"ITF Men"
sr:competition:17144,"ITF Portugal F16, Men Doubles",sr:competition:17206,doubles,men,sr:category:785,False,False,"ITF Men"
sr:competition:17148,"ITF Italy 22A, Women Singles",sr:competition:17278,singles,women,sr:category:213,False,False,"ITF Women"
sr:competition:17150,"ITF Italy 22A, Women Doubles",sr:competition:17278,doubles,women,sr:category:213,False,False,"ITF Women"
sr:competition:17152,"ITF Spain 07B, Women Singles",sr:competition:17146,singles,women,sr:category:213,False,False,"ITF Women"
sr:competition:17154,"ITF Poland 04A, Women Singles",sr:competition:17286,singles,women,sr:category:213,False,False,"ITF Women"
sr:competition:17156,"ITF Poland 04A, Women Doubles",sr:competition:17286,doubles,women,sr:category:213,False,False,"ITF Women"
sr:competition:17158,"ITF Spain 07B, Women Doubles",sr:competition:17146,doubles,women,sr:category:213,False,False,"ITF Women"
sr:competition:17168,"ITF USA F6, Men Doubles",sr:competition:15974,doubles,men,sr:category:785,False,False,"ITF Men"
sr:competition:17172,"ITF Poland F9, Men Singles",sr:competition:17170,singles,men,sr:category:785,False,False,"ITF Men"
sr:competition:17174,"ITF Poland F9, Men Doubles",sr:competition:17170,doubles,men,sr:category:785,False,False,"ITF Men"
sr:competition:17178,"ITF Belarus F2, Men Singles",sr:competition:17176,singles,men,sr:category:785,False,False,"ITF Men"
sr:competition:17180,"ITF Belarus F2, Men Doubles",sr:competition:17176,doubles,men,sr:category:785,False,False,"ITF Men"
sr:competition:17184,"ITF Belgium F9, Men Singles",sr:competition:17182,singles,men,sr:category:785,False,False,"ITF Men"
sr:competition:17186,"ITF Belgium F9, Men Doubles",sr:competition:17182,doubles,men,sr:category:785,False,False,"ITF Men"
sr:competition:17190,"ITF Finland F3, Men Singles",sr:competition:17188,singles,men,sr:category:785,False,False,"ITF Men"
sr:competition:17192,"ITF Finland F3, Men Doubles",sr:competition:17188,doubles,men,sr:category:785,False,False,"ITF Men"
sr:competition:17196,"ITF Germany F11, Men Singles",sr:competition:17194,singles,men,sr:category:785,False,False,"ITF Men"
sr:competition:17198,"ITF Germany F11, Men Doubles",sr:competition:17194,doubles,men,sr:category:785,False,False,"ITF Men"
sr:competition:17202,"ITF Netherlands F5, Men Singles",sr:competition:17200,singles,men,sr:category:785,False,False,"ITF Men"
sr:competition:17204,"ITF Netherlands F5, Men Doubles",sr:competition:17200,doubles,men,sr:category:785,False,False,"ITF Men"
sr:competition:17210,"ITF Romania F10, Men Singles",sr:competition:17208,singles,men,sr:category:785,False,False,"ITF Men"
sr:competition:17212,"ITF Romania F10, Men Doubles",sr:competition:17208,doubles,men,sr:category:785,False,False,"ITF Men"
sr:competition:17216,"ITF Russia F7, Men Singles",sr:competition:17214,singles,men,sr:category:785,False,False,"ITF Men"
sr:competition:17218,"ITF Russia F7, Men Doubles",sr:competition:17214,doubles,men,sr:category:785,False,False,"ITF Men"
sr:competition:17222,"ITF Serbia F2, Men Singles",sr:competition:17220,singles,men,sr:category:785,False,False,"ITF Men"
sr:competition:17224,"ITF Serbia F2, Men Doubles",sr:competition:17220,doubles,men,sr:category:785,False,False,"ITF Men"
sr:competition:17228,"ITF Spain F25, Men Singles",sr:competition:17226,singles,men,sr:category:785,False,False,"ITF Men"
sr:competition:17230,"ITF Spain F25, Men Doubles",sr:competition:17226,doubles,men,sr:category:785,False,False,"ITF Men"
sr:competition:17234,"ITF Canada 01A, Women Singles",sr:competition:17232,singles,women,sr:category:213,False,False,"ITF Women"
sr:competition:17236,"ITF Canada 01A, Women Doubles",sr:competition:17232,doubles,women,sr:category:213,False,False,"ITF Women"
sr:competition:17242,"ITF Germany 13A, Women Singles",sr:competition:17238,singles,women,sr:category:213,False,False,"ITF Women"
sr:competition:17244,"ITF Germany 13A, Women Doubles",sr:competition:17238,doubles,women,sr:category:213,False,False,"ITF Women"
sr:competition:17248,"ITF Switzerland 03A, Women Singles",sr:competition:17246,singles,women,sr:category:213,False,False,"ITF Women"
sr:competition:17250,"ITF Switzerland 03A, Women Doubles",sr:competition:17246,doubles,women,sr:category:213,False,False,"ITF Women"
sr:competition:17254,"ITF Thailand 12A, Women Singles",sr:competition:17252,singles,women,sr:category:213,False,False,"ITF Women"
sr:competition:17256,"ITF Thailand 12A, Women Doubles",sr:competition:17252,doubles,women,sr:category:213,False,False,"ITF Women"
sr:competition:17260,"ITF Austria 02A, Women Singles",sr:competition:17258,singles,women,sr:category:213,False,False,"ITF Women"
sr:competition:17262,"ITF Austria 02A, Women Doubles",sr:competition:17258,doubles,women,sr:category:213,False,False,"ITF Women"
sr:competition:17264,"ITF Thailand F6, Men Singles",sr:competition:15978,singles,men,sr:category:785,False,False,"ITF Men"
sr:competition:17266,"ITF Thailand F6, Men Doubles",sr:competition:15978,doubles,men,sr:category:785,False,False,"ITF Men"
sr:competition:17272,"ITF Turkey F30, Men Singles",sr:competition:17270,singles,men,sr:category:785,False,False,"ITF Men"
sr:competition:17274,"ITF Turkey F30, Men Doubles",sr:competition:17270,doubles,men,sr:category:785,False,False,"ITF Men"
sr:competition:17282,"ITF Netherlands 04A, Women Singles",sr:competition:17280,singles,women,sr:category:213,False,False,"ITF Women"
sr:competition:17284,"ITF Netherlands 04A, Women Doubles",sr:competition:17280,doubles,women,sr:category:213,False,False,"ITF Women"
sr:competition:17292,"ITF Russia 06A, Women Singles",sr:competition:17290,singles,women,sr:category:213,False,False,"ITF Women"
sr:competition:17294,"ITF Russia 06A, Women Doubles",sr:competition:17290,doubles,women,sr:category:213,False,False,"ITF Women"
sr:competition:17298,"ITF Spain 13A, Women Singles",sr:competition:17296,singles,women,sr:category:213,False,False,"ITF Women"
sr:competition:17300,"ITF Spain 13A, Women Doubles",sr:competition:17296,doubles,women,sr:category:213,False,False,"ITF Women"
sr:competition:17306,"ITF Australia F1, Men Singles",sr:competition:16008,singles,men,sr:category:785,False,False,"ITF Men"
sr:competition:17308,"ITF Australia F1, Men Doubles",sr:competition:16008,doubles,men,sr:category:785,False,False,"ITF Men"
sr:competition:17310,"ITF Canada F2, Men Singles",sr:competition:16010,singles,men,sr:category:785,False,False,"ITF Men"
sr:competition:17312,"ITF Canada F2, Men Doubles",sr:competition:16010,doubles,men,sr:category:785,False,False,"ITF Men"
sr:competition:17316,"ITF Croatia F1, Men Singles",sr:competition:16012,singles,men,sr:category:785,False,False,"ITF Men"
sr:competition:17318,"ITF Croatia F1, Men Doubles",sr:competition:16012,doubles,men,sr:category:785,False,False,"ITF Men"
sr:competition:17320,"ITF Egypt F8, Men Singles",sr:competition:16014,singles,men,sr:category:785,False,False,"ITF Men"
sr:competition:17322,"ITF Egypt F8, Men Doubles",sr:competition:16014,doubles,men,sr:category:785,False,False,"ITF Men"
sr:competition:17326,"ITF France F5, Men Singles",sr:competition:16016,singles,men,sr:category:785,False,False,"ITF Men"
sr:competition:17328,"ITF France F5, Men Doubles",sr:competition:16016,doubles,men,sr:category:785,False,False,"ITF Men"
sr:competition:17336,"ITF Japan F1, Men Singles",sr:competition:16024,singles,men,sr:category:785,False,False,"ITF Men"
sr:competition:17338,"ITF Japan F1, Men Doubles",sr:competition:16024,doubles,men,sr:category:785,False,False,"ITF Men"
sr:competition:17348,"ITF Belgium F10, Men Singles",sr:competition:17484,singles,men,sr:category:785,False,False,"ITF Men"
sr:competition:17350,"ITF Belgium F10, Men Doubles",sr:competition:17484,doubles,men,sr:category:785,False,False,"ITF Men"
sr:competition:17354,"ITF Italy F26, Men Singles",sr:competition:17494,singles,men,sr:category:785,False,False,"ITF Men"
sr:competition:17356,"ITF Italy F26, Men Doubles",sr:competition:17494,doubles,men,sr:category:785,False,False,"ITF Men"
sr:competition:17360,"ITF Portugal F17, Men Singles",sr:competition:17512,singles,men,sr:category:785,False,False,"ITF Men"
sr:competition:17362,"ITF Portugal F17, Men Doubles",sr:competition:17512,doubles,men,sr:category:785,False,False,"ITF Men"
sr:competition:17366,"ITF Romania F11, Men Singles",sr:competition:17514,singles,men,sr:category:785,False,False,"ITF Men"
sr:competition:17368,"ITF Romania F11, Men Doubles",sr:competition:17514,doubles,men,sr:category:785,False,False,"ITF Men"
sr:competition:17372,"ITF Switzerland F4, Men Singles",sr:competition:17516,singles,men,sr:category:785,False,False,"ITF Men"
sr:competition:17374,"ITF Switzerland F4, Men Doubles",sr:competition:17516,doubles,men,sr:category:785,False,False,"ITF Men"
sr:competition:17378,"ITF Turkiye 30A, Women Singles",sr:competition:17518,singles,women,sr:category:213,False,False,"ITF Women"
sr:competition:17380,"ITF Turkiye 30A, Women Doubles",sr:competition:17518,doubles,women,sr:category:213,False,False,"ITF Women"
sr:competition:17382,"ITF Poland 05A, Women Singles",sr:competition:17556,singles,women,sr:category:213,False,False,"ITF Women"
sr:competition:17384,"ITF Poland 05A, Women Doubles",sr:competition:17556,doubles,women,sr:category:213,False,False,"ITF Women"
sr:competition:17390,"ITF Turkey F12 Men Singles",sr:competition:16110,singles,men,sr:category:785,False,False,"ITF Men"
sr:competition:17392,"ITF Turkey F12 Men Doubles",sr:competition:16110,doubles,men,sr:category:785,False,False,"ITF Men"
sr:competition:17394,"ITF Tunisia F12 Men Doubles",sr:competition:16108,doubles,men,sr:category:785,False,False,"ITF Men"
sr:competition:17396,"ITF Tunisia F12 Men Singles",sr:competition:16108,singles,men,sr:category:785,False,False,"ITF Men"
sr:competition:17398,"ITF Portugal F4, Men Singles",sr:competition:16106,singles,men,sr:category:785,False,False,"ITF Men"
sr:competition:17400,"ITF Portugal F4, Men Doubles",sr:competition:16106,doubles,men,sr:category:785,False,False,"ITF Men"
sr:competition:17402,"ITF Japan F4, Men Singles",sr:competition:16104,singles,men,sr:category:785,False,False,"ITF Men"
sr:competition:17404,"ITF Japan F4, Men Doubles",sr:competition:16104,doubles,men,sr:category:785,False,False,"ITF Men"
sr:competition:17406,"ITF Israel F3, Men Singles",sr:competition:16102,singles,men,sr:category:785,False,False,"ITF Men"
sr:competition:17408,"ITF Israel F3, Men Doubles",sr:competition:16102,doubles,men,sr:category:785,False,False,"ITF Men"
sr:competition:17410,"ITF Indonesia F4, Men Singles",sr:competition:16100,singles,men,sr:category:785,False,False,"ITF Men"
sr:competition:17412,"ITF Indonesia F4, Men Doubles",sr:competition:16100,doubles,men,sr:category:785,False,False,"ITF Men"
sr:competition:17414,"ITF Greece F4, Men Singles",sr:competition:16098,singles,men,sr:category:785,False,False,"ITF Men"
sr:competition:17416,"ITF Greece F4, Men Doubles",sr:competition:16098,doubles,men,sr:category:785,False,False,"ITF Men"
sr:competition:17418,"ITF Egypt F11, Men Singles",sr:competition:16096,singles,men,sr:category:785,False,False,"ITF Men"
sr:competition:17420,"ITF Egypt F11, Men Doubles",sr:competition:16096,doubles,men,sr:category:785,False,False,"ITF Men"
sr:competition:17422,"ITF Bahrain F2, Men Singles",sr:competition:16092,singles,men,sr:category:785,False,False,"ITF Men"
sr:competition:17424,"ITF Bahrain F2, Men Doubles",sr:competition:16092,doubles,men,sr:category:785,False,False,"ITF Men"
sr:competition:17426,"ITF Spain F9, Men Singles",sr:competition:16090,singles,men,sr:category:785,False,False,"ITF Men"
sr:competition:17428,"ITF Spain F9, Men Doubles",sr:competition:16090,doubles,men,sr:category:785,False,False,"ITF Men"
sr:competition:17430,"ITF Italy F6, Men Singles",sr:competition:16088,singles,men,sr:category:785,False,False,"ITF Men"
sr:competition:17432,"ITF Italy F6, Men Doubles",sr:competition:16088,doubles,men,sr:category:785,False,False,"ITF Men"
sr:competition:17434,"ITF Turkey F11, Men Singles",sr:competition:16086,singles,men,sr:category:785,False,False,"ITF Men"
sr:competition:17436,"ITF Turkey F11, Men Doubles",sr:competition:16086,doubles,men,sr:category:785,False,False,"ITF Men"
sr:competition:17438,"ITF Tunisia F11, Men Singles",sr:competition:16084,singles,men,sr:category:785,False,False,"ITF Men"
sr:competition:17440,"ITF Tunisia F11, Men Doubles",sr:competition:16084,doubles,men,sr:category:785,False,False,"ITF Men"
sr:competition:17442,"ITF Spain F8, Men Singles",sr:competition:16082,singles,men,sr:category:785,False,False,"ITF Men"
sr:competition:17444,"ITF Spain F8, Men Doubles",sr:competition:16082,doubles,men,sr:category:785,False,False,"ITF Men"
sr:competition:17446,"ITF Japan F3, Men Singles",sr:competition:16080,singles,men,sr:category:785,False,False,"ITF Men"
sr:competition:17448,"ITF Japan F3, Men Doubles",sr:competition:16080,doubles,men,sr:category:785,False,False,"ITF Men"
sr:competition:17450,"ITF Israel F2, Men Singles",sr:competition:16078,singles,men,sr:category:785,False,False,"ITF Men"
sr:competition:17452,"ITF Israel F2, Men Doubles",sr:competition:16078,doubles,men,sr:category:785,False,False,"ITF Men"
sr:competition:17456,"ITF Poland F10, Men Singles",sr:competition:17454,singles,men,sr:category:785,False,False,"ITF Men"
sr:competition:17458,"ITF Poland F10, Men Doubles",sr:competition:17454,doubles,men,sr:category:785,False,False,"ITF Men"
sr:competition:17462,"ITF Spain F26, Men Singles",sr:competition:17460,singles,men,sr:category:785,False,False,"ITF Men"
sr:competition:17464,"ITF Spain F26, Men Doubles",sr:competition:17460,doubles,men,sr:category:785,False,False,"ITF Men"
sr:competition:17468,"ITF Turkey F31, Men Singles",sr:competition:17466,singles,men,sr:category:785,False,False,"ITF Men"
sr:competition:17470,"ITF Turkey F31, Men Doubles",sr:competition:17466,doubles,men,sr:category:785,False,False,"ITF Men"
sr:competition:17474,"ITF Argentina F4, Men Singles",sr:competition:17472,singles,men,sr:category:785,False,False,"ITF Men"
sr:competition:17476,"ITF Argentina F4, Men Doubles",sr:competition:17472,doubles,men,sr:category:785,False,False,"ITF Men"
sr:competition:17480,"ITF Belarus F3, Men Singles",sr:competition:17478,singles,men,sr:category:785,False,False,"ITF Men"
sr:competition:17482,"ITF Belarus F3, Men Doubles",sr:competition:17478,doubles,men,sr:category:785,False,False,"ITF Men"
sr:competition:17488,"ITF Germany F12, Men Singles",sr:competition:17486,singles,men,sr:category:785,False,False,"ITF Men"
sr:competition:17490,"ITF Germany F12, Men Doubles",sr:competition:17486,doubles,men,sr:category:785,False,False,"ITF Men"
sr:competition:17500,"ITF Netherlands F6, Men Singles",sr:competition:17498,singles,men,sr:category:785,False,False,"ITF Men"
sr:competition:17502,"ITF Netherlands F6, Men Doubles",sr:competition:17498,doubles,men,sr:category:785,False,False,"ITF Men"
sr:competition:17508,"ITF Serbia F3, Men Singles",sr:competition:17506,singles,men,sr:category:785,False,False,"ITF Men"
sr:competition:17510,"ITF Serbia F3, Men Doubles",sr:competition:17506,doubles,men,sr:category:785,False,False,"ITF Men"
sr:competition:17522,"ITF Germany 14A, Women Singles",sr:competition:17520,singles,women,sr:category:213,False,False,"ITF Women"
sr:competition:17524,"ITF Germany 14A, Women Doubles",sr:competition:17520,doubles,women,sr:category:213,False,False,"ITF Women"
sr:competition:17528,"ITF Hungary 06A, Women Singles",sr:competition:17526,singles,women,sr:category:213,False,False,"ITF Women"
sr:competition:17530,"ITF Hungary 06A, Women Doubles",sr:competition:17526,doubles,women,sr:category:213,False,False,"ITF Women"
sr:competition:17534,"ITF Japan 09A, Women Singles",sr:competition:17532,singles,women,sr:category:213,False,False,"ITF Women"
sr:competition:17536,"ITF Japan 09A, Women Doubles",sr:competition:17532,doubles,women,sr:category:213,False,False,"ITF Women"
sr:competition:17540,"ITF Belgium 05A, Women Singles",sr:competition:17538,singles,women,sr:category:213,False,False,"ITF Women"
sr:competition:17542,"ITF Belgium 05A, Women Doubles",sr:competition:17538,doubles,women,sr:category:213,False,False,"ITF Women"
sr:competition:17546,"ITF Italy 23A, Women Singles",sr:competition:17544,singles,women,sr:category:213,False,False,"ITF Women"
sr:competition:17548,"ITF Italy 23A, Women Doubles",sr:competition:17544,doubles,women,sr:category:213,False,False,"ITF Women"
sr:competition:17552,"ITF Netherlands 05A, Women Singles",sr:competition:17550,singles,women,sr:category:213,False,False,"ITF Women"
sr:competition:17554,"ITF Netherlands 05A, Women Doubles",sr:competition:17550,doubles,women,sr:category:213,False,False,"ITF Women"
sr:competition:17560,"ITF Romania 09A, Women Singles",sr:competition:17558,singles,women,sr:category:213,False,False,"ITF Women"
sr:competition:17562,"ITF Romania 09A, Women Doubles",sr:competition:17558,doubles,women,sr:category:213,False,False,"ITF Women"
sr:competition:17566,"ITF Serbia 04A, Women Singles",sr:competition:17564,singles,women,sr:category:213,False,False,"ITF Women"
sr:competition:17568,"ITF Serbia 04A, Women Doubles",sr:competition:17564,doubles,women,sr:category:213,False,False,"ITF Women"
sr:competition:17572,"ITF Switzerland 04A, Women Singles",sr:competition:17570,singles,women,sr:category:213,False,False,"ITF Women"
sr:competition:17574,"ITF Switzerland 04A, Women Doubles",sr:competition:17570,doubles,women,sr:category:213,False,False,"ITF Women"
sr:competition:17576,"ITF Greece F3, Men Singles",sr:competition:16074,singles,men,sr:category:785,False,False,"ITF Men"
sr:competition:17578,"ITF Greece F3, Men Doubles",sr:competition:16074,doubles,men,sr:category:785,False,False,"ITF Men"
sr:competition:17580,"ITF Egypt F10, Men Singles",sr:competition:16070,singles,men,sr:category:785,False,False,"ITF Men"
sr:competition:17582,"ITF Egypt F10, Men Doubles",sr:competition:16070,doubles,men,sr:category:785,False,False,"ITF Men"
sr:competition:17584,"ITF Croatia F3, Men Singles",sr:competition:16068,singles,men,sr:category:785,False,False,"ITF Men"
sr:competition:17586,"ITF Croatia F3, Men Doubles",sr:competition:16068,doubles,men,sr:category:785,False,False,"ITF Men"
sr:competition:17588,"ITF Bahrain F1, Men Singles",sr:competition:16066,singles,men,sr:category:785,False,False,"ITF Men"
sr:competition:17590,"ITF Bahrain F1, Men Doubles",sr:competition:16066,doubles,men,sr:category:785,False,False,"ITF Men"
sr:competition:17592,"ITF USA F11, Men Singles",sr:competition:16064,singles,men,sr:category:785,False,False,"ITF Men"
sr:competition:17594,"ITF USA F11, Men Doubles",sr:competition:16064,doubles,men,sr:category:785,False,False,"ITF Men"
sr:competition:17596,"ITF Italy F5, Men Singles",sr:competition:16062,singles,men,sr:category:785,False,False,"ITF Men"
sr:competition:17598,"ITF Italy F5, Men Doubles",sr:competition:16062,doubles,men,sr:category:785,False,False,"ITF Men"
sr:competition:17600,"ITF Australia F3, Men Singles",sr:competition:16060,singles,men,sr:category:785,False,False,"ITF Men"
sr:competition:17602,"ITF Australia F3, Men Doubles",sr:competition:16060,doubles,men,sr:category:785,False,False,"ITF Men"
sr:competition:17604,"ITF Turkey F10, Men Singles",sr:competition:16058,singles,men,sr:category:785,False,False,"ITF Men"
sr:competition:17606,"ITF Turkey F10, Men Doubles",sr:competition:16058,doubles,men,sr:category:785,False,False,"ITF Men"
sr:competition:17608,"ITF Tunisia F10, Men Singles",sr:competition:16056,singles,men,sr:category:785,False,False,"ITF Men"
sr:competition:17610,"ITF Tunisia F10, Men Doubles",sr:competition:16056,doubles,men,sr:category:785,False,False,"ITF Men"
sr:competition:17612,"ITF Japan F2, Men Singles",sr:competition:16050,singles,men,sr:category:785,False,False,"ITF Men"
sr:competition:17614,"ITF Japan F2, Men Doubles",sr:competition:16050,doubles,men,sr:category:785,False,False,"ITF Men"
sr:competition:17616,"ITF Italy F4, Men Singles",sr:competition:16048,singles,men,sr:category:785,False,False,"ITF Men"
sr:competition:17618,"ITF Italy F4, Men Doubles",sr:competition:16048,doubles,men,sr:category:785,False,False,"ITF Men"
sr:competition:17620,"ITF Israel F1, Men Singles",sr:competition:16046,singles,men,sr:category:785,False,False,"ITF Men"
sr:competition:17622,"ITF Israel F1, Men Doubles",sr:competition:16046,doubles,men,sr:category:785,False,False,"ITF Men"
sr:competition:17624,"ITF India F5, Men Singles",sr:competition:16044,singles,men,sr:category:785,False,False,"ITF Men"
sr:competition:17626,"ITF India F5, Men Doubles",sr:competition:16044,doubles,men,sr:category:785,False,False,"ITF Men"
sr:competition:17628,"ITF Portugal F2, Men Doubles",sr:competition:16026,doubles,men,sr:category:785,False,False,"ITF Men"
sr:competition:17630,"ITF Portugal F2, Men Singles",sr:competition:16026,singles,men,sr:category:785,False,False,"ITF Men"
sr:competition:17632,"ITF Tunisia F9, Men Singles",sr:competition:16028,singles,men,sr:category:785,False,False,"ITF Men"
sr:competition:17634,"ITF Tunisia F9, Men Doubles",sr:competition:16028,doubles,men,sr:category:785,False,False,"ITF Men"
sr:competition:17636,"ITF France F6, Men Singles",sr:competition:16040,singles,men,sr:category:785,False,False,"ITF Men"
sr:competition:17638,"ITF France F6, Men Doubles",sr:competition:16040,doubles,men,sr:category:785,False,False,"ITF Men"
sr:competition:17640,"ITF Egypt F9, Men Singles",sr:competition:16038,singles,men,sr:category:785,False,False,"ITF Men"
sr:competition:17642,"ITF Egypt F9, Men Doubles",sr:competition:16038,doubles,men,sr:category:785,False,False,"ITF Men"
sr:competition:17644,"ITF Turkey F9, Men Singles",sr:competition:16030,singles,men,sr:category:785,False,False,"ITF Men"
sr:competition:17646,"ITF Turkey F9, Men Doubles",sr:competition:16030,doubles,men,sr:category:785,False,False,"ITF Men"
sr:competition:17648,"ITF Croatia F2, Men Singles",sr:competition:16036,singles,men,sr:category:785,False,False,"ITF Men"
sr:competition:17650,"ITF Croatia F2, Men Doubles",sr:competition:16036,doubles,men,sr:category:785,False,False,"ITF Men"
sr:competition:17652,"ITF USA F10, Men Singles",sr:competition:16034,singles,men,sr:category:785,False,False,"ITF Men"
sr:competition:17654,"ITF USA F10, Men Doubles",sr:competition:16034,doubles,men,sr:category:785,False,False,"ITF Men"
sr:competition:17658,"ITF China F4, Men Singles",sr:competition:17656,singles,men,sr:category:785,False,False,"ITF Men"
sr:competition:17660,"ITF China F4, Men Doubles",sr:competition:17656,doubles,men,sr:category:785,False,False,"ITF Men"
sr:competition:17664,"ITF USA F15, Men Singles",sr:competition:17662,singles,men,sr:category:785,False,False,"ITF Men"
sr:competition:17668,"ITF Italy F7, Men Singles",sr:competition:17666,singles,men,sr:category:785,False,False,"ITF Men"
sr:competition:17670,"ITF USA F15, Men Doubles",sr:competition:17662,doubles,men,sr:category:785,False,False,"ITF Men"
sr:competition:17672,"ITF Italy F7, Men Doubles",sr:competition:17666,doubles,men,sr:category:785,False,False,"ITF Men"
sr:competition:17676,"ITF Spain F10, Men Singles",sr:competition:17674,singles,men,sr:category:785,False,False,"ITF Men"
sr:competition:17678,"ITF Spain F10, Men Doubles",sr:competition:17674,doubles,men,sr:category:785,False,False,"ITF Men"
sr:competition:17684,"ITF Egypt F12, Men Singles",sr:competition:17682,singles,men,sr:category:785,False,False,"ITF Men"
sr:competition:17686,"ITF Egypt F12, Men Doubles",sr:competition:17682,doubles,men,sr:category:785,False,False,"ITF Men"
sr:competition:17688,"ITF Turkey F16, Men Singles",sr:competition:17680,singles,men,sr:category:785,False,False,"ITF Men"
sr:competition:17690,"ITF Turkey F16, Men Doubles",sr:competition:17680,doubles,men,sr:category:785,False,False,"ITF Men"
sr:competition:17696,"ITF Tunisia F16, Men Doubles",sr:competition:17694,doubles,men,sr:category:785,False,False,"ITF Men"
sr:competition:17698,"ITF Tunisia F16, Men Singles",sr:competition:17694,singles,men,sr:category:785,False,False,"ITF Men"
sr:competition:17702,"ITF Greece F5, Men Singles",sr:competition:17700,singles,men,sr:category:785,False,False,"ITF Men"
sr:competition:17704,"ITF Greece F5, Men Doubles",sr:competition:17700,doubles,men,sr:category:785,False,False,"ITF Men"
sr:competition:17708,"ITF Indonesia F5, Men Singles",sr:competition:17706,singles,men,sr:category:785,False,False,"ITF Men"
sr:competition:17712,"ITF Indonesia F5, Men Doubles",sr:competition:17706,doubles,men,sr:category:785,False,False,"ITF Men"
sr:competition:17714,"ITF Spain F11, Men Singles",sr:competition:17710,singles,men,sr:category:785,False,False,"ITF Men"
sr:competition:17716,"ITF Spain F11, Men Doubles",sr:competition:17710,doubles,men,sr:category:785,False,False,"ITF Men"
sr:competition:17720,"ITF Japan F5, Men Singles",sr:competition:17718,singles,men,sr:category:785,False,False,"ITF Men"
sr:competition:17722,"ITF Japan F5, Men Doubles",sr:competition:17718,doubles,men,sr:category:785,False,False,"ITF Men"
sr:competition:17726,"ITF Portugal F5, Men Singles",sr:competition:17724,singles,men,sr:category:785,False,False,"ITF Men"
sr:competition:17728,"ITF Portugal F5, Men Doubles",sr:competition:17724,doubles,men,sr:category:785,False,False,"ITF Men"
sr:competition:17732,"ITF Kazakhstan F5, Men Singles",sr:competition:17730,singles,men,sr:category:785,False,False,"ITF Men"
sr:competition:17734,"ITF Kazakhstan F5, Men Doubles",sr:competition:17730,doubles,men,sr:category:785,False,False,"ITF Men"
sr:competition:17738,"ITF Qatar F1, Men Singles",sr:competition:17736,singles,men,sr:category:785,False,False,"ITF Men"
sr:competition:17740,"ITF Qatar F1, Men Doubles",sr:competition:17736,doubles,men,sr:category:785,False,False,"ITF Men"
sr:competition:17744,"ITF Israel F4, Men Singles",sr:competition:17742,singles,men,sr:category:785,False,False,"ITF Men"
sr:competition:17746,"ITF Israel F4, Men Doubles",sr:competition:17742,doubles,men,sr:category:785,False,False,"ITF Men"
sr:competition:17750,"ITF Tunisia F13, Men Singles",sr:competition:17748,singles,men,sr:category:785,False,False,"ITF Men"
sr:competition:17752,"ITF Tunisia F13, Men Doubles",sr:competition:17748,doubles,men,sr:category:785,False,False,"ITF Men"
sr:competition:17756,"ITF Egypt F15, Men Singles",sr:competition:17754,singles,men,sr:category:785,False,False,"ITF Men"
sr:competition:17758,"ITF Egypt F15, Men Doubles",sr:competition:17754,doubles,men,sr:category:785,False,False,"ITF Men"
sr:competition:17762,"ITF Turkey F13, Men Singles",sr:competition:17760,singles,men,sr:category:785,False,False,"ITF Men"
sr:competition:17764,"ITF Turkey F13, Men Doubles",sr:competition:17760,doubles,men,sr:category:785,False,False,"ITF Men"
sr:competition:17770,"ITF Uzbekistan F2, Men Singles",sr:competition:17766,singles,men,sr:category:785,False,False,"ITF Men"
sr:competition:17772,"ITF Uzbekistan F2, Men Doubles",sr:competition:17766,doubles,men,sr:category:785,False,False,"ITF Men"
sr:competition:17776,"ITF USA F13, Men Singles",sr:competition:17774,singles,men,sr:category:785,False,False,"ITF Men"
sr:competition:17778,"ITF USA F13, Men Doubles",sr:competition:17774,doubles,men,sr:category:785,False,False,"ITF Men"
sr:competition:17782,"ITF Italy F10, Men Singles",sr:competition:17780,singles,men,sr:category:785,False,False,"ITF Men"
sr:competition:17784,"ITF Italy F10, Men Doubles",sr:competition:17780,doubles,men,sr:category:785,False,False,"ITF Men"
sr:competition:17800,"ITF Egypt F13, Men Singles",sr:competition:17798,singles,men,sr:category:785,False,False,"ITF Men"
sr:competition:17802,"ITF Egypt F13, Men Doubles",sr:competition:17798,doubles,men,sr:category:785,False,False,"ITF Men"
sr:competition:17806,"ITF Indonesia F6, Men Singles",sr:competition:17804,singles,men,sr:category:785,False,False,"ITF Men"
sr:competition:17808,"ITF Indonesia F6, Men Doubles",sr:competition:17804,doubles,men,sr:category:785,False,False,"ITF Men"
sr:competition:17812,"ITF Italy F8, Men Singles",sr:competition:17810,singles,men,sr:category:785,False,False,"ITF Men"
sr:competition:17814,"ITF Italy F8, Men Doubles",sr:competition:17810,doubles,men,sr:category:785,False,False,"ITF Men"
sr:competition:17818,"ITF Kazakhstan F3, Men Singles",sr:competition:17816,singles,men,sr:category:785,False,False,"ITF Men"
sr:competition:17820,"ITF Kazakhstan F3, Men Doubles",sr:competition:17816,doubles,men,sr:category:785,False,False,"ITF Men"
sr:competition:17824,"ITF Portugal F6, Men Singles",sr:competition:17822,singles,men,sr:category:785,False,False,"ITF Men"
sr:competition:17826,"ITF Portugal F6, Men Doubles",sr:competition:17822,doubles,men,sr:category:785,False,False,"ITF Men"
sr:competition:17830,"ITF Qatar F2, Men Singles",sr:competition:17828,singles,men,sr:category:785,False,False,"ITF Men"
sr:competition:17832,"ITF Qatar F2, Men Doubles",sr:competition:17828,doubles,men,sr:category:785,False,False,"ITF Men"
sr:competition:17836,"ITF Tunisia F14, Men Singles",sr:competition:17834,singles,men,sr:category:785,False,False,"ITF Men"
sr:competition:17838,"ITF Tunisia F14, Men Doubles",sr:competition:17834,doubles,men,sr:category:785,False,False,"ITF Men"
sr:competition:17842,"ITF Turkey F14, Men Singles",sr:competition:17840,singles,men,sr:category:785,False,False,"ITF Men"
sr:competition:17844,"ITF Turkey F14, Men Doubles",sr:competition:17840,doubles,men,sr:category:785,False,False,"ITF Men"
sr:competition:17848,"ITF Italy F9, Men Singles",sr:competition:17846,singles,men,sr:category:785,False,False,"ITF Men"
sr:competition:17850,"ITF Italy F9, Men Doubles",sr:competition:17846,doubles,men,sr:category:785,False,False,"ITF Men"
sr:competition:17854,"ITF Uzbekistan F1, Men Singles",sr:competition:17852,singles,men,sr:category:785,False,False,"ITF Men"
sr:competition:17856,"ITF Uzbekistan F1, Men Doubles",sr:competition:17852,doubles,men,sr:category:785,False,False,"ITF Men"
sr:competition:17860,"ITF Egypt F14, Men Singles",sr:competition:17858,singles,men,sr:category:785,False,False,"ITF Men"
sr:competition:17862,"ITF Egypt F14, Men Doubles",sr:competition:17858,doubles,men,sr:category:785,False,False,"ITF Men"
sr:competition:17866,"ITF France F8, Men Singles",sr:competition:17864,singles,men,sr:category:785,False,False,"ITF Men"
sr:competition:17868,"ITF France F8, Men Doubles",sr:competition:17864,doubles,men,sr:category:785,False,False,"ITF Men"
sr:competition:17872,"ITF Kazakhstan F4, Men Singles",sr:competition:17870,singles,men,sr:category:785,False,False,"ITF Men"
sr:competition:17874,"ITF Kazakhstan F4, Men Doubles",sr:competition:17870,doubles,men,sr:category:785,False,False,"ITF Men"
sr:competition:17880,"ITF Qatar F3, Men Singles",sr:competition:17878,singles,men,sr:category:785,False,False,"ITF Men"
sr:competition:17882,"ITF Qatar F3, Men Doubles",sr:competition:17878,doubles,men,sr:category:785,False,False,"ITF Men"
sr:competition:17886,"ITF Tunisia F15, Men Singles",sr:competition:17884,singles,men,sr:category:785,False,False,"ITF Men"
sr:competition:17888,"ITF Tunisia F15, Men Doubles",sr:competition:17884,doubles,men,sr:category:785,False,False,"ITF Men"
sr:competition:17892,"ITF Turkey F15, Men Singles",sr:competition:17890,singles,men,sr:category:785,False,False,"ITF Men"
sr:competition:17894,"ITF Turkey F15, Men Doubles",sr:competition:17890,doubles,men,sr:category:785,False,False,"ITF Men"
sr:competition:17898,"ITF USA F14, Men Singles",sr:competition:17896,singles,men,sr:category:785,False,False,"ITF Men"
sr:competition:17900,"ITF USA F14, Men Doubles",sr:competition:17896,doubles,men,sr:category:785,False,False,"ITF Men"
sr:competition:17904,"ITF France F9, Men Singles",sr:competition:17902,singles,men,sr:category:785,False,False,"ITF Men"
sr:competition:17906,"ITF France F9, Men Doubles",sr:competition:17902,doubles,men,sr:category:785,False,False,"ITF Men"
sr:competition:17910,"ITF Nigeria F1, Men Singles",sr:competition:17908,singles,men,sr:category:785,False,False,"ITF Men"
sr:competition:17912,"ITF Nigeria F1, Men Doubles",sr:competition:17908,doubles,men,sr:category:785,False,False,"ITF Men"
sr:competition:17916,"ITF Spain F12, Men Singles",sr:competition:17914,singles,men,sr:category:785,False,False,"ITF Men"
sr:competition:17918,"ITF Spain F12, Men Doubles",sr:competition:17914,doubles,men,sr:category:785,False,False,"ITF Men"
sr:competition:17922,"ITF France F10, Men Singles",sr:competition:17920,singles,men,sr:category:785,False,False,"ITF Men"
sr:competition:17924,"ITF France F10, Men Doubles",sr:competition:17920,doubles,men,sr:category:785,False,False,"ITF Men"
sr:competition:17928,"ITF Israel F5, Men Singles",sr:competition:17926,singles,men,sr:category:785,False,False,"ITF Men"
sr:competition:17930,"ITF Israel F5, Men Doubles",sr:competition:17926,doubles,men,sr:category:785,False,False,"ITF Men"
sr:competition:17946,"ITF Italy F11, Men Singles",sr:competition:17944,singles,men,sr:category:785,False,False,"ITF Men"
sr:competition:17948,"ITF Italy F11, Men Doubles",sr:competition:17944,doubles,men,sr:category:785,False,False,"ITF Men"
sr:competition:17954,"ITF Tunisia F17, Men Singles",sr:competition:17952,singles,men,sr:category:785,False,False,"ITF Men"
sr:competition:17956,"ITF Tunisia F17, Men Doubles",sr:competition:17952,doubles,men,sr:category:785,False,False,"ITF Men"
sr:competition:17960,"ITF Turkey F17, Men Singles",sr:competition:17958,singles,men,sr:category:785,False,False,"ITF Men"
sr:competition:17962,"ITF Turkey F17, Men Doubles",sr:competition:17958,doubles,men,sr:category:785,False,False,"ITF Men"
sr:competition:17966,"ITF USA F16, Men Singles",sr:competition:17964,singles,men,sr:category:785,False,False,"ITF Men"
sr:competition:17968,"ITF USA F16, Men Doubles",sr:competition:17964,doubles,men,sr:category:785,False,False,"ITF Men"
sr:competition:17974,"ITF Nigeria F2, Men Singles",sr:competition:17972,singles,men,sr:category:785,False,False,"ITF Men"
sr:competition:17976,"ITF Nigeria F2, Men Doubles",sr:competition:17972,doubles,men,sr:category:785,False,False,"ITF Men"
sr:competition:17980,"ITF Sweden F1, Men Singles",sr:competition:17978,singles,men,sr:category:785,False,False,"ITF Men"
sr:competition:17982,"ITF Sweden F1, Men Doubles",sr:competition:17978,doubles,men,sr:category:785,False,False,"ITF Men"
sr:competition:17988,"ITF China F6, Men Singles",sr:competition:17986,singles,men,sr:category:785,False,False,"ITF Men"
sr:competition:17990,"ITF China F6, Men Doubles",sr:competition:17986,doubles,men,sr:category:785,False,False,"ITF Men"
sr:competition:17996,"ITF Israel F6, Men Singles",sr:competition:17994,singles,men,sr:category:785,False,False,"ITF Men"
sr:competition:17998,"ITF Israel F6, Men Doubles",sr:competition:17994,doubles,men,sr:category:785,False,False,"ITF Men"
sr:competition:18002,"ITF Mexico F3, Men Singles",sr:competition:18000,singles,men,sr:category:785,False,False,"ITF Men"
sr:competition:18004,"ITF Mexico F3, Men Doubles",sr:competition:18000,doubles,men,sr:category:785,False,False,"ITF Men"
sr:competition:18008,"ITF Spain F13, Men Singles",sr:competition:18006,singles,men,sr:category:785,False,False,"ITF Men"
sr:competition:18010,"ITF Spain F13, Men Doubles",sr:competition:18006,doubles,men,sr:category:785,False,False,"ITF Men"
sr:competition:18014,"ITF Tunisia F18, Men Singles",sr:competition:18012,singles,men,sr:category:785,False,False,"ITF Men"
sr:competition:18016,"ITF Tunisia F18, Men Doubles",sr:competition:18012,doubles,men,sr:category:785,False,False,"ITF Men"
sr:competition:18020,"ITF Turkey F18, Men Singles",sr:competition:18018,singles,men,sr:category:785,False,False,"ITF Men"
sr:competition:18022,"ITF Turkey F18, Men Doubles",sr:competition:18018,doubles,men,sr:category:785,False,False,"ITF Men"
sr:competition:18026,"ITF Ukraine F1, Men Singles",sr:competition:18024,singles,men,sr:category:785,False,False,"ITF Men"
sr:competition:18028,"ITF Ukraine F1, Men Doubles",sr:competition:18024,doubles,men,sr:category:785,False,False,"ITF Men"
sr:competition:18032,"Juniors US Open, New York, USA Men Singles",sr:competition:18030,singles,men,sr:category:1474,False,False,Juniors
sr:competition:18034,"Juniors US Open, New York, USA Men Doubles",sr:competition:18030,doubles,men,sr:category:1474,False,False,Juniors
sr:competition:18036,"Juniors US Open, New York, USA Women Singles",sr:competition:18030,singles,women,sr:category:1474,False,False,Juniors
sr:competition:18038,"Juniors US Open, New York, USA Women Doubles",sr:competition:18030,doubles,women,sr:category:1474,False,False,Juniors
sr:competition:18042,"ITF China F7, Men Singles",sr:competition:18040,singles,men,sr:category:785,False,False,"ITF Men"
sr:competition:18044,"ITF China F7, Men Doubles",sr:competition:18040,doubles,men,sr:category:785,False,False,"ITF Men"
sr:competition:18048,"Wheelchairs US Open, New York, USA Men Singles",sr:competition:18046,singles,men,sr:category:1476,False,False,Wheelchairs
sr:competition:18050,"Wheelchairs US Open, New York, USA Men Doubles",sr:competition:18046,doubles,men,sr:category:1476,False,False,Wheelchairs
sr:competition:18052,"Wheelchairs US Open, New York, USA Women Singles",sr:competition:18046,singles,women,sr:category:1476,False,False,Wheelchairs
sr:competition:18054,"Wheelchairs US Open, New York, USA Women Doubles",sr:competition:18046,doubles,women,sr:category:1476,False,False,Wheelchairs
sr:competition:18058,"Legends US Open, New York, USA Men Doubles",sr:competition:18056,doubles,men,sr:category:1475,False,False,Legends
sr:competition:18060,"Legends US Open, New York, USA Women Doubles",sr:competition:18056,doubles,women,sr:category:1475,False,False,Legends
sr:competition:18064,"ITF Nigeria F3, Men Singles",sr:competition:18062,singles,men,sr:category:785,False,False,"ITF Men"
sr:competition:18066,"ITF Nigeria F3, Men Doubles",sr:competition:18062,doubles,men,sr:category:785,False,False,"ITF Men"
sr:competition:18070,"ITF Sweden F2, Men Singles",sr:competition:18068,singles,men,sr:category:785,False,False,"ITF Men"
sr:competition:18072,"ITF Sweden F2, Men Doubles",sr:competition:18068,doubles,men,sr:category:785,False,False,"ITF Men"
sr:competition:18076,"ITF Czech Republic F1, Men Singles",sr:competition:18074,singles,men,sr:category:785,False,False,"ITF Men"
sr:competition:18078,"ITF Czech Republic F1, Men Doubles",sr:competition:18074,doubles,men,sr:category:785,False,False,"ITF Men"
sr:competition:18082,"ITF Hungary F2, Men Singles",sr:competition:18080,singles,men,sr:category:785,False,False,"ITF Men"
sr:competition:18084,"ITF Hungary F2, Men Doubles",sr:competition:18080,doubles,men,sr:category:785,False,False,"ITF Men"
sr:competition:18088,"ITF Israel F7, Men Singles",sr:competition:18086,singles,men,sr:category:785,False,False,"ITF Men"
sr:competition:18090,"ITF Israel F7, Men Doubles",sr:competition:18086,doubles,men,sr:category:785,False,False,"ITF Men"
sr:competition:18094,"ITF Italy F13, Men Singles",sr:competition:18092,singles,men,sr:category:785,False,False,"ITF Men"
sr:competition:18096,"ITF Italy F13, Men Doubles",sr:competition:18092,doubles,men,sr:category:785,False,False,"ITF Men"
sr:competition:18100,"ITF Mexico F4, Men Singles",sr:competition:18098,singles,men,sr:category:785,False,False,"ITF Men"
sr:competition:18102,"ITF Mexico F4, Men Doubles",sr:competition:18098,doubles,men,sr:category:785,False,False,"ITF Men"
sr:competition:18106,"ITF Romania F1, Men Singles",sr:competition:18104,singles,men,sr:category:785,False,False,"ITF Men"
sr:competition:18108,"ITF Romania F1, Men Doubles",sr:competition:18104,doubles,men,sr:category:785,False,False,"ITF Men"
sr:competition:18112,"ITF Spain F14, Men Singles",sr:competition:18110,singles,men,sr:category:785,False,False,"ITF Men"
sr:competition:18114,"ITF Spain F14, Men Doubles",sr:competition:18110,doubles,men,sr:category:785,False,False,"ITF Men"
sr:competition:18118,"ITF Tunisia F19, Men Singles",sr:competition:18116,singles,men,sr:category:785,False,False,"ITF Men"
sr:competition:18120,"ITF Tunisia F19, Men Doubles",sr:competition:18116,doubles,men,sr:category:785,False,False,"ITF Men"
sr:competition:18124,"ITF Hungary F7, Men Singles",sr:competition:18214,singles,men,sr:category:785,False,False,"ITF Men"
sr:competition:18126,"ITF Hungary F7, Men Doubles",sr:competition:18214,doubles,men,sr:category:785,False,False,"ITF Men"
sr:competition:18130,"ITF Portugal F18, Men Singles",sr:competition:18222,singles,men,sr:category:785,False,False,"ITF Men"
sr:competition:18132,"ITF Portugal F18, Men Doubles",sr:competition:18222,doubles,men,sr:category:785,False,False,"ITF Men"
sr:competition:18136,"ITF Turkey F19, Men Singles",sr:competition:18134,singles,men,sr:category:785,False,False,"ITF Men"
sr:competition:18138,"ITF Turkey F19, Men Doubles",sr:competition:18134,doubles,men,sr:category:785,False,False,"ITF Men"
sr:competition:18142,"ITF Poland 06A, Women Singles",sr:competition:18326,singles,women,sr:category:213,False,False,"ITF Women"
sr:competition:18144,"ITF Poland 06A, Women Doubles",sr:competition:18326,doubles,women,sr:category:213,False,False,"ITF Women"
sr:competition:18148,"ITF Belgium 06A, Women Singles",sr:competition:18146,singles,women,sr:category:213,False,False,"ITF Women"
sr:competition:18150,"ITF Belgium 06A, Women Doubles",sr:competition:18146,doubles,women,sr:category:213,False,False,"ITF Women"
sr:competition:18154,"ITF Japan 09B, Women Singles",sr:competition:18152,singles,women,sr:category:213,False,False,"ITF Women"
sr:competition:18156,"ITF Japan 09B, Women Doubles",sr:competition:18152,doubles,women,sr:category:213,False,False,"ITF Women"
sr:competition:18160,"ITF Ukraine F2, Men Singles",sr:competition:18158,singles,men,sr:category:785,False,False,"ITF Men"
sr:competition:18162,"ITF Ukraine F2, Men Doubles",sr:competition:18158,doubles,men,sr:category:785,False,False,"ITF Men"
sr:competition:18166,"ITF China F8, Men Singles",sr:competition:18164,singles,men,sr:category:785,False,False,"ITF Men"
sr:competition:18168,"ITF China F8, Men Doubles",sr:competition:18164,doubles,men,sr:category:785,False,False,"ITF Men"
sr:competition:18172,"ITF Romania F2, Men Singles",sr:competition:18170,singles,men,sr:category:785,False,False,"ITF Men"
sr:competition:18174,"ITF Romania F2, Men Doubles",sr:competition:18170,doubles,men,sr:category:785,False,False,"ITF Men"
sr:competition:18178,"ITF Bosnia & Herzegovina F1, Men Singles",sr:competition:18176,singles,men,sr:category:785,False,False,"ITF Men"
sr:competition:18180,"ITF Bosnia & Herzegovina F1, Men Doubles",sr:competition:18176,doubles,men,sr:category:785,False,False,"ITF Men"
sr:competition:18184,"ITF Czech Republic F2, Men Singles",sr:competition:18182,singles,men,sr:category:785,False,False,"ITF Men"
sr:competition:18186,"ITF Czech Republic F2, Men Doubles",sr:competition:18182,doubles,men,sr:category:785,False,False,"ITF Men"
sr:competition:18192,"ITF Hungary F3, Men Singles",sr:competition:18190,singles,men,sr:category:785,False,False,"ITF Men"
sr:competition:18194,"ITF Hungary F3, Men Doubles",sr:competition:18190,doubles,men,sr:category:785,False,False,"ITF Men"
sr:competition:18198,"ITF Israel F8, Men Singles",sr:competition:18196,singles,men,sr:category:785,False,False,"ITF Men"
sr:competition:18200,"ITF Israel F8, Men Doubles",sr:competition:18196,doubles,men,sr:category:785,False,False,"ITF Men"
sr:competition:18234,"ITF Canada F5, Men Singles",sr:competition:18206,singles,men,sr:category:785,False,False,"ITF Men"
sr:competition:18236,"ITF Canada F5, Men Doubles",sr:competition:18206,doubles,men,sr:category:785,False,False,"ITF Men"
sr:competition:18238,"ITF Spain F27, Men Singles",sr:competition:18208,singles,men,sr:category:785,False,False,"ITF Men"
sr:competition:18240,"ITF Spain F27, Men Doubles",sr:competition:18208,doubles,men,sr:category:785,False,False,"ITF Men"
sr:competition:18242,"ITF Argentina F5, Men Singles",sr:competition:18210,singles,men,sr:category:785,False,False,"ITF Men"
sr:competition:18244,"ITF Argentina F5, Men Doubles",sr:competition:18210,doubles,men,sr:category:785,False,False,"ITF Men"
sr:competition:18246,"ITF Belgium F11, Men Singles",sr:competition:18212,singles,men,sr:category:785,False,False,"ITF Men"
sr:competition:18248,"ITF Belgium F11, Men Doubles",sr:competition:18212,doubles,men,sr:category:785,False,False,"ITF Men"
sr:competition:18250,"ITF Italy F27, Men Singles",sr:competition:18216,singles,men,sr:category:785,False,False,"ITF Men"
sr:competition:18252,"ITF Italy F27, Men Doubles",sr:competition:18216,doubles,men,sr:category:785,False,False,"ITF Men"
sr:competition:18254,"ITF Poland F11, Men Singles",sr:competition:18220,singles,men,sr:category:785,False,False,"ITF Men"
sr:competition:18256,"ITF Poland F11, Men Doubles",sr:competition:18220,doubles,men,sr:category:785,False,False,"ITF Men"
sr:competition:18258,"ITF Romania F12, Men Singles",sr:competition:18224,singles,men,sr:category:785,False,False,"ITF Men"
sr:competition:18260,"ITF Romania F12, Men Doubles",sr:competition:18224,doubles,men,sr:category:785,False,False,"ITF Men"
sr:competition:18262,"ITF Serbia F4, Men Singles",sr:competition:18226,singles,men,sr:category:785,False,False,"ITF Men"
sr:competition:18264,"ITF Serbia F4, Men Doubles",sr:competition:18226,doubles,men,sr:category:785,False,False,"ITF Men"
sr:competition:18266,"ITF Switzerland F5, Men Singles",sr:competition:18228,singles,men,sr:category:785,False,False,"ITF Men"
sr:competition:18268,"ITF Switzerland F5, Men Doubles",sr:competition:18228,doubles,men,sr:category:785,False,False,"ITF Men"
sr:competition:18272,"ITF Turkey F32, Men Singles",sr:competition:18230,singles,men,sr:category:785,False,False,"ITF Men"
sr:competition:18274,"ITF Turkey F32, Men Doubles",sr:competition:18230,doubles,men,sr:category:785,False,False,"ITF Men"
sr:competition:18276,"ITF Ukraine F4, Men Singles",sr:competition:18232,singles,men,sr:category:785,False,False,"ITF Men"
sr:competition:18278,"ITF Ukraine F4, Men Doubles",sr:competition:18232,doubles,men,sr:category:785,False,False,"ITF Men"
sr:competition:18282,"ITF Hungary 07A, Women Singles",sr:competition:18280,singles,women,sr:category:213,False,False,"ITF Women"
sr:competition:18284,"ITF Hungary 07A, Women Doubles",sr:competition:18280,doubles,women,sr:category:213,False,False,"ITF Women"
sr:competition:18288,"ITF Italy 24A, Women Singles",sr:competition:18286,singles,women,sr:category:213,False,False,"ITF Women"
sr:competition:18290,"ITF Italy 24A, Women Doubles",sr:competition:18286,doubles,women,sr:category:213,False,False,"ITF Women"
sr:competition:18296,"ITF Kazakhstan 06A, Women Singles",sr:competition:18292,singles,women,sr:category:213,False,False,"ITF Women"
sr:competition:18298,"ITF Kazakhstan 06A, Women Doubles",sr:competition:18292,doubles,women,sr:category:213,False,False,"ITF Women"
sr:competition:18302,"ITF Romania 10A, Women Singles",sr:competition:18300,singles,women,sr:category:213,False,False,"ITF Women"
sr:competition:18304,"ITF Romania 10A, Women Doubles",sr:competition:18300,doubles,women,sr:category:213,False,False,"ITF Women"
sr:competition:18308,"ITF Czechia 05A, Women Singles",sr:competition:18306,singles,women,sr:category:213,False,False,"ITF Women"
sr:competition:18310,"ITF Czechia 05A, Women Doubles",sr:competition:18306,doubles,women,sr:category:213,False,False,"ITF Women"
sr:competition:18314,"ITF South Korea 08A, Women Singles",sr:competition:18312,singles,women,sr:category:213,False,False,"ITF Women"
sr:competition:18316,"ITF South Korea 08A, Women Doubles",sr:competition:18312,doubles,women,sr:category:213,False,False,"ITF Women"
sr:competition:18322,"ITF Netherlands 06A, Women Singles",sr:competition:18320,singles,women,sr:category:213,False,False,"ITF Women"
sr:competition:18324,"ITF Netherlands 06A, Women Doubles",sr:competition:18320,doubles,women,sr:category:213,False,False,"ITF Women"
sr:competition:18330,"ITF Switzerland 05A, Women Singles",sr:competition:18328,singles,women,sr:category:213,False,False,"ITF Women"
sr:competition:18332,"ITF Switzerland 05A, Women Doubles",sr:competition:18328,doubles,women,sr:category:213,False,False,"ITF Women"
sr:competition:18336,"ITF Turkiye 29A, Women Singles",sr:competition:18334,singles,women,sr:category:213,False,False,"ITF Women"
sr:competition:18338,"ITF Turkiye 29A, Women Doubles",sr:competition:18334,doubles,women,sr:category:213,False,False,"ITF Women"
sr:competition:18344,"ATP Challenger Rome 2, Italy Men Singles",sr:competition:18342,singles,men,sr:category:72,False,False,Challenger
sr:competition:18346,"ATP Challenger Rome 2, Italy Men Doubles",sr:competition:18342,doubles,men,sr:category:72,False,False,Challenger
sr:competition:18354,"ATP Challenger Incheon, Korea Republic Men Singles",sr:competition:18352,singles,men,sr:category:72,False,False,Challenger
sr:competition:18356,"ATP Challenger Incheon, Korea Republic Men Doubles",sr:competition:18352,doubles,men,sr:category:72,False,False,Challenger
sr:competition:18360,"ATP Challenger Zhangjiagang, China Men Singles",sr:competition:18358,singles,men,sr:category:72,False,False,Challenger
sr:competition:18362,"ATP Challenger Zhangjiagang, China Men Doubles",sr:competition:18358,doubles,men,sr:category:72,False,False,Challenger
sr:competition:18384,"ITF Singapore F1, Men Singles",sr:competition:18366,singles,men,sr:category:785,False,False,"ITF Men"
sr:competition:18386,"ITF Singapore F1, Men Doubles",sr:competition:18366,doubles,men,sr:category:785,False,False,"ITF Men"
sr:competition:18388,"ITF Spain F15, Men Singles",sr:competition:18368,singles,men,sr:category:785,False,False,"ITF Men"
sr:competition:18390,"ITF Spain F15, Men Doubles",sr:competition:18368,doubles,men,sr:category:785,False,False,"ITF Men"
sr:competition:18392,"ITF Tunisia F20, Men Singles",sr:competition:18370,singles,men,sr:category:785,False,False,"ITF Men"
sr:competition:18394,"ITF Tunisia F20, Men Doubles",sr:competition:18370,doubles,men,sr:category:785,False,False,"ITF Men"
sr:competition:18396,"ITF Turkey F20, Men Singles",sr:competition:18372,singles,men,sr:category:785,False,False,"ITF Men"
sr:competition:18398,"ITF Turkey F20, Men Doubles",sr:competition:18372,doubles,men,sr:category:785,False,False,"ITF Men"
sr:competition:18400,"ITF Ukraine F3, Men Singles",sr:competition:18374,singles,men,sr:category:785,False,False,"ITF Men"
sr:competition:18402,"ITF Ukraine F3, Men Doubles",sr:competition:18374,doubles,men,sr:category:785,False,False,"ITF Men"
sr:competition:18404,"ITF China F9, Men Singles",sr:competition:18376,singles,men,sr:category:785,False,False,"ITF Men"
sr:competition:18406,"ITF China F9, Men Doubles",sr:competition:18376,doubles,men,sr:category:785,False,False,"ITF Men"
sr:competition:18408,"ITF Japan F6, Men Singles",sr:competition:18378,singles,men,sr:category:785,False,False,"ITF Men"
sr:competition:18410,"ITF Japan F6, Men Doubles",sr:competition:18378,doubles,men,sr:category:785,False,False,"ITF Men"
sr:competition:18412,"ITF Uzbekistan F3, Men Singles",sr:competition:18380,singles,men,sr:category:785,False,False,"ITF Men"
sr:competition:18414,"ITF Uzbekistan F3, Men Doubles",sr:competition:18380,doubles,men,sr:category:785,False,False,"ITF Men"
sr:competition:18418,"ITF Bosnia & Herzegovina F2, Men Singles",sr:competition:18416,singles,men,sr:category:785,False,False,"ITF Men"
sr:competition:18420,"ITF Bosnia & Herzegovina F2, Men Doubles",sr:competition:18416,doubles,men,sr:category:785,False,False,"ITF Men"
sr:competition:18438,"ITF Czech Republic F3, Men Singles",sr:competition:18422,singles,men,sr:category:785,False,False,"ITF Men"
sr:competition:18440,"ITF Czech Republic F3, Men Doubles",sr:competition:18422,doubles,men,sr:category:785,False,False,"ITF Men"
sr:competition:18442,"ITF Italy F15, Men Singles",sr:competition:18424,singles,men,sr:category:785,False,False,"ITF Men"
sr:competition:18444,"ITF Italy F15, Men Doubles",sr:competition:18424,doubles,men,sr:category:785,False,False,"ITF Men"
sr:competition:18446,"ITF Korea F1, Men Singles",sr:competition:18426,singles,men,sr:category:785,False,False,"ITF Men"
sr:competition:18448,"ITF Korea F1, Men Doubles",sr:competition:18426,doubles,men,sr:category:785,False,False,"ITF Men"
sr:competition:18450,"ITF Singapore F2, Men Singles",sr:competition:18428,singles,men,sr:category:785,False,False,"ITF Men"
sr:competition:18452,"ITF Singapore F2, Men Doubles",sr:competition:18428,doubles,men,sr:category:785,False,False,"ITF Men"
sr:competition:18454,"ITF Tunisia F21, Men Singles",sr:competition:18430,singles,men,sr:category:785,False,False,"ITF Men"
sr:competition:18456,"ITF Tunisia F21, Men Doubles",sr:competition:18430,doubles,men,sr:category:785,False,False,"ITF Men"
sr:competition:18474,"ATP Challenger Bangkok II, Thailand Men Singles",sr:competition:18468,singles,men,sr:category:72,False,False,Challenger
sr:competition:18476,"ATP Challenger Bangkok II, Thailand Men Doubles",sr:competition:18468,doubles,men,sr:category:72,False,False,Challenger
sr:competition:18478,"ATP Challenger Bangkok III, Thailand Men Singles",sr:competition:18470,singles,men,sr:category:72,False,False,Challenger
sr:competition:18480,"ATP Challenger Bangkok III, Thailand Men Doubles",sr:competition:18470,doubles,men,sr:category:72,False,False,Challenger
sr:competition:18482,"ATP Challenger Bangkok IV, Thailand Men Singles",sr:competition:18472,singles,men,sr:category:72,False,False,Challenger
sr:competition:18484,"ATP Challenger Bangkok IV, Thailand Men Doubles",sr:competition:18472,doubles,men,sr:category:72,False,False,Challenger
sr:competition:18500,"ITF Uzbekistan F4, Men Singles",sr:competition:18498,singles,men,sr:category:785,False,False,"ITF Men"
sr:competition:18502,"ITF Uzbekistan F4, Men Doubles",sr:competition:18498,doubles,men,sr:category:785,False,False,"ITF Men"
sr:competition:18506,"ITF Argentina F1, Men Singles",sr:competition:18504,singles,men,sr:category:785,False,False,"ITF Men"
sr:competition:18508,"ITF Argentina F1, Men Doubles",sr:competition:18504,doubles,men,sr:category:785,False,False,"ITF Men"
sr:competition:18512,"ITF Bosnia & Herzegovina F3, Men Singles",sr:competition:18510,singles,men,sr:category:785,False,False,"ITF Men"
sr:competition:18514,"ITF Bosnia & Herzegovina F3, Men Doubles",sr:competition:18510,doubles,men,sr:category:785,False,False,"ITF Men"
sr:competition:18518,"ITF Israel F9, Men Singles",sr:competition:18516,singles,men,sr:category:785,False,False,"ITF Men"
sr:competition:18520,"ITF Israel F9, Men Doubles",sr:competition:18516,doubles,men,sr:category:785,False,False,"ITF Men"
sr:competition:18524,"ITF Italy F16, Men Singles",sr:competition:18522,singles,men,sr:category:785,False,False,"ITF Men"
sr:competition:18526,"ITF Italy F16, Men Doubles",sr:competition:18522,doubles,men,sr:category:785,False,False,"ITF Men"
sr:competition:18536,"ITF Thailand F1, Men Singles",sr:competition:18534,singles,men,sr:category:785,False,False,"ITF Men"
sr:competition:18538,"ITF Thailand F1, Men Doubles",sr:competition:18534,doubles,men,sr:category:785,False,False,"ITF Men"
sr:competition:18542,"ITF Tunisia F22, Men Singles",sr:competition:18540,singles,men,sr:category:785,False,False,"ITF Men"
sr:competition:18544,"ITF Tunisia F22, Men Doubles",sr:competition:18540,doubles,men,sr:category:785,False,False,"ITF Men"
sr:competition:18548,"ITF Turkey F22, Men Singles",sr:competition:18546,singles,men,sr:category:785,False,False,"ITF Men"
sr:competition:18550,"ITF Turkey F22, Men Doubles",sr:competition:18546,doubles,men,sr:category:785,False,False,"ITF Men"
sr:competition:18554,"ITF Chinese Taipei F1, Men Singles",sr:competition:18552,singles,men,sr:category:785,False,False,"ITF Men"
sr:competition:18556,"ITF Chinese Taipei F1, Men Doubles",sr:competition:18552,doubles,men,sr:category:785,False,False,"ITF Men"
sr:competition:18560,"ITF Hungary F4, Men Singles",sr:competition:18558,singles,men,sr:category:785,False,False,"ITF Men"
sr:competition:18562,"ITF Hungary F4, Men Doubles",sr:competition:18558,doubles,men,sr:category:785,False,False,"ITF Men"
sr:competition:18566,"ITF Turkiye F23, Men Singles",sr:competition:18564,singles,men,sr:category:785,False,False,"ITF Men"
sr:competition:18568,"ITF Turkiye F23, Men Doubles",sr:competition:18564,doubles,men,sr:category:785,False,False,"ITF Men"
sr:competition:18572,"ITF USA F17, Men Singles",sr:competition:18570,singles,men,sr:category:785,False,False,"ITF Men"
sr:competition:18574,"ITF USA F17, Men Doubles",sr:competition:18570,doubles,men,sr:category:785,False,False,"ITF Men"
sr:competition:18578,"ITF Argentina F2, Men Singles",sr:competition:18576,singles,men,sr:category:785,False,False,"ITF Men"
sr:competition:18580,"ITF Argentina F2, Men Doubles",sr:competition:18576,doubles,men,sr:category:785,False,False,"ITF Men"
sr:competition:18586,"ITF Women Nanao, Japan Women Doubles",sr:competition:18584,doubles,women,sr:category:213,False,False,"ITF Women"
sr:competition:18588,"ITF Turkiye F33, Men Singles",sr:competition:18666,singles,men,sr:category:785,False,False,"ITF Men"
sr:competition:18590,"ITF Turkiye F33, Men Doubles",sr:competition:18666,doubles,men,sr:category:785,False,False,"ITF Men"
sr:competition:18594,"ITF Ukraine F5, Men Singles",sr:competition:18668,singles,men,sr:category:785,False,False,"ITF Men"
sr:competition:18596,"ITF Ukraine F5, Men Doubles",sr:competition:18668,doubles,men,sr:category:785,False,False,"ITF Men"
sr:competition:18600,"ITF Germany 15A, Women Singles",sr:competition:18690,singles,women,sr:category:213,False,False,"ITF Women"
sr:competition:18602,"ITF Germany 15A, Women Doubles",sr:competition:18690,doubles,women,sr:category:213,False,False,"ITF Women"
sr:competition:18606,"ITF Hungary 08A, Women Singles",sr:competition:18676,singles,women,sr:category:213,False,False,"ITF Women"
sr:competition:18608,"ITF Hungary 08A, Women Doubles",sr:competition:18676,doubles,women,sr:category:213,False,False,"ITF Women"
sr:competition:18612,"ITF Canada F6, Men Singles",sr:competition:18610,singles,men,sr:category:785,False,False,"ITF Men"
sr:competition:18614,"ITF Canada F6, Men Doubles",sr:competition:18610,doubles,men,sr:category:785,False,False,"ITF Men"
sr:competition:18618,"ITF France F18, Men Singles",sr:competition:18616,singles,men,sr:category:785,False,False,"ITF Men"
sr:competition:18620,"ITF France F18, Men Doubles",sr:competition:18616,doubles,men,sr:category:785,False,False,"ITF Men"
sr:competition:18630,"ITF Argentina F6, Men Singles",sr:competition:18628,singles,men,sr:category:785,False,False,"ITF Men"
sr:competition:18632,"ITF Argentina F6, Men Doubles",sr:competition:18628,doubles,men,sr:category:785,False,False,"ITF Men"
sr:competition:18636,"ITF Belgium F12, Men Singles",sr:competition:18634,singles,men,sr:category:785,False,False,"ITF Men"
sr:competition:18638,"ITF Belgium F12, Men Doubles",sr:competition:18634,doubles,men,sr:category:785,False,False,"ITF Men"
sr:competition:18642,"ITF Egypt F24, Men Singles",sr:competition:18640,singles,men,sr:category:785,False,False,"ITF Men"
sr:competition:18644,"ITF Egypt F24, Men Doubles",sr:competition:18640,doubles,men,sr:category:785,False,False,"ITF Men"
sr:competition:18650,"ITF India F7, Men Singles",sr:competition:18648,singles,men,sr:category:785,False,False,"ITF Men"
sr:competition:18652,"ITF India F7, Men Doubles",sr:competition:18648,doubles,men,sr:category:785,False,False,"ITF Men"
sr:competition:18656,"ITF Serbia F5, Men Singles",sr:competition:18654,singles,men,sr:category:785,False,False,"ITF Men"
sr:competition:18658,"ITF Serbia F5, Men Doubles",sr:competition:18654,doubles,men,sr:category:785,False,False,"ITF Men"
sr:competition:18662,"ITF Tunisia F25, Men Singles",sr:competition:18660,singles,men,sr:category:785,False,False,"ITF Men"
sr:competition:18664,"ITF Tunisia F25, Men Doubles",sr:competition:18660,doubles,men,sr:category:785,False,False,"ITF Men"
sr:competition:18672,"ITF Bulgaria 01A, Women Singles",sr:competition:18670,singles,women,sr:category:213,False,False,"ITF Women"
sr:competition:18674,"ITF Bulgaria 01A, Women Doubles",sr:competition:18670,doubles,women,sr:category:213,False,False,"ITF Women"
sr:competition:18680,"ITF Czechia 06A, Women Singles",sr:competition:18678,singles,women,sr:category:213,False,False,"ITF Women"
sr:competition:18682,"ITF Czechia 06A, Women Doubles",sr:competition:18678,doubles,women,sr:category:213,False,False,"ITF Women"
sr:competition:18686,"ITF Egypt 24A, Women Singles",sr:competition:18684,singles,women,sr:category:213,False,False,"ITF Women"
sr:competition:18688,"ITF Egypt 24A, Women Doubles",sr:competition:18684,doubles,women,sr:category:213,False,False,"ITF Women"
sr:competition:18694,"ITF Italy 25A, Women Singles",sr:competition:18692,singles,women,sr:category:213,False,False,"ITF Women"
sr:competition:18696,"ITF Italy 25A, Women Doubles",sr:competition:18692,doubles,women,sr:category:213,False,False,"ITF Women"
sr:competition:18700,"ITF Japan 10A, Women Singles",sr:competition:18698,singles,women,sr:category:213,False,False,"ITF Women"
sr:competition:18702,"ITF Japan 10A, Women Doubles",sr:competition:18698,doubles,women,sr:category:213,False,False,"ITF Women"
sr:competition:18706,"ITF South Korea 09A, Women Singles",sr:competition:18704,singles,women,sr:category:213,False,False,"ITF Women"
sr:competition:18708,"ITF South Korea 09A, Women Doubles",sr:competition:18704,doubles,women,sr:category:213,False,False,"ITF Women"
sr:competition:18712,"ITF Tunisia 25A, Women Singles",sr:competition:18710,singles,women,sr:category:213,False,False,"ITF Women"
sr:competition:18714,"ITF Tunisia 25A, Women Doubles",sr:competition:18710,doubles,women,sr:category:213,False,False,"ITF Women"
sr:competition:18718,"ITF Turkey 30B, Women Singles",sr:competition:18716,singles,women,sr:category:213,False,False,"ITF Women"
sr:competition:18720,"ITF Turkey 30B, Women Doubles",sr:competition:18716,doubles,women,sr:category:213,False,False,"ITF Women"
sr:competition:18726,"ITF Italy F17, Men Singles",sr:competition:18724,singles,men,sr:category:785,False,False,"ITF Men"
sr:competition:18728,"ITF Italy F17, Men Doubles",sr:competition:18724,doubles,men,sr:category:785,False,False,"ITF Men"
sr:competition:18732,"ITF Japan F8, Men Singles",sr:competition:18730,singles,men,sr:category:785,False,False,"ITF Men"
sr:competition:18734,"ITF Japan F8, Men Doubles",sr:competition:18730,doubles,men,sr:category:785,False,False,"ITF Men"
sr:competition:18738,"ITF Korea F3, Men Singles",sr:competition:18736,singles,men,sr:category:785,False,False,"ITF Men"
sr:competition:18740,"ITF Korea F3, Men Doubles",sr:competition:18736,doubles,men,sr:category:785,False,False,"ITF Men"
sr:competition:18744,"ITF Poland F1, Men Singles",sr:competition:18742,singles,men,sr:category:785,False,False,"ITF Men"
sr:competition:18746,"ITF Poland F1, Men Doubles",sr:competition:18742,doubles,men,sr:category:785,False,False,"ITF Men"
sr:competition:18750,"ITF Romania F3, Men Singles",sr:competition:18748,singles,men,sr:category:785,False,False,"ITF Men"
sr:competition:18752,"ITF Romania F3, Men Doubles",sr:competition:18748,doubles,men,sr:category:785,False,False,"ITF Men"
sr:competition:18758,"ITF Spain F17, Men Singles",sr:competition:18756,singles,men,sr:category:785,False,False,"ITF Men"
sr:competition:18760,"ITF Spain F17, Men Doubles",sr:competition:18756,doubles,men,sr:category:785,False,False,"ITF Men"
sr:competition:18764,"ITF Thailand F2, Men Singles",sr:competition:18762,singles,men,sr:category:785,False,False,"ITF Men"
sr:competition:18766,"ITF Thailand F2, Men Doubles",sr:competition:18762,doubles,men,sr:category:785,False,False,"ITF Men"
sr:competition:18770,"ITF Tunisia F23, Men Singles",sr:competition:18768,singles,men,sr:category:785,False,False,"ITF Men"
sr:competition:18772,"ITF Tunisia F23, Men Doubles",sr:competition:18768,doubles,men,sr:category:785,False,False,"ITF Men"
sr:competition:18776,"ITF USA F18, Men Singles",sr:competition:18774,singles,men,sr:category:785,False,False,"ITF Men"
sr:competition:18778,"ITF USA F18, Men Doubles",sr:competition:18774,doubles,men,sr:category:785,False,False,"ITF Men"
sr:competition:18782,"ITF Zimbabwe F1, Men Singles",sr:competition:18780,singles,men,sr:category:785,False,False,"ITF Men"
sr:competition:18784,"ITF Zimbabwe F1, Men Doubles",sr:competition:18780,doubles,men,sr:category:785,False,False,"ITF Men"
sr:competition:18788,"ITF Chinese Taipei F2, Men Singles",sr:competition:18786,singles,men,sr:category:785,False,False,"ITF Men"
sr:competition:18790,"ITF Chinese Taipei F2, Men Doubles",sr:competition:18786,doubles,men,sr:category:785,False,False,"ITF Men"
sr:competition:18798,"ITF Spain F18, Men Singles",sr:competition:18796,singles,men,sr:category:785,False,False,"ITF Men"
sr:competition:18800,"ITF Spain F18, Men Doubles",sr:competition:18796,doubles,men,sr:category:785,False,False,"ITF Men"
sr:competition:18804,"ITF USA F19, Men Singles",sr:competition:18802,singles,men,sr:category:785,False,False,"ITF Men"
sr:competition:18806,"ITF USA F19, Men Doubles",sr:competition:18802,doubles,men,sr:category:785,False,False,"ITF Men"
sr:competition:18810,"ITF Argentina F3, Men Singles",sr:competition:18808,singles,men,sr:category:785,False,False,"ITF Men"
sr:competition:18812,"ITF Argentina F3, Men Doubles",sr:competition:18808,doubles,men,sr:category:785,False,False,"ITF Men"
sr:competition:18816,"ITF Belgium F1, Men Singles",sr:competition:18814,singles,men,sr:category:785,False,False,"ITF Men"
sr:competition:18818,"ITF Belgium F1, Men Doubles",sr:competition:18814,doubles,men,sr:category:785,False,False,"ITF Men"
sr:competition:18824,"ITF Guam F1, Men Singles",sr:competition:18822,singles,men,sr:category:785,False,False,"ITF Men"
sr:competition:18826,"ITF Guam F1, Men Doubles",sr:competition:18822,doubles,men,sr:category:785,False,False,"ITF Men"
sr:competition:18830,"ITF Hong Kong F1, Men Singles",sr:competition:18828,singles,men,sr:category:785,False,False,"ITF Men"
sr:competition:18832,"ITF Hong Kong F1, Men Doubles",sr:competition:18828,doubles,men,sr:category:785,False,False,"ITF Men"
sr:competition:18836,"ITF Israel F11, Men Singles",sr:competition:18834,singles,men,sr:category:785,False,False,"ITF Men"
sr:competition:18838,"ITF Israel F11, Men Doubles",sr:competition:18834,doubles,men,sr:category:785,False,False,"ITF Men"
sr:competition:18842,"ITF Italy F18, Men Singles",sr:competition:18840,singles,men,sr:category:785,False,False,"ITF Men"
sr:competition:18844,"ITF Italy F18, Men Doubles",sr:competition:18840,doubles,men,sr:category:785,False,False,"ITF Men"
sr:competition:18848,"ITF Korea F4, Men Singles",sr:competition:18846,singles,men,sr:category:785,False,False,"ITF Men"
sr:competition:18850,"ITF Korea F4, Men Doubles",sr:competition:18846,doubles,men,sr:category:785,False,False,"ITF Men"
sr:competition:18854,"ITF Netherlands F1, Men Singles",sr:competition:18852,singles,men,sr:category:785,False,False,"ITF Men"
sr:competition:18856,"ITF Netherlands F1, Men Doubles",sr:competition:18852,doubles,men,sr:category:785,False,False,"ITF Men"
sr:competition:18862,"ITF Romania F4, Men Singles",sr:competition:18860,singles,men,sr:category:785,False,False,"ITF Men"
sr:competition:18864,"ITF Romania F4, Men Doubles",sr:competition:18860,doubles,men,sr:category:785,False,False,"ITF Men"
sr:competition:18868,"ITF Russia F1, Men Singles",sr:competition:18866,singles,men,sr:category:785,False,False,"ITF Men"
sr:competition:18870,"ITF Russia F1, Men Doubles",sr:competition:18866,doubles,men,sr:category:785,False,False,"ITF Men"
sr:competition:18874,"ITF Sri Lanka F1, Men Singles",sr:competition:18872,singles,men,sr:category:785,False,False,"ITF Men"
sr:competition:18876,"ITF Sri Lanka F1, Men Doubles",sr:competition:18872,doubles,men,sr:category:785,False,False,"ITF Men"
sr:competition:18880,"ITF Thailand F3, Men Singles",sr:competition:18878,singles,men,sr:category:785,False,False,"ITF Men"
sr:competition:18882,"ITF Thailand F3, Men Doubles",sr:competition:18878,doubles,men,sr:category:785,False,False,"ITF Men"
sr:competition:18886,"ITF Tunisia F24, Men Singles",sr:competition:18884,singles,men,sr:category:785,False,False,"ITF Men"
sr:competition:18888,"ITF Tunisia F24, Men Doubles",sr:competition:18884,doubles,men,sr:category:785,False,False,"ITF Men"
sr:competition:18892,"ITF Turkiye F24, Men Singles",sr:competition:18890,singles,men,sr:category:785,False,False,"ITF Men"
sr:competition:18894,"ITF Turkiye F24, Men Doubles",sr:competition:18890,doubles,men,sr:category:785,False,False,"ITF Men"
sr:competition:18898,"ITF USA F20, Men Singles",sr:competition:18896,singles,men,sr:category:785,False,False,"ITF Men"
sr:competition:18900,"ITF USA F20, Men Doubles",sr:competition:18896,doubles,men,sr:category:785,False,False,"ITF Men"
sr:competition:18904,"ITF Zimbabwe F2, Men Singles",sr:competition:18902,singles,men,sr:category:785,False,False,"ITF Men"
sr:competition:18906,"ITF Zimbabwe F2, Men Doubles",sr:competition:18902,doubles,men,sr:category:785,False,False,"ITF Men"
sr:competition:18910,"ITF Belgium F2, Men Singles",sr:competition:18908,singles,men,sr:category:785,False,False,"ITF Men"
sr:competition:18912,"ITF Belgium F2, Men Doubles",sr:competition:18908,doubles,men,sr:category:785,False,False,"ITF Men"
sr:competition:18916,"ITF Canada F3, Men Singles",sr:competition:18914,singles,men,sr:category:785,False,False,"ITF Men"
sr:competition:18918,"ITF Canada F3, Men Doubles",sr:competition:18914,doubles,men,sr:category:785,False,False,"ITF Men"
sr:competition:18924,"ITF France F13, Men Singles",sr:competition:18922,singles,men,sr:category:785,False,False,"ITF Men"
sr:competition:18926,"ITF France F13, Men Doubles",sr:competition:18922,doubles,men,sr:category:785,False,False,"ITF Men"
sr:competition:18930,"ITF Netherlands F2, Men Singles",sr:competition:18928,singles,men,sr:category:785,False,False,"ITF Men"
sr:competition:18932,"ITF Netherlands F2, Men Doubles",sr:competition:18928,doubles,men,sr:category:785,False,False,"ITF Men"
sr:competition:18936,"ITF Spain F19, Men Singles",sr:competition:18934,singles,men,sr:category:785,False,False,"ITF Men"
sr:competition:18938,"ITF Spain F19, Men Doubles",sr:competition:18934,doubles,men,sr:category:785,False,False,"ITF Men"
sr:competition:18942,"ITF USA F21, Men Singles",sr:competition:18940,singles,men,sr:category:785,False,False,"ITF Men"
sr:competition:18944,"ITF USA F21, Men Doubles",sr:competition:18940,doubles,men,sr:category:785,False,False,"ITF Men"
sr:competition:18948,"ITF Egypt F18, Men Singles",sr:competition:18946,singles,men,sr:category:785,False,False,"ITF Men"
sr:competition:18950,"ITF Egypt F18, Men Doubles",sr:competition:18946,doubles,men,sr:category:785,False,False,"ITF Men"
sr:competition:18956,"ITF Hong Kong F2, Men Singles",sr:competition:18954,singles,men,sr:category:785,False,False,"ITF Men"
sr:competition:18958,"ITF Hong Kong F2, Men Doubles",sr:competition:18954,doubles,men,sr:category:785,False,False,"ITF Men"
sr:competition:18962,"ITF Israel F12, Men Singles",sr:competition:18960,singles,men,sr:category:785,False,False,"ITF Men"
sr:competition:18964,"ITF Israel F12, Men Doubles",sr:competition:18960,doubles,men,sr:category:785,False,False,"ITF Men"
sr:competition:18968,"ITF Italy F19, Men Singles",sr:competition:18966,singles,men,sr:category:785,False,False,"ITF Men"
sr:competition:18970,"ITF Italy F19, Men Doubles",sr:competition:18966,doubles,men,sr:category:785,False,False,"ITF Men"
sr:competition:18974,"ITF Korea F5, Men Singles",sr:competition:18972,singles,men,sr:category:785,False,False,"ITF Men"
sr:competition:18976,"ITF Korea F5, Men Doubles",sr:competition:18972,doubles,men,sr:category:785,False,False,"ITF Men"
sr:competition:18986,"ITF Russia F2, Men Singles",sr:competition:18984,singles,men,sr:category:785,False,False,"ITF Men"
sr:competition:18988,"ITF Russia F2, Men Doubles",sr:competition:18984,doubles,men,sr:category:785,False,False,"ITF Men"
sr:competition:18992,"ITF Sri Lanka F2, Men Singles",sr:competition:18990,singles,men,sr:category:785,False,False,"ITF Men"
sr:competition:18994,"ITF Sri Lanka F2, Men Doubles",sr:competition:18990,doubles,men,sr:category:785,False,False,"ITF Men"
sr:competition:18998,"ITF USA F22, Men Singles",sr:competition:18996,singles,men,sr:category:785,False,False,"ITF Men"
sr:competition:19000,"ITF USA F22, Men Doubles",sr:competition:18996,doubles,men,sr:category:785,False,False,"ITF Men"
sr:competition:19004,"ITF Zimbabwe F3, Men Singles",sr:competition:19002,singles,men,sr:category:785,False,False,"ITF Men"
sr:competition:19006,"ITF Zimbabwe F3, Men Doubles",sr:competition:19002,doubles,men,sr:category:785,False,False,"ITF Men"
sr:competition:19010,"ITF Canada F4, Men Singles",sr:competition:19008,singles,men,sr:category:785,False,False,"ITF Men"
sr:competition:19012,"ITF Canada F4, Men Doubles",sr:competition:19008,doubles,men,sr:category:785,False,False,"ITF Men"
sr:competition:19016,"ITF China F11, Men Singles",sr:competition:19014,singles,men,sr:category:785,False,False,"ITF Men"
sr:competition:19018,"ITF China F11, Men Doubles",sr:competition:19014,doubles,men,sr:category:785,False,False,"ITF Men"
sr:competition:19022,"ITF France F14, Men Singles",sr:competition:19020,singles,men,sr:category:785,False,False,"ITF Men"
sr:competition:19024,"ITF France F14, Men Doubles",sr:competition:19020,doubles,men,sr:category:785,False,False,"ITF Men"
sr:competition:19028,"ITF Spain F20, Men Singles",sr:competition:19026,singles,men,sr:category:785,False,False,"ITF Men"
sr:competition:19030,"ITF Spain F20, Men Doubles",sr:competition:19026,doubles,men,sr:category:785,False,False,"ITF Men"
sr:competition:19034,"ITF USA F23, Men Singles",sr:competition:19032,singles,men,sr:category:785,False,False,"ITF Men"
sr:competition:19036,"ITF USA F23, Men Doubles",sr:competition:19032,doubles,men,sr:category:785,False,False,"ITF Men"
sr:competition:19040,"ITF Austria F1, Men Singles",sr:competition:19038,singles,men,sr:category:785,False,False,"ITF Men"
sr:competition:19042,"ITF Austria F1, Men Doubles",sr:competition:19038,doubles,men,sr:category:785,False,False,"ITF Men"
sr:competition:19046,"ITF Belgium F3, Men Singles",sr:competition:19044,singles,men,sr:category:785,False,False,"ITF Men"
sr:competition:19048,"ITF Belgium F3, Men Doubles",sr:competition:19044,doubles,men,sr:category:785,False,False,"ITF Men"
sr:competition:19052,"ITF Czech Republic F4, Men Singles",sr:competition:19050,singles,men,sr:category:785,False,False,"ITF Men"
sr:competition:19054,"ITF Czech Republic F4, Men Doubles",sr:competition:19050,doubles,men,sr:category:785,False,False,"ITF Men"
sr:competition:19058,"ITF Egypt F19, Men Singles",sr:competition:19056,singles,men,sr:category:785,False,False,"ITF Men"
sr:competition:19060,"ITF Egypt F19, Men Doubles",sr:competition:19056,doubles,men,sr:category:785,False,False,"ITF Men"
sr:competition:19064,"ITF Georgia F1, Men Singles",sr:competition:19062,singles,men,sr:category:785,False,False,"ITF Men"
sr:competition:19066,"ITF Georgia F1, Men Doubles",sr:competition:19062,doubles,men,sr:category:785,False,False,"ITF Men"
sr:competition:19070,"ITF Germany F6, Men Singles",sr:competition:19068,singles,men,sr:category:785,False,False,"ITF Men"
sr:competition:19072,"ITF Germany F6, Men Doubles",sr:competition:19068,doubles,men,sr:category:785,False,False,"ITF Men"
sr:competition:19076,"ITF Hong Kong F3, Men Singles",sr:competition:19074,singles,men,sr:category:785,False,False,"ITF Men"
sr:competition:19078,"ITF Hong Kong F3, Men Doubles",sr:competition:19074,doubles,men,sr:category:785,False,False,"ITF Men"
sr:competition:19084,"ITF Netherlands F3, Men Singles",sr:competition:19082,singles,men,sr:category:785,False,False,"ITF Men"
sr:competition:19086,"ITF Netherlands F3, Men Doubles",sr:competition:19082,doubles,men,sr:category:785,False,False,"ITF Men"
sr:competition:19096,"ITF Russia F3, Men Singles",sr:competition:19094,singles,men,sr:category:785,False,False,"ITF Men"
sr:competition:19098,"ITF Russia F3, Men Doubles",sr:competition:19094,doubles,men,sr:category:785,False,False,"ITF Men"
sr:competition:19102,"ITF Sri Lanka F3, Men Singles",sr:competition:19100,singles,men,sr:category:785,False,False,"ITF Men"
sr:competition:19104,"ITF Sri Lanka F3, Men Doubles",sr:competition:19100,doubles,men,sr:category:785,False,False,"ITF Men"
sr:competition:19108,"ITF China F12, Men Singles",sr:competition:19106,singles,men,sr:category:785,False,False,"ITF Men"
sr:competition:19110,"ITF China F12, Men Doubles",sr:competition:19106,doubles,men,sr:category:785,False,False,"ITF Men"
sr:competition:19114,"ITF Czech Republic F5, Men Singles",sr:competition:19112,singles,men,sr:category:785,False,False,"ITF Men"
sr:competition:19116,"ITF Czech Republic F5, Men Doubles",sr:competition:19112,doubles,men,sr:category:785,False,False,"ITF Men"
sr:competition:19120,"ITF France F15, Men Singles",sr:competition:19118,singles,men,sr:category:785,False,False,"ITF Men"
sr:competition:19122,"ITF France F15, Men Doubles",sr:competition:19118,doubles,men,sr:category:785,False,False,"ITF Men"
sr:competition:19126,"ATP Challenger Almaty, Kazakhstan Men Doubles",sr:competition:3759,doubles,men,sr:category:72,False,False,Challenger
sr:competition:19130,"ATP Challenger Canberra II, Australia Men Singles",sr:competition:19128,singles,men,sr:category:72,False,False,Challenger
sr:competition:19132,"ATP Challenger Canberra II, Australia Men Doubles",sr:competition:19128,doubles,men,sr:category:72,False,False,Challenger
sr:competition:19136,"ATP Challenger Ismaning, Germany Men Singles",sr:competition:19134,singles,men,sr:category:72,False,False,Challenger
sr:competition:19138,"ATP Challenger Ismaning, Germany Men Doubles",sr:competition:19134,doubles,men,sr:category:72,False,False,Challenger
sr:competition:19142,"ITF Spain F21, Men Singles",sr:competition:19140,singles,men,sr:category:785,False,False,"ITF Men"
sr:competition:19144,"ITF Spain F21, Men Doubles",sr:competition:19140,doubles,men,sr:category:785,False,False,"ITF Men"
sr:competition:19148,"ITF Austria F2, Men Singles",sr:competition:19146,singles,men,sr:category:785,False,False,"ITF Men"
sr:competition:19150,"ITF Austria F2, Men Doubles",sr:competition:19146,doubles,men,sr:category:785,False,False,"ITF Men"
sr:competition:19156,"ATP Challenger Santiago II, Chile Men Singles",sr:competition:19154,singles,men,sr:category:72,False,False,Challenger
sr:competition:19160,"ATP Challenger Shenzhen II, China Men Singles",sr:competition:19158,singles,men,sr:category:72,False,False,Challenger
sr:competition:19162,"ATP Challenger Shenzhen II, China Men Doubles",sr:competition:19158,doubles,men,sr:category:72,False,False,Challenger
sr:competition:19164,"ATP Challenger Santiago II, Chile Men Doubles",sr:competition:19154,doubles,men,sr:category:72,False,False,Challenger
sr:competition:19168,"ITF Egypt F20, Men Singles",sr:competition:19166,singles,men,sr:category:785,False,False,"ITF Men"
sr:competition:19170,"ITF Egypt F20, Men Doubles",sr:competition:19166,doubles,men,sr:category:785,False,False,"ITF Men"
sr:competition:19174,"ITF Georgia F2, Men Singles",sr:competition:19172,singles,men,sr:category:785,False,False,"ITF Men"
sr:competition:19176,"ITF Georgia F2, Men Doubles",sr:competition:19172,doubles,men,sr:category:785,False,False,"ITF Men"
sr:competition:19180,"ITF Germany F7, Men Singles",sr:competition:19178,singles,men,sr:category:785,False,False,"ITF Men"
sr:competition:19182,"ITF Germany F7, Men Doubles",sr:competition:19178,doubles,men,sr:category:785,False,False,"ITF Men"
sr:competition:19186,"ITF Netherlands F4, Men Singles",sr:competition:19184,singles,men,sr:category:785,False,False,"ITF Men"
sr:competition:19188,"ITF Netherlands F4, Men Doubles",sr:competition:19184,doubles,men,sr:category:785,False,False,"ITF Men"
sr:competition:19208,"ITF Turkiye F34, Men Singles",sr:competition:19380,singles,men,sr:category:785,False,False,"ITF Men"
sr:competition:19210,"ITF Turkiye F34, Men Doubles",sr:competition:19380,doubles,men,sr:category:785,False,False,"ITF Men"
sr:competition:19214,"ITF Hungary 09A, Women Singles",sr:competition:19426,singles,women,sr:category:213,False,False,"ITF Women"
sr:competition:19216,"ITF Hungary 09A, Women Doubles",sr:competition:19426,doubles,women,sr:category:213,False,False,"ITF Women"
sr:competition:19298,"ITF France 17A, Women Singles",sr:competition:19296,singles,women,sr:category:213,False,False,"ITF Women"
sr:competition:19302,"ITF France 17A, Women Doubles",sr:competition:19296,doubles,women,sr:category:213,False,False,"ITF Women"
sr:competition:19304,"ITF Canada F7, Men Singles",sr:competition:19300,singles,men,sr:category:785,False,False,"ITF Men"
sr:competition:19306,"ITF Canada F7, Men Doubles",sr:competition:19300,doubles,men,sr:category:785,False,False,"ITF Men"
sr:competition:19310,"ITF France F19, Men Singles",sr:competition:19308,singles,men,sr:category:785,False,False,"ITF Men"
sr:competition:19312,"ITF France F19, Men Doubles",sr:competition:19308,doubles,men,sr:category:785,False,False,"ITF Men"
sr:competition:19316,"ITF USA 29A, Women Singles",sr:competition:19314,singles,women,sr:category:213,False,False,"ITF Women"
sr:competition:19318,"ITF USA 29A, Women Doubles",sr:competition:19314,doubles,women,sr:category:213,False,False,"ITF Women"
sr:competition:19322,"ITF Italy F29, Men Singles",sr:competition:19320,singles,men,sr:category:785,False,False,"ITF Men"
sr:competition:19324,"ITF Italy F29, Men Doubles",sr:competition:19320,doubles,men,sr:category:785,False,False,"ITF Men"
sr:competition:19328,"ITF Spain F29, Men Singles",sr:competition:19326,singles,men,sr:category:785,False,False,"ITF Men"
sr:competition:19330,"ITF Spain F29, Men Doubles",sr:competition:19326,doubles,men,sr:category:785,False,False,"ITF Men"
sr:competition:19336,"ITF Argentina F7, Men Singles",sr:competition:19334,singles,men,sr:category:785,False,False,"ITF Men"
sr:competition:19338,"ITF Argentina F7, Men Doubles",sr:competition:19334,doubles,men,sr:category:785,False,False,"ITF Men"
sr:competition:19340,"ITF China 19A, Women Doubles",sr:competition:19332,doubles,women,sr:category:213,False,False,"ITF Women"
sr:competition:19342,"ITF China 19A, Women Singles",sr:competition:19332,singles,women,sr:category:213,False,False,"ITF Women"
sr:competition:19346,"ITF Egypt F25, Men Singles",sr:competition:19344,singles,men,sr:category:785,False,False,"ITF Men"
sr:competition:19348,"ITF Egypt F25, Men Doubles",sr:competition:19344,doubles,men,sr:category:785,False,False,"ITF Men"
sr:competition:19352,"ITF Georgia 03A, Women Singles",sr:competition:19350,singles,women,sr:category:213,False,False,"ITF Women"
sr:competition:19354,"ITF Georgia 03A, Women Doubles",sr:competition:19350,doubles,women,sr:category:213,False,False,"ITF Women"
sr:competition:19358,"ITF Great Britain F4, Men Singles",sr:competition:19356,singles,men,sr:category:785,False,False,"ITF Men"
sr:competition:19360,"ITF Great Britain F4, Men Doubles",sr:competition:19356,doubles,men,sr:category:785,False,False,"ITF Men"
sr:competition:19366,"ITF Italy 26A, Women Singles",sr:competition:19362,singles,women,sr:category:213,False,False,"ITF Women"
sr:competition:19368,"ITF India F8, Men Singles",sr:competition:19364,singles,men,sr:category:785,False,False,"ITF Men"
sr:competition:19370,"ITF India F8, Men Doubles",sr:competition:19364,doubles,men,sr:category:785,False,False,"ITF Men"
sr:competition:19372,"ITF Italy 26A, Women Doubles",sr:competition:19362,doubles,women,sr:category:213,False,False,"ITF Women"
sr:competition:19376,"ITF Tunisia F26, Men Singles",sr:competition:19374,singles,men,sr:category:785,False,False,"ITF Men"
sr:competition:19378,"ITF Tunisia F26, Men Doubles",sr:competition:19374,doubles,men,sr:category:785,False,False,"ITF Men"
sr:competition:19384,"ITF USA 28A, Women Singles",sr:competition:19382,singles,women,sr:category:213,False,False,"ITF Women"
sr:competition:19388,"ITF USA 28A, Women Doubles",sr:competition:19382,doubles,women,sr:category:213,False,False,"ITF Women"
sr:competition:19392,"ITF Argentina 03A, Women Singles",sr:competition:19390,singles,women,sr:category:213,False,False,"ITF Women"
sr:competition:19394,"ITF Argentina 03A, Women Doubles",sr:competition:19390,doubles,women,sr:category:213,False,False,"ITF Women"
sr:competition:19398,"ITF Turkiye 31A, Women Singles",sr:competition:19396,singles,women,sr:category:213,False,False,"ITF Women"
sr:competition:19400,"ITF Turkiye 31A, Women Doubles",sr:competition:19396,doubles,women,sr:category:213,False,False,"ITF Women"
sr:competition:19404,"ITF Czech Republic 07A, Women Singles",sr:competition:19402,singles,women,sr:category:213,False,False,"ITF Women"
sr:competition:19406,"ITF Czech Republic 07A, Women Doubles",sr:competition:19402,doubles,women,sr:category:213,False,False,"ITF Women"
sr:competition:19410,"ITF Tunisia 26A, Women Singles",sr:competition:19408,singles,women,sr:category:213,False,False,"ITF Women"
sr:competition:19412,"ITF Tunisia 26A, Women Doubles",sr:competition:19408,doubles,women,sr:category:213,False,False,"ITF Women"
sr:competition:19416,"ITF Thailand 07A, Women Singles",sr:competition:19414,singles,women,sr:category:213,False,False,"ITF Women"
sr:competition:19418,"ITF Thailand 07A, Women Doubles",sr:competition:19414,doubles,women,sr:category:213,False,False,"ITF Women"
sr:competition:19422,"ITF Egypt 25A, Women Singles",sr:competition:19420,singles,women,sr:category:213,False,False,"ITF Women"
sr:competition:19424,"ITF Egypt 25A, Women Doubles",sr:competition:19420,doubles,women,sr:category:213,False,False,"ITF Women"
sr:competition:19448,"Laver Cup Men Singles",sr:competition:19446,singles,men,sr:category:79,False,False,Exhibition
sr:competition:19450,"Laver Cup Men Doubles",sr:competition:19446,doubles,men,sr:category:79,False,False,Exhibition
sr:competition:19528,"ITF Turkiye F35, Men Singles",sr:competition:19622,singles,men,sr:category:785,False,False,"ITF Men"
sr:competition:19530,"ITF Turkiye F35, Men Doubles",sr:competition:19622,doubles,men,sr:category:785,False,False,"ITF Men"
sr:competition:19534,"ITF Australia 09A, Women Singles",sr:competition:19532,singles,women,sr:category:213,False,False,"ITF Women"
sr:competition:19536,"ITF Australia 09A, Women Doubles",sr:competition:19532,doubles,women,sr:category:213,False,False,"ITF Women"
sr:competition:19540,"ITF France 18A, Women Singles",sr:competition:19538,singles,women,sr:category:213,False,False,"ITF Women"
sr:competition:19542,"ITF France 18A, Women Doubles",sr:competition:19538,doubles,women,sr:category:213,False,False,"ITF Women"
sr:competition:19546,"ITF Russia 04A, Women Singles",sr:competition:19544,singles,women,sr:category:213,False,False,"ITF Women"
sr:competition:19548,"ITF Russia 04A, Women Doubles",sr:competition:19544,doubles,women,sr:category:213,False,False,"ITF Women"
sr:competition:19552,"ITF Australia F4, Men Singles",sr:competition:19550,singles,men,sr:category:785,False,False,"ITF Men"
sr:competition:19554,"ITF Australia F4, Men Doubles",sr:competition:19550,doubles,men,sr:category:785,False,False,"ITF Men"
sr:competition:19558,"ITF Canada F8, Men Singles",sr:competition:19556,singles,men,sr:category:785,False,False,"ITF Men"
sr:competition:19560,"ITF Canada F8, Men Doubles",sr:competition:19556,doubles,men,sr:category:785,False,False,"ITF Men"
sr:competition:19564,"ITF France F20, Men Singles",sr:competition:19562,singles,men,sr:category:785,False,False,"ITF Men"
sr:competition:19566,"ITF France F20, Men Doubles",sr:competition:19562,doubles,men,sr:category:785,False,False,"ITF Men"
sr:competition:19570,"ITF Italy F30, Men Singles",sr:competition:19568,singles,men,sr:category:785,False,False,"ITF Men"
sr:competition:19572,"ITF Italy F30, Men Doubles",sr:competition:19568,doubles,men,sr:category:785,False,False,"ITF Men"
sr:competition:19576,"ITF Kazakhstan F6, Men Singles",sr:competition:19574,singles,men,sr:category:785,False,False,"ITF Men"
sr:competition:19578,"ITF Kazakhstan F6, Men Doubles",sr:competition:19574,doubles,men,sr:category:785,False,False,"ITF Men"
sr:competition:19582,"ITF Spain F30, Men Singles",sr:competition:19580,singles,men,sr:category:785,False,False,"ITF Men"
sr:competition:19584,"ITF Spain F30, Men Doubles",sr:competition:19580,doubles,men,sr:category:785,False,False,"ITF Men"
sr:competition:19588,"ITF Bolivia F1, Men Singles",sr:competition:19586,singles,men,sr:category:785,False,False,"ITF Men"
sr:competition:19590,"ITF Bolivia F1, Men Doubles",sr:competition:19586,doubles,men,sr:category:785,False,False,"ITF Men"
sr:competition:19594,"ITF Egypt F26, Men Singles",sr:competition:19592,singles,men,sr:category:785,False,False,"ITF Men"
sr:competition:19596,"ITF Egypt F26, Men Doubles",sr:competition:19592,doubles,men,sr:category:785,False,False,"ITF Men"
sr:competition:19600,"ITF Great Britain F5, Men Singles",sr:competition:19598,singles,men,sr:category:785,False,False,"ITF Men"
sr:competition:19602,"ITF Great Britain F5, Men Doubles",sr:competition:19598,doubles,men,sr:category:785,False,False,"ITF Men"
sr:competition:19606,"ITF India F9, Men Singles",sr:competition:19604,singles,men,sr:category:785,False,False,"ITF Men"
sr:competition:19608,"ITF India F9, Men Doubles",sr:competition:19604,doubles,men,sr:category:785,False,False,"ITF Men"
sr:competition:19612,"ITF Portugal F19, Men Singles",sr:competition:19610,singles,men,sr:category:785,False,False,"ITF Men"
sr:competition:19614,"ITF Portugal F19, Men Doubles",sr:competition:19610,doubles,men,sr:category:785,False,False,"ITF Men"
sr:competition:19618,"ITF Tunisia F27, Men Singles",sr:competition:19616,singles,men,sr:category:785,False,False,"ITF Men"
sr:competition:19620,"ITF Tunisia F27, Men Doubles",sr:competition:19616,doubles,men,sr:category:785,False,False,"ITF Men"
sr:competition:19626,"ITF USA F31, Men Singles",sr:competition:19624,singles,men,sr:category:785,False,False,"ITF Men"
sr:competition:19628,"ITF USA F31, Men Doubles",sr:competition:19624,doubles,men,sr:category:785,False,False,"ITF Men"
sr:competition:19632,"ITF Mexico 02A, Women Singles",sr:competition:19630,singles,women,sr:category:213,False,False,"ITF Women"
sr:competition:19634,"ITF Mexico 02A, Women Doubles",sr:competition:19630,doubles,women,sr:category:213,False,False,"ITF Women"
sr:competition:19638,"ITF USA 30A, Women Singles",sr:competition:19636,singles,women,sr:category:213,False,False,"ITF Women"
sr:competition:19640,"ITF USA 30A, Women Doubles",sr:competition:19636,doubles,women,sr:category:213,False,False,"ITF Women"
sr:competition:19644,"ITF Italy 27A, Women Singles",sr:competition:19642,singles,women,sr:category:213,False,False,"ITF Women"
sr:competition:19646,"ITF Italy 27A, Women Doubles",sr:competition:19642,doubles,women,sr:category:213,False,False,"ITF Women"
sr:competition:19650,"ITF Montenegro 01A, Women Singles",sr:competition:19648,singles,women,sr:category:213,False,False,"ITF Women"
sr:competition:19652,"ITF Montenegro 01A, Women Doubles",sr:competition:19648,doubles,women,sr:category:213,False,False,"ITF Women"
sr:competition:19656,"ITF USA 31A, Women Singles",sr:competition:19654,singles,women,sr:category:213,False,False,"ITF Women"
sr:competition:19658,"ITF USA 31A, Women Doubles",sr:competition:19654,doubles,women,sr:category:213,False,False,"ITF Women"
sr:competition:19662,"ITF Bulgaria 03A, Women Singles",sr:competition:19660,singles,women,sr:category:213,False,False,"ITF Women"
sr:competition:19664,"ITF Bulgaria 03A, Women Doubles",sr:competition:19660,doubles,women,sr:category:213,False,False,"ITF Women"
sr:competition:19668,"ITF Egypt 26A, Women Singles",sr:competition:19666,singles,women,sr:category:213,False,False,"ITF Women"
sr:competition:19670,"ITF Egypt 26A, Women Doubles",sr:competition:19666,doubles,women,sr:category:213,False,False,"ITF Women"
sr:competition:19674,"ITF Kazakhstan 07A, Women Singles",sr:competition:19672,singles,women,sr:category:213,False,False,"ITF Women"
sr:competition:19676,"ITF Kazakhstan 07A, Women Doubles",sr:competition:19672,doubles,women,sr:category:213,False,False,"ITF Women"
sr:competition:19682,"ITF Spain 15A, Women Singles",sr:competition:19680,singles,women,sr:category:213,False,False,"ITF Women"
sr:competition:19684,"ITF Spain 15A, Women Doubles",sr:competition:19680,doubles,women,sr:category:213,False,False,"ITF Women"
sr:competition:19688,"ITF Thailand 08A, Women Singles",sr:competition:19686,singles,women,sr:category:213,False,False,"ITF Women"
sr:competition:19690,"ITF Thailand 08A, Women Doubles",sr:competition:19686,doubles,women,sr:category:213,False,False,"ITF Women"
sr:competition:19694,"ITF Tunisia 27A, Women Singles",sr:competition:19692,singles,women,sr:category:213,False,False,"ITF Women"
sr:competition:19696,"ITF Tunisia 27A, Women Doubles",sr:competition:19692,doubles,women,sr:category:213,False,False,"ITF Women"
sr:competition:19700,"ITF Turkiye 32A, Women Singles",sr:competition:19698,singles,women,sr:category:213,False,False,"ITF Women"
sr:competition:19702,"ITF Turkiye 32A, Women Doubles",sr:competition:19698,doubles,women,sr:category:213,False,False,"ITF Women"
sr:competition:19706,"ITF Ukraine 02A, Women Singles",sr:competition:19704,singles,women,sr:category:213,False,False,"ITF Women"
sr:competition:19708,"ITF Ukraine 02A, Women Doubles",sr:competition:19704,doubles,women,sr:category:213,False,False,"ITF Women"
sr:competition:19752,"ITF USA F32, Men Singles",sr:competition:19750,singles,men,sr:category:785,False,False,"ITF Men"
sr:competition:19754,"ITF USA F32, Men Doubles",sr:competition:19750,doubles,men,sr:category:785,False,False,"ITF Men"
sr:competition:19758,"ITF Turkiye F36, Men Singles",sr:competition:19756,singles,men,sr:category:785,False,False,"ITF Men"
sr:competition:19760,"ITF Turkiye F36, Men Doubles",sr:competition:19756,doubles,men,sr:category:785,False,False,"ITF Men"
sr:competition:19764,"ITF France 23A, Women Singles",sr:competition:19762,singles,women,sr:category:213,False,False,"ITF Women"
sr:competition:19766,"ITF France 23A, Women Doubles",sr:competition:19762,doubles,women,sr:category:213,False,False,"ITF Women"
sr:competition:19770,"ITF Women Penrith, Australia Women Doubles",sr:competition:19768,doubles,women,sr:category:213,False,False,"ITF Women"
sr:competition:19774,"ITF Lebanon 01A, Women Singles",sr:competition:19772,singles,women,sr:category:213,False,False,"ITF Women"
sr:competition:19776,"ITF Lebanon 01A, Women Doubles",sr:competition:19772,doubles,women,sr:category:213,False,False,"ITF Women"
sr:competition:19780,"ITF Ukraine 03A, Women Singles",sr:competition:19778,singles,women,sr:category:213,False,False,"ITF Women"
sr:competition:19782,"ITF Ukraine 03A, Women Doubles",sr:competition:19778,doubles,women,sr:category:213,False,False,"ITF Women"
sr:competition:19786,"ITF USA 32A, Women Singles",sr:competition:19784,singles,women,sr:category:213,False,False,"ITF Women"
sr:competition:19788,"ITF USA 32A, Women Doubles",sr:competition:19784,doubles,women,sr:category:213,False,False,"ITF Women"
sr:competition:19802,"WTA Tokyo II, Japan Women Singles",sr:competition:19800,singles,women,sr:category:6,False,False,WTA
sr:competition:19804,"WTA Tokyo II, Japan Women Doubles",sr:competition:19800,doubles,women,sr:category:6,False,False,WTA
sr:competition:19808,"ITF Australia F5, Men Singles",sr:competition:19806,singles,men,sr:category:785,False,False,"ITF Men"
sr:competition:19810,"ITF Australia F5, Men Doubles",sr:competition:19806,doubles,men,sr:category:785,False,False,"ITF Men"
sr:competition:19814,"ITF Italy F31, Men Doubles",sr:competition:19812,doubles,men,sr:category:785,False,False,"ITF Men"
sr:competition:19816,"ITF Italy F31, Men Singles",sr:competition:19812,singles,men,sr:category:785,False,False,"ITF Men"
sr:competition:19820,"ITF Kazakhstan F7, Men Singles",sr:competition:19818,singles,men,sr:category:785,False,False,"ITF Men"
sr:competition:19822,"ITF Kazakhstan F7, Men Doubles",sr:competition:19818,doubles,men,sr:category:785,False,False,"ITF Men"
sr:competition:19826,"ITF Portugal F20, Men Singles",sr:competition:19824,singles,men,sr:category:785,False,False,"ITF Men"
sr:competition:19828,"ITF Portugal F20, Men Doubles",sr:competition:19824,doubles,men,sr:category:785,False,False,"ITF Men"
sr:competition:19836,"ITF Spain F31, Men Singles",sr:competition:19834,singles,men,sr:category:785,False,False,"ITF Men"
sr:competition:19838,"ITF Spain F31, Men Doubles",sr:competition:19834,doubles,men,sr:category:785,False,False,"ITF Men"
sr:competition:19842,"ITF Sweden F3, Men Singles",sr:competition:19840,singles,men,sr:category:785,False,False,"ITF Men"
sr:competition:19844,"ITF Sweden F3, Men Doubles",sr:competition:19840,doubles,men,sr:category:785,False,False,"ITF Men"
sr:competition:19848,"ITF Bolivia F2, Men Singles",sr:competition:19846,singles,men,sr:category:785,False,False,"ITF Men"
sr:competition:19850,"ITF Bolivia F2, Men Doubles",sr:competition:19846,doubles,men,sr:category:785,False,False,"ITF Men"
sr:competition:19854,"ITF Egypt F27, Men Singles",sr:competition:19852,singles,men,sr:category:785,False,False,"ITF Men"
sr:competition:19856,"ITF Egypt F27, Men Doubles",sr:competition:19852,doubles,men,sr:category:785,False,False,"ITF Men"
sr:competition:19860,"ITF France F21, Men Singles",sr:competition:19858,singles,men,sr:category:785,False,False,"ITF Men"
sr:competition:19862,"ITF France F21, Men Doubles",sr:competition:19858,doubles,men,sr:category:785,False,False,"ITF Men"
sr:competition:19866,"ITF Tunisia F28, Men Singles",sr:competition:19864,singles,men,sr:category:785,False,False,"ITF Men"
sr:competition:19868,"ITF Tunisia F28, Men Doubles",sr:competition:19864,doubles,men,sr:category:785,False,False,"ITF Men"
sr:competition:19874,"ITF Australia 10A, Women Singles",sr:competition:19872,singles,women,sr:category:213,False,False,"ITF Women"
sr:competition:19876,"ITF Australia 10A, Women Doubles",sr:competition:19872,doubles,women,sr:category:213,False,False,"ITF Women"
sr:competition:19880,"ITF Italy 28A, Women Singles",sr:competition:19878,singles,women,sr:category:213,False,False,"ITF Women"
sr:competition:19882,"ITF Italy 28A, Women Doubles",sr:competition:19878,doubles,women,sr:category:213,False,False,"ITF Women"
sr:competition:19886,"ITF Thailand 09A, Women Singles",sr:competition:19884,singles,women,sr:category:213,False,False,"ITF Women"
sr:competition:19888,"ITF Thailand 09A, Women Doubles",sr:competition:19884,doubles,women,sr:category:213,False,False,"ITF Women"
sr:competition:19892,"ITF USA 33A, Women Singles",sr:competition:19890,singles,women,sr:category:213,False,False,"ITF Women"
sr:competition:19894,"ITF USA 33A, Women Doubles",sr:competition:19890,doubles,women,sr:category:213,False,False,"ITF Women"
sr:competition:19898,"ITF Czech Republic 08A, Women Singles",sr:competition:19896,singles,women,sr:category:213,False,False,"ITF Women"
sr:competition:19900,"ITF Czech Republic 08A, Women Doubles",sr:competition:19896,doubles,women,sr:category:213,False,False,"ITF Women"
sr:competition:19904,"ITF Egypt 27A, Women Singles",sr:competition:19902,singles,women,sr:category:213,False,False,"ITF Women"
sr:competition:19906,"ITF Egypt 27A, Women Doubles",sr:competition:19902,doubles,women,sr:category:213,False,False,"ITF Women"
sr:competition:19910,"ITF Kazakhstan 08A, Women Singles",sr:competition:19908,singles,women,sr:category:213,False,False,"ITF Women"
sr:competition:19912,"ITF Kazakhstan 08A, Women Doubles",sr:competition:19908,doubles,women,sr:category:213,False,False,"ITF Women"
sr:competition:19916,"ITF Spain 16A, Women Singles",sr:competition:19914,singles,women,sr:category:213,False,False,"ITF Women"
sr:competition:19918,"ITF Spain 16A, Women Doubles",sr:competition:19914,doubles,women,sr:category:213,False,False,"ITF Women"
sr:competition:19922,"ITF Tunisia 28A, Women Singles",sr:competition:19920,singles,women,sr:category:213,False,False,"ITF Women"
sr:competition:19924,"ITF Tunisia 28A, Women Doubles",sr:competition:19920,doubles,women,sr:category:213,False,False,"ITF Women"
sr:competition:19928,"ITF Turkiye 33A, Women Singles",sr:competition:19926,singles,women,sr:category:213,False,False,"ITF Women"
sr:competition:19930,"ITF Turkiye 33A, Women Doubles",sr:competition:19926,doubles,women,sr:category:213,False,False,"ITF Women"
sr:competition:19934,"ITF USA 34A, Women Singles",sr:competition:19932,singles,women,sr:category:213,False,False,"ITF Women"
sr:competition:19936,"ITF USA 34A, Women Doubles",sr:competition:19932,doubles,women,sr:category:213,False,False,"ITF Women"
sr:competition:19952,"ITF Turkiye F37, Men Singles",sr:competition:19950,singles,men,sr:category:785,False,False,"ITF Men"
sr:competition:19954,"ITF Turkiye F37, Men Doubles",sr:competition:19950,doubles,men,sr:category:785,False,False,"ITF Men"
sr:competition:19958,"ITF Lebanon 02A, Women Singles",sr:competition:19956,singles,women,sr:category:213,False,False,"ITF Women"
sr:competition:19960,"ITF Lebanon 02A, Women Doubles",sr:competition:19956,doubles,women,sr:category:213,False,False,"ITF Women"
sr:competition:19964,"ITF Sri Lanka 01A, Women Singles",sr:competition:19962,singles,women,sr:category:213,False,False,"ITF Women"
sr:competition:19966,"ITF Sri Lanka 01A, Women Doubles",sr:competition:19962,doubles,women,sr:category:213,False,False,"ITF Women"
sr:competition:19970,"ITF Spain 17A, Women Singles",sr:competition:19968,singles,women,sr:category:213,False,False,"ITF Women"
sr:competition:19972,"ITF Spain 17A, Women Doubles",sr:competition:19968,doubles,women,sr:category:213,False,False,"ITF Women"
sr:competition:19976,"ITF Australia F6, Men Singles",sr:competition:19974,singles,men,sr:category:785,False,False,"ITF Men"
sr:competition:19978,"ITF Australia F6, Men Doubles",sr:competition:19974,doubles,men,sr:category:785,False,False,"ITF Men"
sr:competition:19984,"ITF France F22, Men Singles",sr:competition:19982,singles,men,sr:category:785,False,False,"ITF Men"
sr:competition:19986,"ITF France F22, Men Doubles",sr:competition:19982,doubles,men,sr:category:785,False,False,"ITF Men"
sr:competition:19990,"ITF Italy F32, Men Singles",sr:competition:19988,singles,men,sr:category:785,False,False,"ITF Men"
sr:competition:19992,"ITF Italy F32, Men Doubles",sr:competition:19988,doubles,men,sr:category:785,False,False,"ITF Men"
sr:competition:19996,"ITF Sweden F4, Men Singles",sr:competition:19994,singles,men,sr:category:785,False,False,"ITF Men"
sr:competition:19998,"ITF Sweden F4, Men Doubles",sr:competition:19994,doubles,men,sr:category:785,False,False,"ITF Men"
sr:competition:20002,"ITF Bolivia F3, Men Singles",sr:competition:20000,singles,men,sr:category:785,False,False,"ITF Men"
sr:competition:20004,"ITF Bolivia F3, Men Doubles",sr:competition:20000,doubles,men,sr:category:785,False,False,"ITF Men"
sr:competition:20008,"ITF Egypt F28, Men Singles",sr:competition:20006,singles,men,sr:category:785,False,False,"ITF Men"
sr:competition:20010,"ITF Egypt F28, Men Doubles",sr:competition:20006,doubles,men,sr:category:785,False,False,"ITF Men"
sr:competition:20014,"ITF Portugal F21, Men Singles",sr:competition:20012,singles,men,sr:category:785,False,False,"ITF Men"
sr:competition:20016,"ITF Portugal F21, Men Doubles",sr:competition:20012,doubles,men,sr:category:785,False,False,"ITF Men"
sr:competition:20020,"ITF Spain F32, Men Singles",sr:competition:20018,singles,men,sr:category:785,False,False,"ITF Men"
sr:competition:20022,"ITF Spain F32, Men Doubles",sr:competition:20018,doubles,men,sr:category:785,False,False,"ITF Men"
sr:competition:20026,"ITF Thailand F7, Men Singles",sr:competition:20024,singles,men,sr:category:785,False,False,"ITF Men"
sr:competition:20028,"ITF Thailand F7, Men Doubles",sr:competition:20024,doubles,men,sr:category:785,False,False,"ITF Men"
sr:competition:20032,"ITF Tunisia F29, Men Singles",sr:competition:20030,singles,men,sr:category:785,False,False,"ITF Men"
sr:competition:20034,"ITF Tunisia F29, Men Doubles",sr:competition:20030,doubles,men,sr:category:785,False,False,"ITF Men"
sr:competition:20038,"ITF Australia 11A, Women Singles",sr:competition:20036,singles,women,sr:category:213,False,False,"ITF Women"
sr:competition:20040,"ITF Australia 11A, Women Doubles",sr:competition:20036,doubles,women,sr:category:213,False,False,"ITF Women"
sr:competition:20044,"ITF Italy 29A, Women Singles",sr:competition:20042,singles,women,sr:category:213,False,False,"ITF Women"
sr:competition:20046,"ITF Italy 29A, Women Doubles",sr:competition:20042,doubles,women,sr:category:213,False,False,"ITF Women"
sr:competition:20050,"ITF Argentina 04A, Women Singles",sr:competition:20048,singles,women,sr:category:213,False,False,"ITF Women"
sr:competition:20052,"ITF Argentina 04A, Women Doubles",sr:competition:20048,doubles,women,sr:category:213,False,False,"ITF Women"
sr:competition:20056,"ITF Bulgaria 04A, Women Singles",sr:competition:20054,singles,women,sr:category:213,False,False,"ITF Women"
sr:competition:20058,"ITF Bulgaria 04A, Women Doubles",sr:competition:20054,doubles,women,sr:category:213,False,False,"ITF Women"
sr:competition:20062,"ITF Egypt 28A, Women Singles",sr:competition:20060,singles,women,sr:category:213,False,False,"ITF Women"
sr:competition:20064,"ITF Egypt 28A, Women Doubles",sr:competition:20060,doubles,women,sr:category:213,False,False,"ITF Women"
sr:competition:20068,"ITF Portugal 15A, Women Singles",sr:competition:20066,singles,women,sr:category:213,False,False,"ITF Women"
sr:competition:20070,"ITF Portugal 15A, Women Doubles",sr:competition:20066,doubles,women,sr:category:213,False,False,"ITF Women"
sr:competition:20074,"ITF Thailand 13A, Women Singles",sr:competition:20072,singles,women,sr:category:213,False,False,"ITF Women"
sr:competition:20076,"ITF Thailand 13A, Women Doubles",sr:competition:20072,doubles,women,sr:category:213,False,False,"ITF Women"
sr:competition:20080,"ITF Tunisia 29A, Women Singles",sr:competition:20078,singles,women,sr:category:213,False,False,"ITF Women"
sr:competition:20082,"ITF Tunisia 29A, Women Doubles",sr:competition:20078,doubles,women,sr:category:213,False,False,"ITF Women"
sr:competition:20086,"ITF Turkiye 34A, Women Singles",sr:competition:20084,singles,women,sr:category:213,False,False,"ITF Women"
sr:competition:20088,"ITF Turkiye 34A, Women Doubles",sr:competition:20084,doubles,women,sr:category:213,False,False,"ITF Women"
sr:competition:20092,"ITF USA 35A, Women Singles",sr:competition:20090,singles,women,sr:category:213,False,False,"ITF Women"
sr:competition:20094,"ITF USA 35A, Women Doubles",sr:competition:20090,doubles,women,sr:category:213,False,False,"ITF Women"
sr:competition:20102,"ATP Challenger Buenos Aires II, ARG Men Singles",sr:competition:20100,singles,men,sr:category:72,False,False,Challenger
sr:competition:20104,"ATP Challenger Buenos Aires 2, Argentina Men Doubles",sr:competition:20100,doubles,men,sr:category:72,False,False,Challenger
sr:competition:20110,"ITF Turkey F38, Men Singles",sr:competition:20108,singles,men,sr:category:785,False,False,"ITF Men"
sr:competition:20112,"ITF Turkey F38, Men Doubles",sr:competition:20108,doubles,men,sr:category:785,False,False,"ITF Men"
sr:competition:20116,"ITF Spain F33, Men Singles",sr:competition:20114,singles,men,sr:category:785,False,False,"ITF Men"
sr:competition:20118,"ITF Spain F33, Men Doubles",sr:competition:20114,doubles,men,sr:category:785,False,False,"ITF Men"
sr:competition:20122,"ITF Sri Lanka 02A, Women Singles",sr:competition:20120,singles,women,sr:category:213,False,False,"ITF Women"
sr:competition:20126,"ITF France 24A, Women Singles",sr:competition:20124,singles,women,sr:category:213,False,False,"ITF Women"
sr:competition:20128,"ITF France 24A, Women Doubles",sr:competition:20124,doubles,women,sr:category:213,False,False,"ITF Women"
sr:competition:20130,"ITF Sri Lanka 02A, Women Doubles",sr:competition:20120,doubles,women,sr:category:213,False,False,"ITF Women"
sr:competition:20144,"ITF Australia F7, Men Singles",sr:competition:20142,singles,men,sr:category:785,False,False,"ITF Men"
sr:competition:20146,"ITF Australia F7, Men Doubles",sr:competition:20142,doubles,men,sr:category:785,False,False,"ITF Men"
sr:competition:20150,"ITF France F23, Men Singles",sr:competition:20148,singles,men,sr:category:785,False,False,"ITF Men"
sr:competition:20152,"ITF France F23, Men Doubles",sr:competition:20148,doubles,men,sr:category:785,False,False,"ITF Men"
sr:competition:20158,"ITF Italy F33, Men Singles",sr:competition:20156,singles,men,sr:category:785,False,False,"ITF Men"
sr:competition:20160,"ITF Italy F33, Men Doubles",sr:competition:20156,doubles,men,sr:category:785,False,False,"ITF Men"
sr:competition:20166,"ITF Nigeria F4, Men Singles",sr:competition:20164,singles,men,sr:category:785,False,False,"ITF Men"
sr:competition:20168,"ITF Nigeria F4, Men Doubles",sr:competition:20164,doubles,men,sr:category:785,False,False,"ITF Men"
sr:competition:20174,"ITF USA F33, Men Singles",sr:competition:20172,singles,men,sr:category:785,False,False,"ITF Men"
sr:competition:20176,"ITF USA F33, Men Doubles",sr:competition:20172,doubles,men,sr:category:785,False,False,"ITF Men"
sr:competition:20182,"ITF Egypt F29, Men Singles",sr:competition:20180,singles,men,sr:category:785,False,False,"ITF Men"
sr:competition:20184,"ITF Egypt F29, Men Doubles",sr:competition:20180,doubles,men,sr:category:785,False,False,"ITF Men"
sr:competition:20192,"ITF Germany F14, Men Singles",sr:competition:20190,singles,men,sr:category:785,False,False,"ITF Men"
sr:competition:20194,"ITF Germany F14, Men Doubles",sr:competition:20190,doubles,men,sr:category:785,False,False,"ITF Men"
sr:competition:20204,"ITF Turkiye 35A, Women Singles",sr:competition:20202,singles,women,sr:category:213,False,False,"ITF Women"
sr:competition:20206,"ITF Turkiye 35A, Women Doubles",sr:competition:20202,doubles,women,sr:category:213,False,False,"ITF Women"
sr:competition:20210,"ITF Tunisia 30A, Women Singles",sr:competition:20208,singles,women,sr:category:213,False,False,"ITF Women"
sr:competition:20212,"ITF Tunisia 30A, Women Doubles",sr:competition:20208,doubles,women,sr:category:213,False,False,"ITF Women"
sr:competition:20216,"ITF Thailand 14A, Women Singles",sr:competition:20214,singles,women,sr:category:213,False,False,"ITF Women"
sr:competition:20218,"ITF Thailand 14A, Women Doubles",sr:competition:20214,doubles,women,sr:category:213,False,False,"ITF Women"
sr:competition:20222,"ITF Egypt 29A, Women Singles",sr:competition:20220,singles,women,sr:category:213,False,False,"ITF Women"
sr:competition:20224,"ITF Egypt 29A, Women Doubles",sr:competition:20220,doubles,women,sr:category:213,False,False,"ITF Women"
sr:competition:20230,"ITF Argentina 05A, Women Singles",sr:competition:20228,singles,women,sr:category:213,False,False,"ITF Women"
sr:competition:20232,"ITF Argentina 05A, Women Doubles",sr:competition:20228,doubles,women,sr:category:213,False,False,"ITF Women"
sr:competition:20236,"ITF USA 36A, Women Singles",sr:competition:20234,singles,women,sr:category:213,False,False,"ITF Women"
sr:competition:20238,"ITF USA 36A, Women Doubles",sr:competition:20234,doubles,women,sr:category:213,False,False,"ITF Women"
sr:competition:20242,"ITF Spain 18A, Women Singles",sr:competition:20240,singles,women,sr:category:213,False,False,"ITF Women"
sr:competition:20244,"ITF Spain 18A, Women Doubles",sr:competition:20240,doubles,women,sr:category:213,False,False,"ITF Women"
sr:competition:20248,"ITF Portugal 12A, Women Singles",sr:competition:20246,singles,women,sr:category:213,False,False,"ITF Women"
sr:competition:20250,"ITF Portugal 12A, Women Doubles",sr:competition:20246,doubles,women,sr:category:213,False,False,"ITF Women"
sr:competition:20254,"ITF Thailand F8, Men Singles",sr:competition:20252,singles,men,sr:category:785,False,False,"ITF Men"
sr:competition:20256,"ITF Thailand F8, Men Doubles",sr:competition:20252,doubles,men,sr:category:785,False,False,"ITF Men"
sr:competition:20260,"ITF Nigeria 01A, Women Singles",sr:competition:20258,singles,women,sr:category:213,False,False,"ITF Women"
sr:competition:20262,"ITF Nigeria 01A, Women Doubles",sr:competition:20258,doubles,women,sr:category:213,False,False,"ITF Women"
sr:competition:20266,"ITF Tunisia F30, Men Singles",sr:competition:20264,singles,men,sr:category:785,False,False,"ITF Men"
sr:competition:20270,"ITF Tunisia F30, Men Doubles",sr:competition:20264,doubles,men,sr:category:785,False,False,"ITF Men"
sr:competition:20272,"ITF Japan 11A, Women Singles",sr:competition:20268,singles,women,sr:category:213,False,False,"ITF Women"
sr:competition:20274,"ITF Japan 11A, Women Doubles",sr:competition:20268,doubles,women,sr:category:213,False,False,"ITF Women"
sr:competition:20278,"ITF Italy 30A, Women Singles",sr:competition:20276,singles,women,sr:category:213,False,False,"ITF Women"
sr:competition:20280,"ITF Italy 30A, Women Doubles",sr:competition:20276,doubles,women,sr:category:213,False,False,"ITF Women"
sr:competition:20284,"ITF Australia 12A, Women Singles",sr:competition:20282,singles,women,sr:category:213,False,False,"ITF Women"
sr:competition:20286,"ITF Australia 12A, Women Doubles",sr:competition:20282,doubles,women,sr:category:213,False,False,"ITF Women"
sr:competition:20290,"ITF Turkiye F39, Men Singles",sr:competition:20288,singles,men,sr:category:785,False,False,"ITF Men"
