competition_id,competition_name,parent_id,type,gender,category_id,is_root_competition,parent_in_dataset
sr:competition:10027,"ITF Men Stara Zagora, Bulgaria Men Doubles",sr:competition:10023,doubles,men,sr:category:785,False,False
sr:competition:10033,"ITF Men Sibiu, Romania Men Doubles",sr:competition:10029,doubles,men,sr:category:785,False,False
sr:competition:10039,"ITF Men Busto Arsizio, Italy Men Doubles",sr:competition:10035,doubles,men,sr:category:785,False,False
sr:competition:10045,"ITF Men Sabac, Serbia Men Doubles",sr:competition:10041,doubles,men,sr:category:785,False,False
sr:competition:10057,"ITF Men Seefeld, Austria Men Doubles",sr:competition:10053,doubles,men,sr:category:785,False,False
sr:competition:10075,"ATP Challenger Portoroz, Slovenia Men DoublesUTR Wo",sr:competition:10071,doubles,men,sr:category:72,False,False
sr:competition:10093,"ITF Men Focsani, Romania Men Doubles",sr:competition:10089,doubles,men,sr:category:785,False,False
sr:competition:10153,"ATP Challenger Eskisehir, Turkey Men Doubles",sr:competition:10149,doubles,men,sr:category:72,False,False
sr:competition:10159,"ITF Men Tallinn, Estonia Men Doubles",sr:competition:10155,doubles,men,sr:category:785,False,False
sr:competition:10183,"ITF Women Campos Do Jordao, Brazil Women Doubles",sr:competition:10179,doubles,women,sr:category:213,False,False
sr:competition:10225,"ITF Men Misiones, Argentina Men Doubles",sr:competition:10221,doubles,men,sr:category:785,False,False
sr:competition:10255,"ATP Challenger Liberec, Czech Republic Men Doubles",sr:competition:10251,doubles,men,sr:category:72,False,False
sr:competition:10285,"ITF Men Sleza, Poland Men Doubles",sr:competition:10281,doubles,men,sr:category:785,False,False
sr:competition:10315,"ITF Men Bejar, Spain Men Doubles",sr:competition:10311,doubles,men,sr:category:785,False,False
sr:competition:10345,"ATP Challenger Meerbusch, Germany Men Doubles",sr:competition:10341,doubles,men,sr:category:72,False,False
sr:competition:10381,"ITF Men Geneva, Switzerland Men Doubles",sr:competition:10377,doubles,men,sr:category:785,False,False
sr:competition:10423,"ITF Women Brcko, Bosnia & Herzegovina Women Doubles",sr:competition:10419,doubles,women,sr:category:213,False,False
sr:competition:10441,"ITF Men Medias, Romania Men Doubles",sr:competition:10437,doubles,men,sr:category:785,False,False
sr:competition:10453,"ITF Men Este, Italy Men Doubles",sr:competition:10449,doubles,men,sr:category:785,False,False
sr:competition:10459,"ITF Men Jupille-Sur-Meuse, Belgium Men Doubles",sr:competition:10455,doubles,men,sr:category:785,False,False
sr:competition:10477,"ITF Men Libreville, Gabon Men Doubles",sr:competition:10473,doubles,men,sr:category:785,False,False
sr:competition:10489,"ITF Men Campos Do Jordao, Brazil Men Doubles",sr:competition:10485,doubles,men,sr:category:785,False,False
sr:competition:10495,"ITF Men Manizales, Colombia Men Doubles",sr:competition:10491,doubles,men,sr:category:785,False,False
sr:competition:10519,"ITF Men Damme, Belgium Men Doubles",sr:competition:10515,doubles,men,sr:category:785,False,False
sr:competition:10531,"ITF Men Lausanne, Switzerland Men Doubles",sr:competition:10527,doubles,men,sr:category:785,False,False
sr:competition:10537,"ITF Men Quito, Ecuador Men Doubles",sr:competition:10533,doubles,men,sr:category:785,False,False
sr:competition:10645,"ATP Challenger Kenitra, Morocco Men Doubles",sr:competition:10641,doubles,men,sr:category:72,False,False
sr:competition:10657,"ATP Challenger Porto, Portugal Men Doubles",sr:competition:10653,doubles,men,sr:category:72,False,False
sr:competition:10675,"ITF Men Nis, Serbia Men Doubles",sr:competition:10671,doubles,men,sr:category:785,False,False
sr:competition:10687,"ITF Men Sokobanja, Serbia Men Doubles",sr:competition:10683,doubles,men,sr:category:785,False,False
sr:competition:10705,"ITF Men Cochabamba, Bolivia Men Doubles",sr:competition:10701,doubles,men,sr:category:785,False,False
sr:competition:10759,"ITF Women Albena, Bulgaria Women Doubles",sr:competition:10755,doubles,women,sr:category:213,False,False
sr:competition:10783,"ITF Men Sant Cugat, Spain Men Doubles",sr:competition:10779,doubles,men,sr:category:785,False,False
sr:competition:10825,"ATP Challenger Mouilleron-Le-Captif, France Men Doubles",sr:competition:10821,doubles,men,sr:category:72,False,False
sr:competition:10897,"ATP Challenger Traralgon, Australia Men Doubles",sr:competition:10893,doubles,men,sr:category:72,False,False
sr:competition:10951,"ATP Challenger Andria, Italy Men Doubles",sr:competition:10947,doubles,men,sr:category:72,False,False
sr:competition:10969,"ITF Men Nicosia, Cyprus Men Doubles",sr:competition:10965,doubles,men,sr:category:785,False,False
sr:competition:10975,"ITF Men Popayan, Colombia Men Doubles",sr:competition:10971,doubles,men,sr:category:785,False,False
sr:competition:11005,"ITF Men Bol, Croatia Men Doubles",sr:competition:11001,doubles,men,sr:category:785,False,False
sr:competition:11035,"ITF Men Raipur, India Men Doubles",sr:competition:11031,doubles,men,sr:category:785,False,False
sr:competition:11053,"ITF Women Monterrey, Mexico Women Doubles",sr:competition:11049,doubles,women,sr:category:213,False,False
sr:competition:11059,"ITF Men Larnaca, Cyprus Men Doubles",sr:competition:11055,doubles,men,sr:category:785,False,False
sr:competition:11083,"ITF Women Duino Aurisina, Italy Women Doubles",sr:competition:11079,doubles,women,sr:category:213,False,False
sr:competition:11107,"WTA Rio de Janeiro, Brazil Women Doubles",sr:competition:11127,doubles,women,sr:category:6,False,False
sr:competition:11113,"WTA Hong Kong, Hong Kong Women Doubles",sr:competition:11109,doubles,women,sr:category:6,False,False
sr:competition:11119,"WTA Wuhan, China Women Doubles",sr:competition:11115,doubles,women,sr:category:6,False,False
sr:competition:11125,"ATP Shenzhen, China Men Doubles",sr:competition:11121,doubles,men,sr:category:3,False,False
sr:competition:11131,"ATP Rio de Janeiro, Brazil Men Doubles",sr:competition:11127,doubles,men,sr:category:3,False,False
sr:competition:11185,"ATP Challenger Chennai, India Men Doubles",sr:competition:11181,doubles,men,sr:category:72,False,False
sr:competition:11203,"ATP Challenger Kolkata, India Men Doubles",sr:competition:11199,doubles,men,sr:category:72,False,False
sr:competition:11227,"ATP Challenger Morelos, Mexico Men Doubles",sr:competition:11223,doubles,men,sr:category:72,False,False
sr:competition:11233,"ATP Challenger New Delhi, India Men Doubles",sr:competition:11229,doubles,men,sr:category:72,False,False
sr:competition:11269,"ITF Men Kish, Iran Men Doubles",sr:competition:11265,doubles,men,sr:category:785,False,False
sr:competition:11287,"ITF Men Bhimavaram, India Men Doubles",sr:competition:11283,doubles,men,sr:category:785,False,False
sr:competition:11299,"ATP Challenger Irving, USA Men Doubles",sr:competition:11295,doubles,men,sr:category:72,False,False
sr:competition:11335,"ITF Men Manila, Philippines Men Doubles",sr:competition:11331,doubles,men,sr:category:785,False,False
sr:competition:11357,"ITF Men Melbourne, Australia Men Doubles",sr:competition:11353,doubles,men,sr:category:785,False,False
sr:competition:11369,"ITF Men Oran, Algeria Men Doubles",sr:competition:11365,doubles,men,sr:category:785,False,False
sr:competition:11399,"ITF Men Algiers, Algeria Men Doubles",sr:competition:11395,doubles,men,sr:category:785,False,False
sr:competition:11405,"ITF Women Melbourne, Australia Women Doubles",sr:competition:11401,doubles,women,sr:category:213,False,False
sr:competition:11423,"ITF Men Karshi, Uzbekistan Men Doubles",sr:competition:11419,doubles,men,sr:category:785,False,False
sr:competition:11429,"ATP Challenger Shenzhen, China Men Doubles",sr:competition:11425,doubles,men,sr:category:72,False,False
sr:competition:11435,"ATP Challenger Vercelli, Italy Men Doubles",sr:competition:11431,doubles,men,sr:category:72,False,False
sr:competition:11441,"ITF Men Queretaro, Mexico Men Doubles",sr:competition:11437,doubles,men,sr:category:785,False,False
sr:competition:11465,"ATP Challenger Taipei, Chinese Taipei Men Doubles",sr:competition:11461,doubles,men,sr:category:72,False,False
sr:competition:11495,"ATP Challenger Gimcheon, Korea Rep. Men Doubles",sr:competition:11491,doubles,men,sr:category:72,False,False
sr:competition:11501,"ATP Challenger Aix en Provence, France Men Doubles",sr:competition:11497,doubles,men,sr:category:72,False,False
sr:competition:11507,"ITF Men Galati, Romania Men Doubles",sr:competition:11503,doubles,men,sr:category:785,False,False
sr:competition:11579,"ATP Challenger Mestre, Italy Men Doubles",sr:competition:11575,doubles,men,sr:category:72,False,False
sr:competition:11585,"ATP Challenger Mohammedia, Morocco Men Doubles",sr:competition:11581,doubles,men,sr:category:72,False,False
sr:competition:11591,"ATP Challenger Nanchang, China Men Doubles",sr:competition:11587,doubles,men,sr:category:72,False,False
sr:competition:11597,"ATP Challenger Padova, Italy Men Doubles",sr:competition:11593,doubles,men,sr:category:72,False,False
sr:competition:11603,"ATP Challenger Vicenza, Italy Men Doubles",sr:competition:11599,doubles,men,sr:category:72,False,False
sr:competition:11807,"WTA Bucharest, Romania Women Doubles",sr:competition:11803,doubles,women,sr:category:871,False,False
sr:competition:11843,"WTA 125K Nanchang, China Women Doubles",sr:competition:11839,doubles,women,sr:category:871,False,False
sr:competition:11861,"ITF Men Chaco, Argentina Men Doubles",sr:competition:11857,doubles,men,sr:category:785,False,False
sr:competition:11873,"ATP Challenger Cortina, Italy Men Doubles",sr:competition:11869,doubles,men,sr:category:72,False,False
sr:competition:11915,"ITF Women Santa Fe, Argentina Women Doubles",sr:competition:11911,doubles,women,sr:category:213,False,False
sr:competition:11957,"ITF Men Tehran, Iran Men Doubles",sr:competition:11953,doubles,men,sr:category:785,False,False
sr:competition:12017,"ITF Men Vsevolozhsk, Russia Men Doubles",sr:competition:12013,doubles,men,sr:category:785,False,False
sr:competition:12047,"ATP Challenger Brescia, Italy Men Doubles",sr:competition:12043,doubles,men,sr:category:72,False,False
sr:competition:12053,"ATP Challenger Cordoba, Argentina Men Doubles",sr:competition:12049,doubles,men,sr:category:72,False,False
sr:competition:12059,"ATP Challenger Pune, India Men Doubles",sr:competition:12055,doubles,men,sr:category:72,False,False
sr:competition:12065,"WTA 125K Limoges, France Women Doubles",sr:competition:12061,doubles,women,sr:category:871,False,False
sr:competition:12119,"WTA Tianjin, China Women Doubles",sr:competition:12115,doubles,women,sr:category:6,False,False
sr:competition:12179,"ITF Men Wollongong, Australia Men Doubles",sr:competition:12175,doubles,men,sr:category:785,False,False
sr:competition:12185,"ITF Men Gwalior, India Men Doubles",sr:competition:12181,doubles,men,sr:category:785,False,False
sr:competition:12203,"ATP Challenger Happy Valley, Australia Men Doubles",sr:competition:12199,doubles,men,sr:category:72,False,False
sr:competition:12209,"ATP Challenger Hong Kong, Hong Kong Men Doubles",sr:competition:12205,doubles,men,sr:category:72,False,False
sr:competition:12221,"ITF Men Santiago de los Caballeros, Dominican Republic Men Doubles",sr:competition:12217,doubles,men,sr:category:785,False,False
sr:competition:12257,"ATP Challenger Glasgow, Great Britain Men Doubles",sr:competition:12253,doubles,men,sr:category:72,False,False
sr:competition:12281,"ATP Challenger Santo Domingo, Dominican Republic Men Doubles",sr:competition:12277,doubles,men,sr:category:72,False,False
sr:competition:12287,"ATP Challenger Wroclaw, Poland Men Doubles",sr:competition:12283,doubles,men,sr:category:72,False,False
sr:competition:12293,"ATP Challenger Drummondville, Canada Men Doubles",sr:competition:12289,doubles,men,sr:category:72,False,False
sr:competition:12299,"ATP Challenger Raanana, Israel Men Doubles",sr:competition:12295,doubles,men,sr:category:72,False,False
sr:competition:12311,"ATP Challenger Launceston, Australia Men Doubles",sr:competition:12307,doubles,men,sr:category:72,False,False
sr:competition:12317,"ATP Geneva, Switzerland Men Doubles",sr:competition:12313,doubles,men,sr:category:3,False,False
sr:competition:12323,"ATP Istanbul, Turkey Men Doubles",sr:competition:12319,doubles,men,sr:category:3,False,False
sr:competition:12329,"ATP Quito, Ecuador Men Doubles",sr:competition:12325,doubles,men,sr:category:3,False,False
sr:competition:12335,"WTA Nottingham, Great Britain Women Doubles",sr:competition:12331,doubles,women,sr:category:6,False,False
sr:competition:12377,"ATP Challenger Batman, Turkey Men Doubles",sr:competition:12373,doubles,men,sr:category:72,False,False
sr:competition:12383,"ATP Challenger Puebla, Mexico Men Doubles",sr:competition:12379,doubles,men,sr:category:72,False,False
sr:competition:12431,"ATP Challenger Ilkley, Great Britain Men Doubles",sr:competition:12427,doubles,men,sr:category:72,False,False
sr:competition:12437,"ATP Challenger Manchester, Great Britain Men Doubles",sr:competition:12433,doubles,men,sr:category:72,False,False
sr:competition:12443,"ATP Challenger Surbiton, Great Britain Men Doubles",sr:competition:12439,doubles,men,sr:category:72,False,False
sr:competition:12449,"ATP Challenger Poprad Tatry, Slovakia Men Doubles",sr:competition:12445,doubles,men,sr:category:72,False,False
sr:competition:12455,"ATP Challenger Perugia, Italy Men Doubles",sr:competition:12451,doubles,men,sr:category:72,False,False
sr:competition:12461,"ATP Challenger Moscow, Russia Men Doubles",sr:competition:12457,doubles,men,sr:category:72,False,False
sr:competition:12551,"ATP Estoril, Portugal Men Doubles",sr:competition:12547,doubles,men,sr:category:3,False,False
sr:competition:12659,"ITF Men Jassowal, India Men Doubles",sr:competition:12655,doubles,men,sr:category:785,False,False
sr:competition:12665,"ITF Women Eastbourne, Great Britain Women Doubles",sr:competition:12661,doubles,women,sr:category:213,False,False
sr:competition:12689,"ITF Men Sarajevo, Bosnia/Herzegovina Men Doubles",sr:competition:12685,doubles,men,sr:category:785,False,False
sr:competition:12725,"ITF Women Grand Baie La Croisette, Mauritius Women Doubles",sr:competition:12721,doubles,women,sr:category:213,False,False
sr:competition:12743,"ITF Women Baton Rouge, USA Women Doubles",sr:competition:12739,doubles,women,sr:category:213,False,False
sr:competition:12749,"ITF Women Kaohsiung, Chinese Taipei Women Doubles",sr:competition:12745,doubles,women,sr:category:213,False,False
sr:competition:12821,"ITF Women Bursa, Turkey Women Doubles",sr:competition:12817,doubles,women,sr:category:213,False,False
sr:competition:12839,"ATP Challenger Manerbio, Italy Men Doubles",sr:competition:12835,doubles,men,sr:category:72,False,False
sr:competition:12845,"ATP Challenger Agri, Turkey Men Doubles",sr:competition:12841,doubles,men,sr:category:72,False,False
sr:competition:12851,"ATP Challenger Cary, USA Men Doubles",sr:competition:12847,doubles,men,sr:category:72,False,False
sr:competition:12857,"ATP Challenger Columbus, USA Men Doubles",sr:competition:12853,doubles,men,sr:category:72,False,False
sr:competition:12893,"WTA 125K Dalian, China Women Doubles",sr:competition:12889,doubles,women,sr:category:871,False,False
sr:competition:12899,"WTA 125K Carlsbad, USA Women Doubles",sr:competition:12895,doubles,women,sr:category:871,False,False
sr:competition:12905,"WTA 125K Hua Hin, Thailand Women Doubles",sr:competition:12901,doubles,women,sr:category:871,False,False
sr:competition:12911,"ITF Men Erzurum, Turkey Men Doubles",sr:competition:12907,doubles,men,sr:category:785,False,False
sr:competition:12977,"ITF Women Graz, Austria Women Doubles",sr:competition:12973,doubles,women,sr:category:213,False,False
sr:competition:12983,"ITF Women Koper, Slovenia Women Doubles",sr:competition:12979,doubles,women,sr:category:213,False,False
sr:competition:12989,"ITF Women Cakovec, Croatia Women Doubles",sr:competition:12985,doubles,women,sr:category:213,False,False
sr:competition:13001,"ITF Women Kiryat Gat, Israel Women Doubles",sr:competition:12997,doubles,women,sr:category:213,False,False
sr:competition:13013,"ITF Men Duino Aurisina, Italy Men Doubles",sr:competition:13009,doubles,men,sr:category:785,False,False
sr:competition:13025,"ITF Israel F14, Men Doubles",sr:competition:13021,doubles,men,sr:category:785,False,False
sr:competition:13031,"ITF Men Middelkerke, Belgium Men Doubles",sr:competition:13027,doubles,men,sr:category:785,False,False
sr:competition:13037,"ITF Women Tiberias, Israel Women Doubles",sr:competition:13033,doubles,women,sr:category:213,False,False
sr:competition:13049,"ITF Women San Carlos, Argentina Women Doubles",sr:competition:13045,doubles,women,sr:category:213,False,False
sr:competition:13103,"ITF Women Kirkland, USA Women Doubles",sr:competition:13099,doubles,women,sr:category:213,False,False
sr:competition:13109,"ATP Challenger Corrientes, Argentina Men Doubles",sr:competition:13105,doubles,men,sr:category:72,False,False
sr:competition:13115,"ATP Challenger Fairfield, USA Men Doubles",sr:competition:13111,doubles,men,sr:category:72,False,False
sr:competition:13121,"ATP Challenger Ho Chi Minh City, Vietnam Men Doubles",sr:competition:13117,doubles,men,sr:category:72,False,False
sr:competition:13127,"ATP Challenger Brest, France Men Doubles",sr:competition:13123,doubles,men,sr:category:72,False,False
sr:competition:13133,"ATP Challenger Bengaluru, India Men Doubles",sr:competition:13129,doubles,men,sr:category:72,False,False
sr:competition:13139,"ATP Challenger Las Vegas, USA Men Doubles",sr:competition:13135,doubles,men,sr:category:72,False,False
sr:competition:13145,"ATP Challenger Monterrey, Mexico Men Doubles",sr:competition:13141,doubles,men,sr:category:72,False,False
sr:competition:13151,"ATP Challenger Suzhou, China Men Doubles",sr:competition:13147,doubles,men,sr:category:72,False,False
sr:competition:13157,"ATP Challenger Hua Hin, Thailand Men Doubles",sr:competition:13153,doubles,men,sr:category:72,False,False
sr:competition:13163,"ATP Challenger Canberra, Australia Men Doubles",sr:competition:13159,doubles,men,sr:category:72,False,False
sr:competition:13169,"ATP Challenger Kobe, Japan Men Doubles",sr:competition:13165,doubles,men,sr:category:72,False,False
sr:competition:13175,"ITF Men Rancagua, Chile Men Doubles",sr:competition:13171,doubles,men,sr:category:785,False,False
sr:competition:13181,"ITF Men Ismaning, Germany Men Doubles",sr:competition:13177,doubles,men,sr:category:785,False,False
sr:competition:13193,"ITF Women Raipur, India Women Doubles",sr:competition:13189,doubles,women,sr:category:213,False,False
sr:competition:13223,"ITF Men Valledupar, Colombia Men Doubles",sr:competition:13219,doubles,men,sr:category:785,False,False
sr:competition:13247,"ITF Men Margarita Island, Venezuela Men Doubles",sr:competition:13243,doubles,men,sr:category:785,False,False
sr:competition:13253,"ITF Women Bratislava, Slovakia Women Doubles",sr:competition:13249,doubles,women,sr:category:213,False,False
sr:competition:13265,"ITF Men La Libertad, El Salvador Men Doubles",sr:competition:13261,doubles,men,sr:category:785,False,False
sr:competition:13271,"ITF Women Gulbarga, India Women Doubles",sr:competition:13267,doubles,women,sr:category:213,False,False
sr:competition:13283,"ITF Women Tel Aviv-Ramat Gan, Israel Women Doubles",sr:competition:13279,doubles,women,sr:category:213,False,False
sr:competition:13289,"ITF Men Limassol, Cyprus Men Doubles",sr:competition:13285,doubles,men,sr:category:785,False,False
sr:competition:13307,"ITF Men San Pedro Sula, Honduras Men Doubles",sr:competition:13303,doubles,men,sr:category:785,False,False
sr:competition:13319,"ITF Women Indore, India Women Doubles",sr:competition:13315,doubles,women,sr:category:213,False,False
sr:competition:13325,"ITF Men Santo Domingo Este, Dominican Republic Men Doubles",sr:competition:13321,doubles,men,sr:category:785,False,False
sr:competition:13331,"ITF Men Puerto Montt, Chile Men Doubles",sr:competition:13327,doubles,men,sr:category:785,False,False
sr:competition:13337,"ATP Challenger Mendoza, Argentina Men Doubles",sr:competition:13333,doubles,men,sr:category:72,False,False
sr:competition:13343,"ATP Challenger Carilo, Argentina Men Doubles",sr:competition:13339,doubles,men,sr:category:72,False,False
sr:competition:13349,"ATP Challenger Manila, Philippines Men Doubles",sr:competition:13345,doubles,men,sr:category:72,False,False
sr:competition:13355,"WTA St. Petersburg, Russia Women Doubles",sr:competition:13351,doubles,women,sr:category:6,False,False
sr:competition:13361,"WTA Kaohsiung, Chinese Taipei Women Doubles",sr:competition:13357,doubles,women,sr:category:6,False,False
sr:competition:13367,"WTA Rabat, Morocco Women Doubles",sr:competition:13363,doubles,women,sr:category:6,False,False
sr:competition:13373,"WTA Mallorca, Spain Women Doubles",sr:competition:13369,doubles,women,sr:category:6,False,False
sr:competition:13379,"WTA Nanchang, China Women Doubles",sr:competition:13375,doubles,women,sr:category:6,False,False
sr:competition:13391,"ATP Sofia, Bulgaria Men Doubles",sr:competition:13387,doubles,men,sr:category:3,False,False
sr:competition:13397,"ATP Los Cabos, Mexico Men Doubles",sr:competition:13393,doubles,men,sr:category:3,False,False
sr:competition:13415,"ITF Djibouti 02A, Women Doubles",sr:competition:13411,doubles,women,sr:category:213,False,False
sr:competition:13427,"ITF Men Baku, Azerbaijan Men Doubles",sr:competition:13423,doubles,men,sr:category:785,False,False
sr:competition:13439,"ITF USA 04A, Women Doubles",sr:competition:13435,doubles,women,sr:category:213,False,False
sr:competition:13445,"ATP Antwerp, Belgium Men Doubles",sr:competition:13441,doubles,men,sr:category:3,False,False
sr:competition:13451,"ITF Switzerland F1, Men Doubles",sr:competition:15886,doubles,men,sr:category:785,False,False
sr:competition:13481,"ATP Challenger Jonkoping, Sweden Men Doubles",sr:competition:13477,doubles,men,sr:category:72,False,False
sr:competition:13487,"ATP Challenger Zhuhai, China Men Doubles",sr:competition:13483,doubles,men,sr:category:72,False,False
sr:competition:13493,"ATP Challenger Gwangju, Korea Republic Men Doubles",sr:competition:13489,doubles,men,sr:category:72,False,False
sr:competition:13499,"ATP Challenger Nanjing, China Men Doubles",sr:competition:13495,doubles,men,sr:category:72,False,False
sr:competition:13505,"ITF Italy F3, Men Doubles",sr:competition:16022,doubles,men,sr:category:785,False,False
sr:competition:13517,"WTA 125K Bol, Croatia Women Doubles",sr:competition:13513,doubles,women,sr:category:871,False,False
sr:competition:13529,"WTA 125K San Antonio, USA Women Doubles",sr:competition:13525,doubles,women,sr:category:871,False,False
sr:competition:13535,"ITF Morocco F5, Men Doubles",sr:competition:13531,doubles,men,sr:category:785,False,False
sr:competition:13541,"ITF France F7, Men Doubles",sr:competition:16072,doubles,men,sr:category:785,False,False
sr:competition:13547,"ITF Croatia F4, Men Doubles",sr:competition:16094,doubles,men,sr:category:785,False,False
sr:competition:13553,"ITF Sweden F5, Men Doubles",sr:competition:13549,doubles,men,sr:category:785,False,False
sr:competition:13559,"ITF Hong Kong 04A, Women Doubles",sr:competition:13555,doubles,women,sr:category:213,False,False
sr:competition:13565,"ATP Marrakech, Morocco Men Doubles",sr:competition:13561,doubles,men,sr:category:3,False,False
sr:competition:13571,"ITF Mozambique F1, Men Doubles",sr:competition:13567,doubles,men,sr:category:785,False,False
sr:competition:13577,"ITF USA F12, Men Doubles",sr:competition:17692,doubles,men,sr:category:785,False,False
sr:competition:13583,"ITF Brazil F9, Men Doubles",sr:competition:13579,doubles,men,sr:category:785,False,False
sr:competition:13589,"ITF Women Lins, Brazil Women Doubles",sr:competition:13585,doubles,women,sr:category:213,False,False
sr:competition:13595,"ITF Mexico F22, Men Doubles",sr:competition:13591,doubles,men,sr:category:785,False,False
sr:competition:13601,"ITF Women Bauru, Brazil Women Doubles",sr:competition:13597,doubles,women,sr:category:213,False,False
sr:competition:13607,"ITF Georgia 02A, Women Doubles",sr:competition:13603,doubles,women,sr:category:213,False,False
sr:competition:13613,"ITF Russia 07A, Women Doubles",sr:competition:13609,doubles,women,sr:category:213,False,False
sr:competition:13619,"ITF Hungary 03A, Women Doubles",sr:competition:13615,doubles,women,sr:category:213,False,False
sr:competition:13623,"ITF Spain 05A, Women Doubles",sr:competition:13621,doubles,women,sr:category:213,False,False
sr:competition:13641,"ATP Challenger Bastad, Sweden Men Doubles",sr:competition:13637,doubles,men,sr:category:72,False,False
sr:competition:13647,"ATP Challenger Lyon, France Men Doubles",sr:competition:13643,doubles,men,sr:category:72,False,False
sr:competition:13653,"ATP Challenger Winnipeg, Canada Men Doubles",sr:competition:13649,doubles,men,sr:category:72,False,False
sr:competition:13659,"ITF Portugal F8, Men Doubles",sr:competition:18794,doubles,men,sr:category:785,False,False
sr:competition:13667,"ITF Bulgaria F1, Men Doubles",sr:competition:17984,doubles,men,sr:category:785,False,False
sr:competition:13673,"ITF Italy F14, Men Doubles",sr:competition:18202,doubles,men,sr:category:785,False,False
sr:competition:13679,"ITF Portugal F9, Men Doubles",sr:competition:18980,doubles,men,sr:category:785,False,False
sr:competition:13699,"ITF Men Ruse, Bulgaria Men Doubles",sr:competition:13695,doubles,men,sr:category:785,False,False
sr:competition:13705,"ITF Spain 07A, Women Doubles",sr:competition:13701,doubles,women,sr:category:213,False,False
sr:competition:13711,"ITF Women Baku, Azerbaijan Women Doubles",sr:competition:13707,doubles,women,sr:category:213,False,False
sr:competition:13739,"ITF Israel F10, Men Doubles",sr:competition:18722,doubles,men,sr:category:785,False,False
sr:competition:13751,"ITF Israel 03A, Women Doubles",sr:competition:13747,doubles,women,sr:category:213,False,False
sr:competition:13767,"ITF Japan F7, Men Doubles",sr:competition:18528,doubles,men,sr:category:785,False,False
sr:competition:13775,"ITF Romania F5, Men Doubles",sr:competition:18982,doubles,men,sr:category:785,False,False
sr:competition:13781,"ITF Spain F16, Men Doubles",sr:competition:18496,doubles,men,sr:category:785,False,False
sr:competition:13787,"ITF Poland F3, Men Doubles",sr:competition:18978,doubles,men,sr:category:785,False,False
sr:competition:13803,"ITF Men Buzau, Romania Men Doubles",sr:competition:13799,doubles,men,sr:category:785,False,False
sr:competition:13809,"ITF Poland F4, Men Doubles",sr:competition:19088,doubles,men,sr:category:785,False,False
sr:competition:13821,"ITF Hungary 05A, Women Doubles",sr:competition:13817,doubles,women,sr:category:213,False,False
sr:competition:13827,"ITF Italy 15A, Women Doubles",sr:competition:13823,doubles,women,sr:category:213,False,False
sr:competition:13833,"ITF Portugal 03A, Women Doubles",sr:competition:13829,doubles,women,sr:category:213,False,False
sr:competition:13839,"ITF Turkiye F25, Men Doubles",sr:competition:19194,doubles,men,sr:category:785,False,False
sr:competition:13845,"ITF Men Skopje, FYR Macedonia Men Doubles",sr:competition:13841,doubles,men,sr:category:785,False,False
sr:competition:13851,"ITF Korea F2, Men Doubles",sr:competition:18530,doubles,men,sr:category:785,False,False
sr:competition:13857,"ITF Germany F4, Men Doubles",sr:competition:18820,doubles,men,sr:category:785,False,False
sr:competition:13863,"ITF Brazil F5, Men Doubles",sr:competition:13859,doubles,men,sr:category:785,False,False
sr:competition:13875,"ITF Germany 06A, Women Doubles",sr:competition:13871,doubles,women,sr:category:213,False,False
sr:competition:13881,"ITF Italy F20, Men Doubles",sr:competition:19080,doubles,men,sr:category:785,False,False
sr:competition:13887,"ITF Germany F5, Men Doubles",sr:competition:18952,doubles,men,sr:category:785,False,False
sr:competition:13899,"ITF Men Piracicaba, Brazil Men Doubles",sr:competition:13895,doubles,men,sr:category:785,False,False
sr:competition:13931,"ITF Portugal 19A, Women Doubles",sr:competition:13927,doubles,women,sr:category:213,False,False
sr:competition:13941,"WTA Gstaad, Switzerland Women Doubles",sr:competition:13937,doubles,women,sr:category:6,False,False
sr:competition:13949,"ITF Italy F21, Men Doubles",sr:competition:19124,doubles,men,sr:category:785,False,False
sr:competition:13961,"ITF China 15A, Women Doubles",sr:competition:13957,doubles,women,sr:category:213,False,False
sr:competition:13993,"ITF Spain 09A, Women Doubles",sr:competition:13989,doubles,women,sr:category:213,False,False
sr:competition:14013,"ITF Men Thu Dau Mot City, Vietnam Men Doubles",sr:competition:14009,doubles,men,sr:category:785,False,False
sr:competition:14019,"ITF Morocco F4, Men Doubles",sr:competition:14015,doubles,men,sr:category:785,False,False
sr:competition:14025,"ITF Women Malatya, Turkey Women Doubles",sr:competition:14021,doubles,women,sr:category:213,False,False
sr:competition:14035,"ITF Italy F24, Men Doubles",sr:competition:14031,doubles,men,sr:category:785,False,False
sr:competition:14057,"ATP Challenger Chengdu, China Men Doubles",sr:competition:14053,doubles,men,sr:category:72,False,False
sr:competition:14063,"ATP Challenger Curitiba, Brazil Men Doubles",sr:competition:14059,doubles,men,sr:category:72,False,False
sr:competition:14069,"ATP Challenger Fano, Italy Men Doubles",sr:competition:14065,doubles,men,sr:category:72,False,False
sr:competition:14075,"ATP Challenger Gatineau, Canada Men Doubles",sr:competition:14071,doubles,men,sr:category:72,False,False
sr:competition:14081,"ATP Challenger Qingdao, China Men Doubles",sr:competition:14077,doubles,men,sr:category:72,False,False
sr:competition:14093,"ITF Morocco F6, Men Doubles",sr:competition:14089,doubles,men,sr:category:785,False,False
sr:competition:14099,"ITF Finland F1, Men Doubles",sr:competition:16686,doubles,men,sr:category:785,False,False
sr:competition:14129,"ATP Challenger Budapest, Hungary Men Doubles",sr:competition:14125,doubles,men,sr:category:72,False,False
sr:competition:14135,"ATP Chengdu, China Men Doubles",sr:competition:14131,doubles,men,sr:category:3,False,False
sr:competition:14157,"ITF Switzerland F3, Men Doubles",sr:competition:17240,doubles,men,sr:category:785,False,False
sr:competition:14173,"ITF Women Slovenska Lupca, Slovakia Women Doubles",sr:competition:14169,doubles,women,sr:category:213,False,False
sr:competition:14209,"ITF Indonesia F2, Men Doubles",sr:competition:15912,doubles,men,sr:category:785,False,False
sr:competition:14247,"ITF Men St. Petersburg, Russia Men Doubles",sr:competition:14243,doubles,men,sr:category:785,False,False
sr:competition:14253,"ITF Spain F28, Men Doubles",sr:competition:18626,doubles,men,sr:category:785,False,False
sr:competition:14259,"ITF Netherlands F7, Men Doubles",sr:competition:18218,doubles,men,sr:category:785,False,False
sr:competition:14277,"ITF Women Schoonhoven, Netherlands Women Doubles",sr:competition:14273,doubles,women,sr:category:213,False,False
sr:competition:14285,"WTA 125K Honolulu, USA Women Doubles",sr:competition:14281,doubles,women,sr:category:871,False,False
sr:competition:14291,"ITF Italy F28, Men Doubles",sr:competition:18624,doubles,men,sr:category:785,False,False
sr:competition:14299,"ITF Hungary F5, Men Doubles",sr:competition:18792,doubles,men,sr:category:785,False,False
sr:competition:14347,"ITF Hungary F6, Men Doubles",sr:competition:17492,doubles,men,sr:category:785,False,False
sr:competition:14353,"ITF Men Niagara, Canada Men Doubles",sr:competition:14349,doubles,men,sr:category:785,False,False
sr:competition:14371,"ITF USA F30, Men Doubles",sr:competition:19386,doubles,men,sr:category:785,False,False
sr:competition:14377,"ITF Men Kiev, Ukraine Men Doubles",sr:competition:14373,doubles,men,sr:category:785,False,False
sr:competition:14383,"ITF Hungary F8, Men Doubles",sr:competition:18646,doubles,men,sr:category:785,False,False
sr:competition:14389,"ITF Women Stillwater, USA Women Doubles",sr:competition:14385,doubles,women,sr:category:213,False,False
sr:competition:14401,"ITF Israel 06A, Women Doubles",sr:competition:14397,doubles,women,sr:category:213,False,False
sr:competition:14407,"ITF Women Chisinau, Moldova Women Doubles",sr:competition:14403,doubles,women,sr:category:213,False,False
sr:competition:14423,"ATP Challenger Stockton, USA Men Doubles",sr:competition:14419,doubles,men,sr:category:72,False,False
sr:competition:14431,"ITF Portugal 07A, Women Doubles",sr:competition:16894,doubles,women,sr:category:213,False,False
sr:competition:14435,"ITF Portugal 11A, Women Doubles",sr:competition:16718,doubles,women,sr:category:213,False,False
sr:competition:14466,"ITF Men Neiva, Colombia Men Doubles",sr:competition:14462,doubles,men,sr:category:785,False,False
sr:competition:14488,"ITF Men Vallduxo, Spain Men Doubles",sr:competition:14484,doubles,men,sr:category:785,False,False
sr:competition:14494,"ITF Men Salinas, Ecuador Men Doubles",sr:competition:14490,doubles,men,sr:category:785,False,False
sr:competition:14500,"ITF USA F34, Men Doubles",sr:competition:14496,doubles,men,sr:category:785,False,False
sr:competition:14506,"ITF China 23A, Women Doubles",sr:competition:14502,doubles,women,sr:category:213,False,False
sr:competition:14512,"ITF China 24A, Women Doubles",sr:competition:14508,doubles,women,sr:category:213,False,False
sr:competition:14518,"ITF Great Britain 10A, Women Doubles",sr:competition:14514,doubles,women,sr:category:213,False,False
sr:competition:14538,"ITF Men Latina, Italy Men Doubles",sr:competition:14534,doubles,men,sr:category:785,False,False
sr:competition:14544,"ITF Men Almeria, Spain Men Doubles",sr:competition:14540,doubles,men,sr:category:785,False,False
sr:competition:14550,"ITF Great Britain F6, Men Doubles",sr:competition:14546,doubles,men,sr:category:785,False,False
sr:competition:14568,"ITF Men Blacktown, Australia Men Doubles",sr:competition:14564,doubles,men,sr:category:785,False,False
sr:competition:14574,"ITF Men San Salvador, El Salvador Men Doubles",sr:competition:14570,doubles,men,sr:category:785,False,False
sr:competition:14586,"ITF Czech Republic F10, Men Doubles",sr:competition:14582,doubles,men,sr:category:785,False,False
sr:competition:14600,"ITF Women Nashville, USA Women Doubles",sr:competition:14596,doubles,women,sr:category:213,False,False
sr:competition:14610,"ITF Italy 35A, Women Doubles",sr:competition:14606,doubles,women,sr:category:213,False,False
sr:competition:14616,"ITF Men Talca, Chile Men Doubles",sr:competition:14933,doubles,men,sr:category:785,False,False
sr:competition:14650,"ITF Czech Republic F12, Men Doubles",sr:competition:14646,doubles,men,sr:category:785,False,False
sr:competition:14656,"ITF Men Paysandu, Uruguay Men Doubles",sr:competition:14652,doubles,men,sr:category:785,False,False
sr:competition:14662,"ITF India 05A, Women Doubles",sr:competition:14658,doubles,women,sr:category:213,False,False
sr:competition:14668,"Australian Open Asia-Pacific Wildcard Playoff Men Doubles",sr:competition:14664,doubles,men,sr:category:3,False,False
sr:competition:14676,"ATP Challenger Koblenz, Germany Men Doubles",sr:competition:14672,doubles,men,sr:category:72,False,False
sr:competition:14682,"WTA Taipei, Chinese Taipei Women Doubles",sr:competition:14678,doubles,women,sr:category:6,False,False
sr:competition:14690,"AO Asia-Pacific Wildcard Playoff Women Doubles",sr:competition:14664,doubles,women,sr:category:6,False,False
sr:competition:14708,"ITF Men Salto, Uruguay Men Doubles",sr:competition:14704,doubles,men,sr:category:785,False,False
sr:competition:14710,"AO Australian Wildcard Playoff Women Doubles",sr:competition:14698,doubles,women,sr:category:6,False,False
sr:competition:14724,"ITF Men Mayaguez, Puerto Rico Men Doubles",sr:competition:14720,doubles,men,sr:category:785,False,False
sr:competition:14740,"ATP Antalya, Turkey Men Doubles",sr:competition:14736,doubles,men,sr:category:3,False,False
sr:competition:14746,"ATP Budapest, Hungary Men Doubles",sr:competition:14742,doubles,men,sr:category:3,False,False
sr:competition:14778,"WTA Biel, Switzerland Women Doubles",sr:competition:14774,doubles,women,sr:category:6,False,False
sr:competition:14784,"ATP Challenger San Francisco, USA Men Doubles",sr:competition:14780,doubles,men,sr:category:72,False,False
sr:competition:14790,"ATP Challenger Tempe, USA Men Doubles",sr:competition:14786,doubles,men,sr:category:72,False,False
sr:competition:14796,"ATP Challenger Quanzhou, China Men Doubles",sr:competition:14792,doubles,men,sr:category:72,False,False
sr:competition:14816,"Juniors AO, Melbourne, Australia Men Doubles",sr:competition:14812,doubles,men,sr:category:1474,False,False
sr:competition:14820,"Juniors AO, Melbourne, Australia Women Doubles",sr:competition:14812,doubles,women,sr:category:1474,False,False
sr:competition:14826,"Wheelchairs AO, Melbourne, Australia Men Doubles",sr:competition:14822,doubles,men,sr:category:1476,False,False
sr:competition:14830,"Wheelchairs AO, Melbourne, Australia Women Doubles",sr:competition:14822,doubles,women,sr:category:1476,False,False
sr:competition:14834,"Legends AO, Melbourne, Australia Men Doubles",sr:competition:14832,doubles,men,sr:category:1475,False,False
sr:competition:14854,"Legends AO, Melbourne, Australia Women Doubles",sr:competition:14832,doubles,women,sr:category:1475,False,False
sr:competition:14890,"ITF Spain 02A, Women Doubles",sr:competition:14886,doubles,women,sr:category:213,False,False
sr:competition:14909,"ITF Switzerland F2, Men Doubles",sr:competition:15902,doubles,men,sr:category:785,False,False
sr:competition:14915,"ITF USA F9, Men Doubles",sr:competition:15956,doubles,men,sr:category:785,False,False
sr:competition:14921,"ITF Italy 01B, Women Doubles",sr:competition:14917,doubles,women,sr:category:213,False,False
sr:competition:14939,"ITF India F2, Men Doubles",sr:competition:15926,doubles,men,sr:category:785,False,False
sr:competition:14947,"ITF Spain F6, Men Doubles",sr:competition:15930,doubles,men,sr:category:785,False,False
sr:competition:14969,"ITF India F3, Men Doubles",sr:competition:15948,doubles,men,sr:category:785,False,False
sr:competition:14973,"ITF India 01A, Women Doubles",sr:competition:14971,doubles,women,sr:category:213,False,False
sr:competition:14997,"ITF India F4, Men Doubles",sr:competition:16020,doubles,men,sr:category:785,False,False
sr:competition:15003,"ITF Turkey F21, Men Doubles",sr:competition:18432,doubles,men,sr:category:785,False,False
sr:competition:15017,"ITF Japan 01B, Women Doubles",sr:competition:15013,doubles,women,sr:category:213,False,False
sr:competition:15025,"ITF Australia F2, Men Doubles",sr:competition:16032,doubles,men,sr:category:785,False,False
sr:competition:15035,"ITF Portugal F3, Men Doubles",sr:competition:16052,doubles,men,sr:category:785,False,False
sr:competition:15043,"ATP Challenger Sophia Antipolis, France Men Doubles",sr:competition:15039,doubles,men,sr:category:72,False,False
sr:competition:15049,"ATP Challenger Francavilla, Italy Men Doubles",sr:competition:15045,doubles,men,sr:category:72,False,False
sr:competition:15055,"ATP Challenger Lisbon, Portugal Men Doubles",sr:competition:15051,doubles,men,sr:category:72,False,False
sr:competition:15061,"ATP Challenger Shymkent, Kazakhstan Men Doubles",sr:competition:15057,doubles,men,sr:category:72,False,False
sr:competition:15073,"ITF Spain F7, Men Doubles",sr:competition:16054,doubles,men,sr:category:785,False,False
sr:competition:15079,"ITF USA 08A, Women Doubles",sr:competition:15075,doubles,women,sr:category:213,False,False
sr:competition:15087,"ATP Challenger Prague 2, Czech Republic Men Doubles",sr:competition:15085,doubles,men,sr:category:72,False,False
sr:competition:15111,"ITF India F6, Men Doubles",sr:competition:16076,doubles,men,sr:category:785,False,False
sr:competition:15117,"ITF Portugal 01A, Women Doubles",sr:competition:15113,doubles,women,sr:category:213,False,False
sr:competition:15151,"ITF China F5, Men Doubles",sr:competition:17768,doubles,men,sr:category:785,False,False
sr:competition:15193,"WTA 125K, Zhengzhou, China Women Doubles",sr:competition:15189,doubles,women,sr:category:871,False,False
sr:competition:15217,"ITF Portugal F7, Men Doubles",sr:competition:17876,doubles,men,sr:category:785,False,False
sr:competition:15249,"ITF Mexico F2, Men Doubles",sr:competition:17950,doubles,men,sr:category:785,False,False
sr:competition:15265,"ITF Greece F1, Men Doubles",sr:competition:15261,doubles,men,sr:category:785,False,False
sr:competition:15291,"ITF Hungary F1, Men Doubles",sr:competition:17992,doubles,men,sr:category:785,False,False
sr:competition:15297,"ITF Italy F12, Men Doubles",sr:competition:17970,doubles,men,sr:category:785,False,False
sr:competition:15307,"ITF Hungary 02A, Women Doubles",sr:competition:15303,doubles,women,sr:category:213,False,False
sr:competition:15319,"ITF Mexico F1, Men Doubles",sr:competition:15315,doubles,men,sr:category:785,False,False
sr:competition:15351,"ITF Vietnam F4, Men Doubles",sr:competition:15347,doubles,men,sr:category:785,False,False
sr:competition:15357,"ITF Singapore F3, Men Doubles",sr:competition:18532,doubles,men,sr:category:785,False,False
sr:competition:15363,"ITF Argentina 01A, Women Doubles",sr:competition:15359,doubles,women,sr:category:213,False,False
sr:competition:15369,"ITF China 10A, Women Doubles",sr:competition:15365,doubles,women,sr:category:213,False,False
sr:competition:15375,"ITF Portugal 04A, Women Doubles",sr:competition:15371,doubles,women,sr:category:213,False,False
sr:competition:15389,"ITF Greece F2, Men Doubles",sr:competition:16042,doubles,men,sr:category:785,False,False
sr:competition:15395,"ITF Men San Jose, Costa Rica Men Doubles",ROOT,doubles,men,sr:category:785,True,False
sr:competition:15401,"Juniors French Open, Paris, France Men Doubles",sr:competition:15397,doubles,men,sr:category:1474,False,False
sr:competition:15405,"Juniors French Open, Paris, France Women Doubles",sr:competition:15397,doubles,women,sr:category:1474,False,False
sr:competition:15411,"Wheelchairs French Open, Paris, France Men Doubles",sr:competition:15407,doubles,men,sr:category:1476,False,False
sr:competition:15415,"Wheelchairs French Open, Paris, France Women Doubles",sr:competition:15407,doubles,women,sr:category:1476,False,False
sr:competition:15419,"Legends French Open, Paris, France Men Doubles",sr:competition:15417,doubles,men,sr:category:1475,False,False
sr:competition:15421,"Legends French Open, Paris, France Women Doubles",sr:competition:15417,doubles,women,sr:category:1475,False,False
sr:competition:15437,"ITF Portugal 05A, Women Doubles",sr:competition:15433,doubles,women,sr:category:213,False,False
sr:competition:15454,"ITF Portugal 06A, Women Doubles",sr:competition:15450,doubles,women,sr:category:213,False,False
sr:competition:15460,"ITF Czechia 01A, Women Doubles",sr:competition:15456,doubles,women,sr:category:213,False,False
sr:competition:15478,"ITF Mexico F21, Men Doubles",sr:competition:25099,doubles,men,sr:category:785,False,False
sr:competition:15484,"ITF Romania 01A, Women Doubles",sr:competition:15480,doubles,women,sr:category:213,False,False
sr:competition:15516,"ITF Poland F2, Men Doubles",sr:competition:18858,doubles,men,sr:category:785,False,False
sr:competition:15522,"ITF Hungary 04A, Women Doubles",sr:competition:15518,doubles,women,sr:category:213,False,False
sr:competition:15580,"ITF China F10, Men Doubles",sr:competition:18920,doubles,men,sr:category:785,False,False
sr:competition:15586,"ITF Poland F5, Men Doubles",sr:competition:19190,doubles,men,sr:category:785,False,False
sr:competition:15590,"ITF USA 20A, Women Doubles",sr:competition:15588,doubles,women,sr:category:213,False,False
sr:competition:15598,"ITF Belgium 03A, Women Doubles",sr:competition:15594,doubles,women,sr:category:213,False,False
sr:competition:15604,"ITF Sweden 03A, Women Doubles",sr:competition:15600,doubles,women,sr:category:213,False,False
sr:competition:15610,"ITF Great Britain 11A, Women Doubles",sr:competition:15606,doubles,women,sr:category:213,False,False
sr:competition:15630,"ATP Challenger Jinan, China Men Doubles",sr:competition:15626,doubles,men,sr:category:72,False,False
sr:competition:15664,"Legends Wimbledon, London, GB Men Doubles",sr:competition:15662,doubles,men,sr:category:1475,False,False
sr:competition:15666,"Legends Wimbledon, London, GB Women Doubles",sr:competition:15662,doubles,women,sr:category:1475,False,False
sr:competition:15672,"Wheelchairs Wimbledon, London, GB Men Doubles",sr:competition:15668,doubles,men,sr:category:1476,False,False
sr:competition:15676,"Wheelchairs Wimbledon, London, GB Women Doubles",sr:competition:15668,doubles,women,sr:category:1476,False,False
sr:competition:15680,"Juniors Wimbledon, London, GB Men Doubles",sr:competition:15658,doubles,men,sr:category:1474,False,False
sr:competition:15682,"Juniors Wimbledon, London, GB Women Doubles",sr:competition:15658,doubles,women,sr:category:1474,False,False
sr:competition:15688,"ITF Portugal F10, Men Doubles",sr:competition:19092,doubles,men,sr:category:785,False,False
sr:competition:15744,"ITF USA F1, Men Doubles",sr:competition:15702,doubles,men,sr:category:785,False,False
sr:competition:15748,"ITF Hong Kong F6, Men Doubles",sr:competition:15704,doubles,men,sr:category:785,False,False
sr:competition:15752,"ITF USA F2, Men Doubles",sr:competition:15706,doubles,men,sr:category:785,False,False
sr:competition:15756,"ITF France F1, Men Doubles",sr:competition:15708,doubles,men,sr:category:785,False,False
sr:competition:15760,"ITF Germany F1, Men Doubles",sr:competition:15710,doubles,men,sr:category:785,False,False
sr:competition:15764,"ITF Tunisia F1, Men Doubles",sr:competition:15712,doubles,men,sr:category:785,False,False
sr:competition:15768,"ITF Turkey F1, Men Doubles",sr:competition:15714,doubles,men,sr:category:785,False,False
sr:competition:15772,"ITF USA F3, Men Doubles",sr:competition:15716,doubles,men,sr:category:785,False,False
sr:competition:15776,"ITF Egypt F1, Men Doubles",sr:competition:15718,doubles,men,sr:category:785,False,False
sr:competition:15780,"ITF France F2, Men Doubles",sr:competition:15720,doubles,men,sr:category:785,False,False
sr:competition:15784,"ITF Germany F2, Men Doubles",sr:competition:15722,doubles,men,sr:category:785,False,False
sr:competition:15788,"ITF Spain F1, Men Doubles",sr:competition:15724,doubles,men,sr:category:785,False,False
sr:competition:15792,"ITF Tunisia F2, Men Doubles",sr:competition:15726,doubles,men,sr:category:785,False,False
sr:competition:15796,"ITF Turkey F2, Men Doubles",sr:competition:15728,doubles,men,sr:category:785,False,False
sr:competition:15800,"ITF USA F4, Men Doubles",sr:competition:15730,doubles,men,sr:category:785,False,False
sr:competition:15804,"ITF Germany F3, Men Doubles",sr:competition:15732,doubles,men,sr:category:785,False,False
sr:competition:15808,"ITF Kazakhstan F1, Men Doubles",sr:competition:15734,doubles,men,sr:category:785,False,False
sr:competition:15812,"ITF Egypt F2, Men Doubles",sr:competition:15736,doubles,men,sr:category:785,False,False
sr:competition:15816,"ITF France F3, Men Doubles",sr:competition:15738,doubles,men,sr:category:785,False,False
sr:competition:15820,"ITF Spain F2, Men Doubles",sr:competition:15740,doubles,men,sr:category:785,False,False
sr:competition:15844,"ITF Tunisia F3, Men Doubles",sr:competition:15838,doubles,men,sr:category:785,False,False
sr:competition:15848,"ITF Turkey F3, Men Doubles",sr:competition:15840,doubles,men,sr:category:785,False,False
sr:competition:15854,"ITF Belgium F4, Men Doubles",sr:competition:19152,doubles,men,sr:category:785,False,False
sr:competition:15860,"ITF Portugal F11, Men Doubles",sr:competition:19192,doubles,men,sr:category:785,False,False
sr:competition:15866,"ITF USA F5, Men Doubles",sr:competition:15960,doubles,men,sr:category:785,False,False
sr:competition:15874,"ITF Kazakhstan F2, Men Doubles",sr:competition:15980,doubles,men,sr:category:785,False,False
sr:competition:15878,"ITF Egypt F3, Men Doubles",sr:competition:15964,doubles,men,sr:category:785,False,False
sr:competition:15950,"ITF Portugal F1, Men Doubles",sr:competition:16124,doubles,men,sr:category:785,False,False
sr:competition:16002,"ITF Spain F4, Men Doubles",sr:competition:15894,doubles,men,sr:category:785,False,False
sr:competition:16146,"ITF Great Britain F1, Men Doubles",sr:competition:15984,doubles,men,sr:category:785,False,False
sr:competition:16152,"ITF China F13, Men Doubles",sr:competition:16148,doubles,men,sr:category:785,False,False
sr:competition:16158,"ITF Czech Republic F6, Men Doubles",sr:competition:16154,doubles,men,sr:category:785,False,False
sr:competition:16164,"ITF Germany F8, Men Doubles",sr:competition:16160,doubles,men,sr:category:785,False,False
sr:competition:16170,"ITF Ireland F1, Men Doubles",sr:competition:16166,doubles,men,sr:category:785,False,False
sr:competition:16176,"ITF Spain F22, Men Doubles",sr:competition:16172,doubles,men,sr:category:785,False,False
sr:competition:16182,"ITF Turkey F26, Men Doubles",sr:competition:16178,doubles,men,sr:category:785,False,False
sr:competition:16188,"ITF USA F24, Men Doubles",sr:competition:16184,doubles,men,sr:category:785,False,False
sr:competition:16194,"ITF Austria F3, Men Doubles",sr:competition:16190,doubles,men,sr:category:785,False,False
sr:competition:16200,"ITF Belgium F5, Men Doubles",sr:competition:16196,doubles,men,sr:category:785,False,False
sr:competition:16206,"ITF Colombia F1, Men Doubles",sr:competition:16202,doubles,men,sr:category:785,False,False
sr:competition:16212,"ITF Egypt F21, Men Doubles",sr:competition:16208,doubles,men,sr:category:785,False,False
sr:competition:16218,"ITF France F16, Men Doubles",sr:competition:16214,doubles,men,sr:category:785,False,False
sr:competition:16224,"ITF Georgia F3, Men Doubles",sr:competition:16220,doubles,men,sr:category:785,False,False
sr:competition:16230,"ITF Italy F22, Men Doubles",sr:competition:16226,doubles,men,sr:category:785,False,False
sr:competition:16236,"ITF Lithuania F1, Men Doubles",sr:competition:16232,doubles,men,sr:category:785,False,False
sr:competition:16242,"ITF Morocco F1, Men Doubles",sr:competition:16238,doubles,men,sr:category:785,False,False
sr:competition:16248,"ITF Poland F6, Men Doubles",sr:competition:16244,doubles,men,sr:category:785,False,False
sr:competition:16254,"ITF Portugal F12, Men Doubles",sr:competition:16250,doubles,men,sr:category:785,False,False
sr:competition:16258,"ITF Spain F3, Men Doubles",sr:competition:15986,doubles,men,sr:category:785,False,False
sr:competition:16262,"ITF Tunisia F4, Men Doubles",sr:competition:15970,doubles,men,sr:category:785,False,False
sr:competition:16268,"ITF Kazakhstan 05A, Women Doubles",sr:competition:16264,doubles,women,sr:category:213,False,False
sr:competition:16274,"ITF Czech Republic 03A, Women Doubles",sr:competition:16270,doubles,women,sr:category:213,False,False
sr:competition:16280,"ITF Turkey 28A, Women Doubles",sr:competition:16276,doubles,women,sr:category:213,False,False
sr:competition:16286,"ITF USA 22A, Women Doubles",sr:competition:16282,doubles,women,sr:category:213,False,False
sr:competition:16292,"ITF Canada 05A, Women Doubles",sr:competition:16288,doubles,women,sr:category:213,False,False
sr:competition:16298,"ITF China 14A, Women Doubles",sr:competition:16294,doubles,women,sr:category:213,False,False
sr:competition:16304,"ITF Germany 10A, Women Doubles",sr:competition:16300,doubles,women,sr:category:213,False,False
sr:competition:16310,"ITF Italy 19A, Women Doubles",sr:competition:16306,doubles,women,sr:category:213,False,False
sr:competition:16316,"ITF Belgium 01A, Women Doubles",sr:competition:16312,doubles,women,sr:category:213,False,False
sr:competition:16322,"ITF Egypt 21A, Women Doubles",sr:competition:16318,doubles,women,sr:category:213,False,False
sr:competition:16328,"ITF Romania 05A, Women Doubles",sr:competition:16324,doubles,women,sr:category:213,False,False
sr:competition:16334,"ITF Spain 11A, Women Doubles",sr:competition:16330,doubles,women,sr:category:213,False,False
sr:competition:16340,"ITF Thailand 05A, Women Doubles",sr:competition:16336,doubles,women,sr:category:213,False,False
sr:competition:16456,"ITF China F14, Men Doubles",sr:competition:16416,doubles,men,sr:category:785,False,False
sr:competition:16460,"ITF France F17, Men Doubles",sr:competition:16418,doubles,men,sr:category:785,False,False
sr:competition:16464,"ITF Ireland F2, Men Doubles",sr:competition:16420,doubles,men,sr:category:785,False,False
sr:competition:16468,"ITF Italy F23, Men Doubles",sr:competition:16422,doubles,men,sr:category:785,False,False
sr:competition:16472,"ITF Spain F23, Men Doubles",sr:competition:16424,doubles,men,sr:category:785,False,False
sr:competition:16476,"ITF USA F25, Men Doubles",sr:competition:16426,doubles,men,sr:category:785,False,False
sr:competition:16480,"ITF Austria F4, Men Doubles",sr:competition:16428,doubles,men,sr:category:785,False,False
sr:competition:16484,"ITF Belgium F6, Men Doubles",sr:competition:16430,doubles,men,sr:category:785,False,False
sr:competition:16488,"ITF Colombia F2, Men Doubles",sr:competition:16432,doubles,men,sr:category:785,False,False
sr:competition:16492,"ITF Egypt F22, Men Doubles",sr:competition:16434,doubles,men,sr:category:785,False,False
sr:competition:16496,"ITF Estonia F1, Men Doubles",sr:competition:16436,doubles,men,sr:category:785,False,False
sr:competition:16500,"ITF Macedonia F1, Men Doubles",sr:competition:16438,doubles,men,sr:category:785,False,False
sr:competition:16504,"ITF Morocco F2, Men Doubles",sr:competition:16440,doubles,men,sr:category:785,False,False
sr:competition:16508,"ITF Poland F7, Men Doubles",sr:competition:16442,doubles,men,sr:category:785,False,False
sr:competition:16512,"ITF Portugal F13, Men Doubles",sr:competition:16444,doubles,men,sr:category:785,False,False
sr:competition:16516,"ITF Romania F7, Men Doubles",sr:competition:16446,doubles,men,sr:category:785,False,False
sr:competition:16520,"ITF Russia F4, Men Doubles",sr:competition:16448,doubles,men,sr:category:785,False,False
sr:competition:16524,"ITF Slovakia F1, Men Doubles",sr:competition:16450,doubles,men,sr:category:785,False,False
sr:competition:16528,"ITF Turkiye F27, Men Doubles",sr:competition:16452,doubles,men,sr:category:785,False,False
sr:competition:16568,"ITF Czechia 04A, Women Doubles",sr:competition:16536,doubles,women,sr:category:213,False,False
sr:competition:16572,"ITF Canada 06A, Women Doubles",sr:competition:16538,doubles,women,sr:category:213,False,False
sr:competition:16576,"ITF USA 26A, Women Doubles",sr:competition:16540,doubles,women,sr:category:213,False,False
sr:competition:16580,"ITF Germany 11A, Women Doubles",sr:competition:16542,doubles,women,sr:category:213,False,False
sr:competition:16584,"ITF Thailand 06A, Women Doubles",sr:competition:16544,doubles,women,sr:category:213,False,False
sr:competition:16588,"ITF Brazil 07A, Women Doubles",sr:competition:16546,doubles,women,sr:category:213,False,False
sr:competition:16592,"ITF Egypt 22A, Women Doubles",sr:competition:16548,doubles,women,sr:category:213,False,False
sr:competition:16596,"ITF Estonia 01A, Women Doubles",sr:competition:16550,doubles,women,sr:category:213,False,False
sr:competition:16600,"ITF Finland 01A, Women Doubles",sr:competition:16552,doubles,women,sr:category:213,False,False
sr:competition:16604,"ITF France 20A, Women Doubles",sr:competition:16554,doubles,women,sr:category:213,False,False
sr:competition:16612,"ITF Ireland 01A, Women Doubles",sr:competition:16558,doubles,women,sr:category:213,False,False
sr:competition:16616,"ITF Italy 20A, Women Doubles",sr:competition:16560,doubles,women,sr:category:213,False,False
sr:competition:16620,"ITF Romania 06A, Women Doubles",sr:competition:16562,doubles,women,sr:category:213,False,False
sr:competition:16624,"ITF USA 27A, Women Doubles",sr:competition:16564,doubles,women,sr:category:213,False,False
sr:competition:16640,"ITF Turkey F4, Men Doubles",sr:competition:15972,doubles,men,sr:category:785,False,False
sr:competition:16644,"ITF Egypt F4, Men Doubles",sr:competition:15888,doubles,men,sr:category:785,False,False
sr:competition:16646,"ITF Great Britain F2, Men Doubles",sr:competition:15890,doubles,men,sr:category:785,False,False
sr:competition:16648,"ITF Indonesia F1, Men Doubles",sr:competition:15892,doubles,men,sr:category:785,False,False
sr:competition:16658,"ITF Latvia F1, Men Doubles",sr:competition:16692,doubles,men,sr:category:785,False,False
sr:competition:16664,"ITF Ukraine 01A, Women Doubles",sr:competition:16726,doubles,women,sr:category:213,False,False
sr:competition:16744,"ITF Portugal F14, Men Doubles",sr:competition:16670,doubles,men,sr:category:785,False,False
sr:competition:16746,"ITF Romania F8, Men Doubles",sr:competition:16672,doubles,men,sr:category:785,False,False
sr:competition:16752,"ITF Turkiye F28, Men Doubles",sr:competition:16674,doubles,men,sr:category:785,False,False
sr:competition:16754,"ITF USA F26, Men Doubles",sr:competition:16676,doubles,men,sr:category:785,False,False
sr:competition:16760,"ITF Austria F5, Men Doubles",sr:competition:16678,doubles,men,sr:category:785,False,False
sr:competition:16762,"ITF Belgium F7, Men Doubles",sr:competition:16680,doubles,men,sr:category:785,False,False
sr:competition:16768,"ITF Colombia F3, Men Doubles",sr:competition:16682,doubles,men,sr:category:785,False,False
sr:competition:16772,"ITF Egypt F23, Men Doubles",sr:competition:16684,doubles,men,sr:category:785,False,False
sr:competition:16774,"ITF Macedonia F2, Men Doubles",sr:competition:16688,doubles,men,sr:category:785,False,False
sr:competition:16780,"ITF Germany F9, Men Doubles",sr:competition:16690,doubles,men,sr:category:785,False,False
sr:competition:16784,"ITF Morocco F3, Men Doubles",sr:competition:16694,doubles,men,sr:category:785,False,False
sr:competition:16788,"ITF Poland F8, Men Doubles",sr:competition:16696,doubles,men,sr:category:785,False,False
sr:competition:16792,"ITF Russia F5, Men Doubles",sr:competition:16698,doubles,men,sr:category:785,False,False
sr:competition:16794,"ITF Slovakia F2, Men Doubles",sr:competition:16700,doubles,men,sr:category:785,False,False
sr:competition:16800,"ITF Thailand F4, Men Doubles",sr:competition:16702,doubles,men,sr:category:785,False,False
sr:competition:16804,"ITF USA 23A, Women Doubles",sr:competition:16704,doubles,women,sr:category:213,False,False
sr:competition:16808,"ITF Germany 12A, Women Doubles",sr:competition:16706,doubles,women,sr:category:213,False,False
sr:competition:16812,"ITF Great Britain 12A, Women Doubles",sr:competition:16708,doubles,women,sr:category:213,False,False
sr:competition:16816,"ITF Spain 14A, Women Doubles",sr:competition:16710,doubles,women,sr:category:213,False,False
sr:competition:16820,"ITF USA 24A, Women Doubles",sr:competition:16712,doubles,women,sr:category:213,False,False
sr:competition:16824,"ITF Egypt 23A, Women Doubles",sr:competition:16714,doubles,women,sr:category:213,False,False
sr:competition:16826,"ITF Finland 02A, Women Doubles",sr:competition:16716,doubles,women,sr:category:213,False,False
sr:competition:16832,"ITF Romania 07A, Women Doubles",sr:competition:16720,doubles,women,sr:category:213,False,False
sr:competition:16836,"ITF Thailand 10A, Women Doubles",sr:competition:16722,doubles,women,sr:category:213,False,False
sr:competition:16838,"ITF Turkiye 27A, Women Doubles",sr:competition:16724,doubles,women,sr:category:213,False,False
sr:competition:16854,"ITF Tunisia F5, Men Doubles",sr:competition:15898,doubles,men,sr:category:785,False,False
sr:competition:16856,"ITF Turkey F5, Men Doubles",sr:competition:15900,doubles,men,sr:category:785,False,False
sr:competition:16860,"ITF China F1, Men Doubles",sr:competition:15904,doubles,men,sr:category:785,False,False
sr:competition:16864,"ITF Egypt F5, Men Doubles",sr:competition:15906,doubles,men,sr:category:785,False,False
sr:competition:16868,"ITF Great Britain F3, Men Doubles",sr:competition:15908,doubles,men,sr:category:785,False,False
sr:competition:16872,"ITF India F1, Men Doubles",sr:competition:15910,doubles,men,sr:category:785,False,False
sr:competition:16876,"ITF Spain F5, Men Doubles",sr:competition:15914,doubles,men,sr:category:785,False,False
sr:competition:16880,"ITF Tunisia F6, Men Doubles",sr:competition:15916,doubles,men,sr:category:785,False,False
sr:competition:16886,"ITF Portugal 09A, Women Doubles",sr:competition:16884,doubles,women,sr:category:213,False,False
sr:competition:16902,"ITF Poland 03A, Women Doubles",sr:competition:17038,doubles,women,sr:category:213,False,False
sr:competition:16924,"ITF Italy F25, Men Doubles",sr:competition:16920,doubles,men,sr:category:785,False,False
sr:competition:16930,"ITF USA F27, Men Doubles",sr:competition:16926,doubles,men,sr:category:785,False,False
sr:competition:16936,"ITF Germany 07A, Women Doubles",sr:competition:16932,doubles,women,sr:category:213,False,False
sr:competition:16942,"ITF Austria F6, Men Doubles",sr:competition:16938,doubles,men,sr:category:785,False,False
sr:competition:16948,"ITF Belarus F1, Men Doubles",sr:competition:16944,doubles,men,sr:category:785,False,False
sr:competition:16954,"ITF Belgium F8, Men Doubles",sr:competition:16950,doubles,men,sr:category:785,False,False
sr:competition:16960,"ITF Finland F2, Men Doubles",sr:competition:16956,doubles,men,sr:category:785,False,False
sr:competition:16966,"ITF Germany F10, Men Doubles",sr:competition:16962,doubles,men,sr:category:785,False,False
sr:competition:16972,"ITF Portugal F15, Men Doubles",sr:competition:16968,doubles,men,sr:category:785,False,False
sr:competition:16978,"ITF Romania F9, Men Doubles",sr:competition:16976,doubles,men,sr:category:785,False,True
sr:competition:16984,"ITF Russia F6, Men Doubles",sr:competition:16980,doubles,men,sr:category:785,False,False
sr:competition:16990,"ITF Serbia F1, Men Doubles",sr:competition:16986,doubles,men,sr:category:785,False,False
sr:competition:16996,"ITF Slovakia F3, Men Doubles",sr:competition:16992,doubles,men,sr:category:785,False,False
sr:competition:17002,"ITF Thailand F5, Men Doubles",sr:competition:16998,doubles,men,sr:category:785,False,False
sr:competition:17008,"ITF Turkiye F29, Men Doubles",sr:competition:17004,doubles,men,sr:category:785,False,False
sr:competition:17014,"ITF Belgium 04A, Women Doubles",sr:competition:17010,doubles,women,sr:category:213,False,False
sr:competition:17020,"ITF Great Britain 13A, Women Doubles",sr:competition:17016,doubles,women,sr:category:213,False,False
sr:competition:17026,"ITF USA 25A, Women Doubles",sr:competition:17022,doubles,women,sr:category:213,False,False
sr:competition:17034,"ITF Austria 01A, Women Doubles",sr:competition:17030,doubles,women,sr:category:213,False,False
sr:competition:17046,"ITF Romania 08A, Women Doubles",sr:competition:17040,doubles,women,sr:category:213,False,False
sr:competition:17050,"ITF Russia 05A, Women Doubles",sr:competition:17042,doubles,women,sr:category:213,False,False
sr:competition:17056,"ITF Spain 12A, Women Doubles",sr:competition:17052,doubles,women,sr:category:213,False,False
sr:competition:17060,"ITF Thailand 11A, Women Doubles",sr:competition:17058,doubles,women,sr:category:213,False,False
sr:competition:17068,"ITF Turkey 28B, Women Doubles",sr:competition:17064,doubles,women,sr:category:213,False,False
sr:competition:17076,"ITF Turkey F6, Men Doubles",sr:competition:15918,doubles,men,sr:category:785,False,False
sr:competition:17080,"ITF USA F7, Men Doubles",sr:competition:15920,doubles,men,sr:category:785,False,False
sr:competition:17084,"ITF China F2, Men Doubles",sr:competition:15922,doubles,men,sr:category:785,False,False
sr:competition:17088,"ITF Tunisia F7, Men Doubles",sr:competition:15932,doubles,men,sr:category:785,False,False
sr:competition:17092,"ITF Egypt F6, Men Doubles",sr:competition:15924,doubles,men,sr:category:785,False,False
sr:competition:17096,"ITF Turkey F7, Men Doubles",sr:competition:15934,doubles,men,sr:category:785,False,False
sr:competition:17100,"ITF USA F8, Men Doubles",sr:competition:15936,doubles,men,sr:category:785,False,False
sr:competition:17104,"ITF Indonesia F3, Men Doubles",sr:competition:15928,doubles,men,sr:category:785,False,False
sr:competition:17110,"ITF Canada F1, Men Doubles",sr:competition:15938,doubles,men,sr:category:785,False,False
sr:competition:17114,"ITF France F4, Men Doubles",sr:competition:15940,doubles,men,sr:category:785,False,False
sr:competition:17118,"ITF Italy F2, Men Doubles",sr:competition:15942,doubles,men,sr:category:785,False,False
sr:competition:17122,"ITF China F3, Men Doubles",sr:competition:15944,doubles,men,sr:category:785,False,False
sr:competition:17124,"ITF Egypt F7, Men Doubles",sr:competition:15946,doubles,men,sr:category:785,False,False
sr:competition:17128,"ITF Tunisia F8, Men Doubles",sr:competition:15952,doubles,men,sr:category:785,False,False
sr:competition:17130,"ITF Turkey F8, Men Doubles",sr:competition:15954,doubles,men,sr:category:785,False,False
sr:competition:17144,"ITF Portugal F16, Men Doubles",sr:competition:17206,doubles,men,sr:category:785,False,False
sr:competition:17150,"ITF Italy 22A, Women Doubles",sr:competition:17278,doubles,women,sr:category:213,False,False
sr:competition:17156,"ITF Poland 04A, Women Doubles",sr:competition:17286,doubles,women,sr:category:213,False,False
sr:competition:17158,"ITF Spain 07B, Women Doubles",sr:competition:17146,doubles,women,sr:category:213,False,False
sr:competition:17168,"ITF USA F6, Men Doubles",sr:competition:15974,doubles,men,sr:category:785,False,False
sr:competition:17174,"ITF Poland F9, Men Doubles",sr:competition:17170,doubles,men,sr:category:785,False,False
sr:competition:17180,"ITF Belarus F2, Men Doubles",sr:competition:17176,doubles,men,sr:category:785,False,False
sr:competition:17186,"ITF Belgium F9, Men Doubles",sr:competition:17182,doubles,men,sr:category:785,False,False
sr:competition:17192,"ITF Finland F3, Men Doubles",sr:competition:17188,doubles,men,sr:category:785,False,False
sr:competition:17198,"ITF Germany F11, Men Doubles",sr:competition:17194,doubles,men,sr:category:785,False,False
sr:competition:17204,"ITF Netherlands F5, Men Doubles",sr:competition:17200,doubles,men,sr:category:785,False,False
sr:competition:17212,"ITF Romania F10, Men Doubles",sr:competition:17208,doubles,men,sr:category:785,False,False
sr:competition:17218,"ITF Russia F7, Men Doubles",sr:competition:17214,doubles,men,sr:category:785,False,False
sr:competition:17224,"ITF Serbia F2, Men Doubles",sr:competition:17220,doubles,men,sr:category:785,False,False
sr:competition:17230,"ITF Spain F25, Men Doubles",sr:competition:17226,doubles,men,sr:category:785,False,False
sr:competition:17236,"ITF Canada 01A, Women Doubles",sr:competition:17232,doubles,women,sr:category:213,False,False
sr:competition:17244,"ITF Germany 13A, Women Doubles",sr:competition:17238,doubles,women,sr:category:213,False,False
sr:competition:17250,"ITF Switzerland 03A, Women Doubles",sr:competition:17246,doubles,women,sr:category:213,False,False
sr:competition:17256,"ITF Thailand 12A, Women Doubles",sr:competition:17252,doubles,women,sr:category:213,False,False
sr:competition:17262,"ITF Austria 02A, Women Doubles",sr:competition:17258,doubles,women,sr:category:213,False,False
sr:competition:17266,"ITF Thailand F6, Men Doubles",sr:competition:15978,doubles,men,sr:category:785,False,False
sr:competition:17274,"ITF Turkey F30, Men Doubles",sr:competition:17270,doubles,men,sr:category:785,False,False
sr:competition:17284,"ITF Netherlands 04A, Women Doubles",sr:competition:17280,doubles,women,sr:category:213,False,False
sr:competition:17294,"ITF Russia 06A, Women Doubles",sr:competition:17290,doubles,women,sr:category:213,False,False
sr:competition:17300,"ITF Spain 13A, Women Doubles",sr:competition:17296,doubles,women,sr:category:213,False,False
sr:competition:17308,"ITF Australia F1, Men Doubles",sr:competition:16008,doubles,men,sr:category:785,False,False
sr:competition:17312,"ITF Canada F2, Men Doubles",sr:competition:16010,doubles,men,sr:category:785,False,False
sr:competition:17318,"ITF Croatia F1, Men Doubles",sr:competition:16012,doubles,men,sr:category:785,False,False
sr:competition:17322,"ITF Egypt F8, Men Doubles",sr:competition:16014,doubles,men,sr:category:785,False,False
sr:competition:17328,"ITF France F5, Men Doubles",sr:competition:16016,doubles,men,sr:category:785,False,False
sr:competition:17338,"ITF Japan F1, Men Doubles",sr:competition:16024,doubles,men,sr:category:785,False,False
sr:competition:17350,"ITF Belgium F10, Men Doubles",sr:competition:17484,doubles,men,sr:category:785,False,False
sr:competition:17356,"ITF Italy F26, Men Doubles",sr:competition:17494,doubles,men,sr:category:785,False,False
sr:competition:17362,"ITF Portugal F17, Men Doubles",sr:competition:17512,doubles,men,sr:category:785,False,False
sr:competition:17368,"ITF Romania F11, Men Doubles",sr:competition:17514,doubles,men,sr:category:785,False,False
sr:competition:17374,"ITF Switzerland F4, Men Doubles",sr:competition:17516,doubles,men,sr:category:785,False,False
sr:competition:17380,"ITF Turkiye 30A, Women Doubles",sr:competition:17518,doubles,women,sr:category:213,False,False
sr:competition:17384,"ITF Poland 05A, Women Doubles",sr:competition:17556,doubles,women,sr:category:213,False,False
sr:competition:17392,"ITF Turkey F12 Men Doubles",sr:competition:16110,doubles,men,sr:category:785,False,False
sr:competition:17394,"ITF Tunisia F12 Men Doubles",sr:competition:16108,doubles,men,sr:category:785,False,False
sr:competition:17400,"ITF Portugal F4, Men Doubles",sr:competition:16106,doubles,men,sr:category:785,False,False
sr:competition:17404,"ITF Japan F4, Men Doubles",sr:competition:16104,doubles,men,sr:category:785,False,False
sr:competition:17408,"ITF Israel F3, Men Doubles",sr:competition:16102,doubles,men,sr:category:785,False,False
sr:competition:17412,"ITF Indonesia F4, Men Doubles",sr:competition:16100,doubles,men,sr:category:785,False,False
sr:competition:17416,"ITF Greece F4, Men Doubles",sr:competition:16098,doubles,men,sr:category:785,False,False
sr:competition:17420,"ITF Egypt F11, Men Doubles",sr:competition:16096,doubles,men,sr:category:785,False,False
sr:competition:17424,"ITF Bahrain F2, Men Doubles",sr:competition:16092,doubles,men,sr:category:785,False,False
sr:competition:17428,"ITF Spain F9, Men Doubles",sr:competition:16090,doubles,men,sr:category:785,False,False
sr:competition:17432,"ITF Italy F6, Men Doubles",sr:competition:16088,doubles,men,sr:category:785,False,False
sr:competition:17436,"ITF Turkey F11, Men Doubles",sr:competition:16086,doubles,men,sr:category:785,False,False
sr:competition:17440,"ITF Tunisia F11, Men Doubles",sr:competition:16084,doubles,men,sr:category:785,False,False
sr:competition:17444,"ITF Spain F8, Men Doubles",sr:competition:16082,doubles,men,sr:category:785,False,False
sr:competition:17448,"ITF Japan F3, Men Doubles",sr:competition:16080,doubles,men,sr:category:785,False,False
sr:competition:17452,"ITF Israel F2, Men Doubles",sr:competition:16078,doubles,men,sr:category:785,False,False
sr:competition:17458,"ITF Poland F10, Men Doubles",sr:competition:17454,doubles,men,sr:category:785,False,False
sr:competition:17464,"ITF Spain F26, Men Doubles",sr:competition:17460,doubles,men,sr:category:785,False,False
sr:competition:17470,"ITF Turkey F31, Men Doubles",sr:competition:17466,doubles,men,sr:category:785,False,False
sr:competition:17476,"ITF Argentina F4, Men Doubles",sr:competition:17472,doubles,men,sr:category:785,False,False
sr:competition:17482,"ITF Belarus F3, Men Doubles",sr:competition:17478,doubles,men,sr:category:785,False,False
sr:competition:17490,"ITF Germany F12, Men Doubles",sr:competition:17486,doubles,men,sr:category:785,False,False
sr:competition:17502,"ITF Netherlands F6, Men Doubles",sr:competition:17498,doubles,men,sr:category:785,False,False
sr:competition:17510,"ITF Serbia F3, Men Doubles",sr:competition:17506,doubles,men,sr:category:785,False,False
sr:competition:17524,"ITF Germany 14A, Women Doubles",sr:competition:17520,doubles,women,sr:category:213,False,False
sr:competition:17530,"ITF Hungary 06A, Women Doubles",sr:competition:17526,doubles,women,sr:category:213,False,False
sr:competition:17536,"ITF Japan 09A, Women Doubles",sr:competition:17532,doubles,women,sr:category:213,False,False
sr:competition:17542,"ITF Belgium 05A, Women Doubles",sr:competition:17538,doubles,women,sr:category:213,False,False
sr:competition:17548,"ITF Italy 23A, Women Doubles",sr:competition:17544,doubles,women,sr:category:213,False,False
sr:competition:17554,"ITF Netherlands 05A, Women Doubles",sr:competition:17550,doubles,women,sr:category:213,False,False
sr:competition:17562,"ITF Romania 09A, Women Doubles",sr:competition:17558,doubles,women,sr:category:213,False,False
sr:competition:17568,"ITF Serbia 04A, Women Doubles",sr:competition:17564,doubles,women,sr:category:213,False,False
sr:competition:17574,"ITF Switzerland 04A, Women Doubles",sr:competition:17570,doubles,women,sr:category:213,False,False
sr:competition:17578,"ITF Greece F3, Men Doubles",sr:competition:16074,doubles,men,sr:category:785,False,False
sr:competition:17582,"ITF Egypt F10, Men Doubles",sr:competition:16070,doubles,men,sr:category:785,False,False
sr:competition:17586,"ITF Croatia F3, Men Doubles",sr:competition:16068,doubles,men,sr:category:785,False,False
sr:competition:17590,"ITF Bahrain F1, Men Doubles",sr:competition:16066,doubles,men,sr:category:785,False,False
sr:competition:17594,"ITF USA F11, Men Doubles",sr:competition:16064,doubles,men,sr:category:785,False,False
sr:competition:17598,"ITF Italy F5, Men Doubles",sr:competition:16062,doubles,men,sr:category:785,False,False
sr:competition:17602,"ITF Australia F3, Men Doubles",sr:competition:16060,doubles,men,sr:category:785,False,False
sr:competition:17606,"ITF Turkey F10, Men Doubles",sr:competition:16058,doubles,men,sr:category:785,False,False
sr:competition:17610,"ITF Tunisia F10, Men Doubles",sr:competition:16056,doubles,men,sr:category:785,False,False
sr:competition:17614,"ITF Japan F2, Men Doubles",sr:competition:16050,doubles,men,sr:category:785,False,False
sr:competition:17618,"ITF Italy F4, Men Doubles",sr:competition:16048,doubles,men,sr:category:785,False,False
sr:competition:17622,"ITF Israel F1, Men Doubles",sr:competition:16046,doubles,men,sr:category:785,False,False
sr:competition:17626,"ITF India F5, Men Doubles",sr:competition:16044,doubles,men,sr:category:785,False,False
sr:competition:17628,"ITF Portugal F2, Men Doubles",sr:competition:16026,doubles,men,sr:category:785,False,False
sr:competition:17634,"ITF Tunisia F9, Men Doubles",sr:competition:16028,doubles,men,sr:category:785,False,False
sr:competition:17638,"ITF France F6, Men Doubles",sr:competition:16040,doubles,men,sr:category:785,False,False
sr:competition:17642,"ITF Egypt F9, Men Doubles",sr:competition:16038,doubles,men,sr:category:785,False,False
sr:competition:17646,"ITF Turkey F9, Men Doubles",sr:competition:16030,doubles,men,sr:category:785,False,False
sr:competition:17650,"ITF Croatia F2, Men Doubles",sr:competition:16036,doubles,men,sr:category:785,False,False
sr:competition:17654,"ITF USA F10, Men Doubles",sr:competition:16034,doubles,men,sr:category:785,False,False
sr:competition:17660,"ITF China F4, Men Doubles",sr:competition:17656,doubles,men,sr:category:785,False,False
sr:competition:17670,"ITF USA F15, Men Doubles",sr:competition:17662,doubles,men,sr:category:785,False,False
sr:competition:17672,"ITF Italy F7, Men Doubles",sr:competition:17666,doubles,men,sr:category:785,False,False
sr:competition:17678,"ITF Spain F10, Men Doubles",sr:competition:17674,doubles,men,sr:category:785,False,False
sr:competition:17686,"ITF Egypt F12, Men Doubles",sr:competition:17682,doubles,men,sr:category:785,False,False
sr:competition:17690,"ITF Turkey F16, Men Doubles",sr:competition:17680,doubles,men,sr:category:785,False,False
sr:competition:17696,"ITF Tunisia F16, Men Doubles",sr:competition:17694,doubles,men,sr:category:785,False,False
sr:competition:17704,"ITF Greece F5, Men Doubles",sr:competition:17700,doubles,men,sr:category:785,False,False
sr:competition:17712,"ITF Indonesia F5, Men Doubles",sr:competition:17706,doubles,men,sr:category:785,False,False
sr:competition:17716,"ITF Spain F11, Men Doubles",sr:competition:17710,doubles,men,sr:category:785,False,False
sr:competition:17722,"ITF Japan F5, Men Doubles",sr:competition:17718,doubles,men,sr:category:785,False,False
sr:competition:17728,"ITF Portugal F5, Men Doubles",sr:competition:17724,doubles,men,sr:category:785,False,False
sr:competition:17734,"ITF Kazakhstan F5, Men Doubles",sr:competition:17730,doubles,men,sr:category:785,False,False
sr:competition:17740,"ITF Qatar F1, Men Doubles",sr:competition:17736,doubles,men,sr:category:785,False,False
sr:competition:17746,"ITF Israel F4, Men Doubles",sr:competition:17742,doubles,men,sr:category:785,False,False
sr:competition:17752,"ITF Tunisia F13, Men Doubles",sr:competition:17748,doubles,men,sr:category:785,False,False
sr:competition:17758,"ITF Egypt F15, Men Doubles",sr:competition:17754,doubles,men,sr:category:785,False,False
sr:competition:17764,"ITF Turkey F13, Men Doubles",sr:competition:17760,doubles,men,sr:category:785,False,False
sr:competition:17772,"ITF Uzbekistan F2, Men Doubles",sr:competition:17766,doubles,men,sr:category:785,False,False
sr:competition:17778,"ITF USA F13, Men Doubles",sr:competition:17774,doubles,men,sr:category:785,False,False
sr:competition:17784,"ITF Italy F10, Men Doubles",sr:competition:17780,doubles,men,sr:category:785,False,False
sr:competition:17802,"ITF Egypt F13, Men Doubles",sr:competition:17798,doubles,men,sr:category:785,False,False
sr:competition:17808,"ITF Indonesia F6, Men Doubles",sr:competition:17804,doubles,men,sr:category:785,False,False
sr:competition:17814,"ITF Italy F8, Men Doubles",sr:competition:17810,doubles,men,sr:category:785,False,False
sr:competition:17820,"ITF Kazakhstan F3, Men Doubles",sr:competition:17816,doubles,men,sr:category:785,False,False
sr:competition:17826,"ITF Portugal F6, Men Doubles",sr:competition:17822,doubles,men,sr:category:785,False,False
sr:competition:17832,"ITF Qatar F2, Men Doubles",sr:competition:17828,doubles,men,sr:category:785,False,False
sr:competition:17838,"ITF Tunisia F14, Men Doubles",sr:competition:17834,doubles,men,sr:category:785,False,False
sr:competition:17844,"ITF Turkey F14, Men Doubles",sr:competition:17840,doubles,men,sr:category:785,False,False
sr:competition:17850,"ITF Italy F9, Men Doubles",sr:competition:17846,doubles,men,sr:category:785,False,False
sr:competition:17856,"ITF Uzbekistan F1, Men Doubles",sr:competition:17852,doubles,men,sr:category:785,False,False
sr:competition:17862,"ITF Egypt F14, Men Doubles",sr:competition:17858,doubles,men,sr:category:785,False,False
sr:competition:17868,"ITF France F8, Men Doubles",sr:competition:17864,doubles,men,sr:category:785,False,False
sr:competition:17874,"ITF Kazakhstan F4, Men Doubles",sr:competition:17870,doubles,men,sr:category:785,False,False
sr:competition:17882,"ITF Qatar F3, Men Doubles",sr:competition:17878,doubles,men,sr:category:785,False,False
sr:competition:17888,"ITF Tunisia F15, Men Doubles",sr:competition:17884,doubles,men,sr:category:785,False,False
sr:competition:17894,"ITF Turkey F15, Men Doubles",sr:competition:17890,doubles,men,sr:category:785,False,False
sr:competition:17900,"ITF USA F14, Men Doubles",sr:competition:17896,doubles,men,sr:category:785,False,False
sr:competition:17906,"ITF France F9, Men Doubles",sr:competition:17902,doubles,men,sr:category:785,False,False
sr:competition:17912,"ITF Nigeria F1, Men Doubles",sr:competition:17908,doubles,men,sr:category:785,False,False
sr:competition:17918,"ITF Spain F12, Men Doubles",sr:competition:17914,doubles,men,sr:category:785,False,False
sr:competition:17924,"ITF France F10, Men Doubles",sr:competition:17920,doubles,men,sr:category:785,False,False
sr:competition:17930,"ITF Israel F5, Men Doubles",sr:competition:17926,doubles,men,sr:category:785,False,False
sr:competition:17948,"ITF Italy F11, Men Doubles",sr:competition:17944,doubles,men,sr:category:785,False,False
sr:competition:17956,"ITF Tunisia F17, Men Doubles",sr:competition:17952,doubles,men,sr:category:785,False,False
sr:competition:17962,"ITF Turkey F17, Men Doubles",sr:competition:17958,doubles,men,sr:category:785,False,False
sr:competition:17968,"ITF USA F16, Men Doubles",sr:competition:17964,doubles,men,sr:category:785,False,False
sr:competition:17976,"ITF Nigeria F2, Men Doubles",sr:competition:17972,doubles,men,sr:category:785,False,False
sr:competition:17982,"ITF Sweden F1, Men Doubles",sr:competition:17978,doubles,men,sr:category:785,False,False
sr:competition:17990,"ITF China F6, Men Doubles",sr:competition:17986,doubles,men,sr:category:785,False,False
sr:competition:17998,"ITF Israel F6, Men Doubles",sr:competition:17994,doubles,men,sr:category:785,False,False
sr:competition:18004,"ITF Mexico F3, Men Doubles",sr:competition:18000,doubles,men,sr:category:785,False,False
sr:competition:18010,"ITF Spain F13, Men Doubles",sr:competition:18006,doubles,men,sr:category:785,False,False
sr:competition:18016,"ITF Tunisia F18, Men Doubles",sr:competition:18012,doubles,men,sr:category:785,False,False
sr:competition:18022,"ITF Turkey F18, Men Doubles",sr:competition:18018,doubles,men,sr:category:785,False,False
sr:competition:18028,"ITF Ukraine F1, Men Doubles",sr:competition:18024,doubles,men,sr:category:785,False,False
sr:competition:18034,"Juniors US Open, New York, USA Men Doubles",sr:competition:18030,doubles,men,sr:category:1474,False,False
sr:competition:18038,"Juniors US Open, New York, USA Women Doubles",sr:competition:18030,doubles,women,sr:category:1474,False,False
sr:competition:18044,"ITF China F7, Men Doubles",sr:competition:18040,doubles,men,sr:category:785,False,False
sr:competition:18050,"Wheelchairs US Open, New York, USA Men Doubles",sr:competition:18046,doubles,men,sr:category:1476,False,False
sr:competition:18054,"Wheelchairs US Open, New York, USA Women Doubles",sr:competition:18046,doubles,women,sr:category:1476,False,False
sr:competition:18058,"Legends US Open, New York, USA Men Doubles",sr:competition:18056,doubles,men,sr:category:1475,False,False
sr:competition:18060,"Legends US Open, New York, USA Women Doubles",sr:competition:18056,doubles,women,sr:category:1475,False,False
sr:competition:18066,"ITF Nigeria F3, Men Doubles",sr:competition:18062,doubles,men,sr:category:785,False,False
sr:competition:18072,"ITF Sweden F2, Men Doubles",sr:competition:18068,doubles,men,sr:category:785,False,False
sr:competition:18078,"ITF Czech Republic F1, Men Doubles",sr:competition:18074,doubles,men,sr:category:785,False,False
sr:competition:18084,"ITF Hungary F2, Men Doubles",sr:competition:18080,doubles,men,sr:category:785,False,False
sr:competition:18090,"ITF Israel F7, Men Doubles",sr:competition:18086,doubles,men,sr:category:785,False,False
sr:competition:18096,"ITF Italy F13, Men Doubles",sr:competition:18092,doubles,men,sr:category:785,False,False
sr:competition:18102,"ITF Mexico F4, Men Doubles",sr:competition:18098,doubles,men,sr:category:785,False,False
sr:competition:18108,"ITF Romania F1, Men Doubles",sr:competition:18104,doubles,men,sr:category:785,False,False
sr:competition:18114,"ITF Spain F14, Men Doubles",sr:competition:18110,doubles,men,sr:category:785,False,False
sr:competition:18120,"ITF Tunisia F19, Men Doubles",sr:competition:18116,doubles,men,sr:category:785,False,False
sr:competition:18126,"ITF Hungary F7, Men Doubles",sr:competition:18214,doubles,men,sr:category:785,False,False
sr:competition:18132,"ITF Portugal F18, Men Doubles",sr:competition:18222,doubles,men,sr:category:785,False,False
sr:competition:18138,"ITF Turkey F19, Men Doubles",sr:competition:18134,doubles,men,sr:category:785,False,False
sr:competition:18144,"ITF Poland 06A, Women Doubles",sr:competition:18326,doubles,women,sr:category:213,False,False
sr:competition:18150,"ITF Belgium 06A, Women Doubles",sr:competition:18146,doubles,women,sr:category:213,False,False
sr:competition:18156,"ITF Japan 09B, Women Doubles",sr:competition:18152,doubles,women,sr:category:213,False,False
sr:competition:18162,"ITF Ukraine F2, Men Doubles",sr:competition:18158,doubles,men,sr:category:785,False,False
sr:competition:18168,"ITF China F8, Men Doubles",sr:competition:18164,doubles,men,sr:category:785,False,False
sr:competition:18174,"ITF Romania F2, Men Doubles",sr:competition:18170,doubles,men,sr:category:785,False,False
sr:competition:18180,"ITF Bosnia & Herzegovina F1, Men Doubles",sr:competition:18176,doubles,men,sr:category:785,False,False
sr:competition:18186,"ITF Czech Republic F2, Men Doubles",sr:competition:18182,doubles,men,sr:category:785,False,False
sr:competition:18194,"ITF Hungary F3, Men Doubles",sr:competition:18190,doubles,men,sr:category:785,False,False
sr:competition:18200,"ITF Israel F8, Men Doubles",sr:competition:18196,doubles,men,sr:category:785,False,False
sr:competition:18236,"ITF Canada F5, Men Doubles",sr:competition:18206,doubles,men,sr:category:785,False,False
sr:competition:18240,"ITF Spain F27, Men Doubles",sr:competition:18208,doubles,men,sr:category:785,False,False
sr:competition:18244,"ITF Argentina F5, Men Doubles",sr:competition:18210,doubles,men,sr:category:785,False,False
sr:competition:18248,"ITF Belgium F11, Men Doubles",sr:competition:18212,doubles,men,sr:category:785,False,False
sr:competition:18252,"ITF Italy F27, Men Doubles",sr:competition:18216,doubles,men,sr:category:785,False,False
sr:competition:18256,"ITF Poland F11, Men Doubles",sr:competition:18220,doubles,men,sr:category:785,False,False
sr:competition:18260,"ITF Romania F12, Men Doubles",sr:competition:18224,doubles,men,sr:category:785,False,False
sr:competition:18264,"ITF Serbia F4, Men Doubles",sr:competition:18226,doubles,men,sr:category:785,False,False
sr:competition:18268,"ITF Switzerland F5, Men Doubles",sr:competition:18228,doubles,men,sr:category:785,False,False
sr:competition:18274,"ITF Turkey F32, Men Doubles",sr:competition:18230,doubles,men,sr:category:785,False,False
sr:competition:18278,"ITF Ukraine F4, Men Doubles",sr:competition:18232,doubles,men,sr:category:785,False,False
sr:competition:18284,"ITF Hungary 07A, Women Doubles",sr:competition:18280,doubles,women,sr:category:213,False,False
sr:competition:18290,"ITF Italy 24A, Women Doubles",sr:competition:18286,doubles,women,sr:category:213,False,False
sr:competition:18298,"ITF Kazakhstan 06A, Women Doubles",sr:competition:18292,doubles,women,sr:category:213,False,False
sr:competition:18304,"ITF Romania 10A, Women Doubles",sr:competition:18300,doubles,women,sr:category:213,False,False
sr:competition:18310,"ITF Czechia 05A, Women Doubles",sr:competition:18306,doubles,women,sr:category:213,False,False
sr:competition:18316,"ITF South Korea 08A, Women Doubles",sr:competition:18312,doubles,women,sr:category:213,False,False
sr:competition:18324,"ITF Netherlands 06A, Women Doubles",sr:competition:18320,doubles,women,sr:category:213,False,False
sr:competition:18332,"ITF Switzerland 05A, Women Doubles",sr:competition:18328,doubles,women,sr:category:213,False,False
sr:competition:18338,"ITF Turkiye 29A, Women Doubles",sr:competition:18334,doubles,women,sr:category:213,False,False
sr:competition:18346,"ATP Challenger Rome 2, Italy Men Doubles",sr:competition:18342,doubles,men,sr:category:72,False,False
sr:competition:18356,"ATP Challenger Incheon, Korea Republic Men Doubles",sr:competition:18352,doubles,men,sr:category:72,False,False
sr:competition:18362,"ATP Challenger Zhangjiagang, China Men Doubles",sr:competition:18358,doubles,men,sr:category:72,False,False
sr:competition:18386,"ITF Singapore F1, Men Doubles",sr:competition:18366,doubles,men,sr:category:785,False,False
sr:competition:18390,"ITF Spain F15, Men Doubles",sr:competition:18368,doubles,men,sr:category:785,False,False
sr:competition:18394,"ITF Tunisia F20, Men Doubles",sr:competition:18370,doubles,men,sr:category:785,False,False
sr:competition:18398,"ITF Turkey F20, Men Doubles",sr:competition:18372,doubles,men,sr:category:785,False,False
sr:competition:18402,"ITF Ukraine F3, Men Doubles",sr:competition:18374,doubles,men,sr:category:785,False,False
sr:competition:18406,"ITF China F9, Men Doubles",sr:competition:18376,doubles,men,sr:category:785,False,False
sr:competition:18410,"ITF Japan F6, Men Doubles",sr:competition:18378,doubles,men,sr:category:785,False,False
sr:competition:18414,"ITF Uzbekistan F3, Men Doubles",sr:competition:18380,doubles,men,sr:category:785,False,False
sr:competition:18420,"ITF Bosnia & Herzegovina F2, Men Doubles",sr:competition:18416,doubles,men,sr:category:785,False,False
sr:competition:18440,"ITF Czech Republic F3, Men Doubles",sr:competition:18422,doubles,men,sr:category:785,False,False
sr:competition:18444,"ITF Italy F15, Men Doubles",sr:competition:18424,doubles,men,sr:category:785,False,False
sr:competition:18448,"ITF Korea F1, Men Doubles",sr:competition:18426,doubles,men,sr:category:785,False,False
sr:competition:18452,"ITF Singapore F2, Men Doubles",sr:competition:18428,doubles,men,sr:category:785,False,False
sr:competition:18456,"ITF Tunisia F21, Men Doubles",sr:competition:18430,doubles,men,sr:category:785,False,False
sr:competition:18476,"ATP Challenger Bangkok II, Thailand Men Doubles",sr:competition:18468,doubles,men,sr:category:72,False,False
sr:competition:18480,"ATP Challenger Bangkok III, Thailand Men Doubles",sr:competition:18470,doubles,men,sr:category:72,False,False
sr:competition:18484,"ATP Challenger Bangkok IV, Thailand Men Doubles",sr:competition:18472,doubles,men,sr:category:72,False,False
sr:competition:18502,"ITF Uzbekistan F4, Men Doubles",sr:competition:18498,doubles,men,sr:category:785,False,False
sr:competition:18508,"ITF Argentina F1, Men Doubles",sr:competition:18504,doubles,men,sr:category:785,False,False
sr:competition:18514,"ITF Bosnia & Herzegovina F3, Men Doubles",sr:competition:18510,doubles,men,sr:category:785,False,False
sr:competition:18520,"ITF Israel F9, Men Doubles",sr:competition:18516,doubles,men,sr:category:785,False,False
sr:competition:18526,"ITF Italy F16, Men Doubles",sr:competition:18522,doubles,men,sr:category:785,False,False
sr:competition:18538,"ITF Thailand F1, Men Doubles",sr:competition:18534,doubles,men,sr:category:785,False,False
sr:competition:18544,"ITF Tunisia F22, Men Doubles",sr:competition:18540,doubles,men,sr:category:785,False,False
sr:competition:18550,"ITF Turkey F22, Men Doubles",sr:competition:18546,doubles,men,sr:category:785,False,False
sr:competition:18556,"ITF Chinese Taipei F1, Men Doubles",sr:competition:18552,doubles,men,sr:category:785,False,False
sr:competition:18562,"ITF Hungary F4, Men Doubles",sr:competition:18558,doubles,men,sr:category:785,False,False
sr:competition:18568,"ITF Turkiye F23, Men Doubles",sr:competition:18564,doubles,men,sr:category:785,False,False
sr:competition:18574,"ITF USA F17, Men Doubles",sr:competition:18570,doubles,men,sr:category:785,False,False
sr:competition:18580,"ITF Argentina F2, Men Doubles",sr:competition:18576,doubles,men,sr:category:785,False,False
sr:competition:18586,"ITF Women Nanao, Japan Women Doubles",sr:competition:18584,doubles,women,sr:category:213,False,False
sr:competition:18590,"ITF Turkiye F33, Men Doubles",sr:competition:18666,doubles,men,sr:category:785,False,False
sr:competition:18596,"ITF Ukraine F5, Men Doubles",sr:competition:18668,doubles,men,sr:category:785,False,False
sr:competition:18602,"ITF Germany 15A, Women Doubles",sr:competition:18690,doubles,women,sr:category:213,False,False
sr:competition:18608,"ITF Hungary 08A, Women Doubles",sr:competition:18676,doubles,women,sr:category:213,False,False
sr:competition:18614,"ITF Canada F6, Men Doubles",sr:competition:18610,doubles,men,sr:category:785,False,False
sr:competition:18620,"ITF France F18, Men Doubles",sr:competition:18616,doubles,men,sr:category:785,False,False
sr:competition:18632,"ITF Argentina F6, Men Doubles",sr:competition:18628,doubles,men,sr:category:785,False,False
sr:competition:18638,"ITF Belgium F12, Men Doubles",sr:competition:18634,doubles,men,sr:category:785,False,False
sr:competition:18644,"ITF Egypt F24, Men Doubles",sr:competition:18640,doubles,men,sr:category:785,False,False
sr:competition:18652,"ITF India F7, Men Doubles",sr:competition:18648,doubles,men,sr:category:785,False,False
sr:competition:18658,"ITF Serbia F5, Men Doubles",sr:competition:18654,doubles,men,sr:category:785,False,False
sr:competition:18664,"ITF Tunisia F25, Men Doubles",sr:competition:18660,doubles,men,sr:category:785,False,False
sr:competition:18674,"ITF Bulgaria 01A, Women Doubles",sr:competition:18670,doubles,women,sr:category:213,False,False
sr:competition:18682,"ITF Czechia 06A, Women Doubles",sr:competition:18678,doubles,women,sr:category:213,False,False
sr:competition:18688,"ITF Egypt 24A, Women Doubles",sr:competition:18684,doubles,women,sr:category:213,False,False
sr:competition:18696,"ITF Italy 25A, Women Doubles",sr:competition:18692,doubles,women,sr:category:213,False,False
sr:competition:18702,"ITF Japan 10A, Women Doubles",sr:competition:18698,doubles,women,sr:category:213,False,False
sr:competition:18708,"ITF South Korea 09A, Women Doubles",sr:competition:18704,doubles,women,sr:category:213,False,False
sr:competition:18714,"ITF Tunisia 25A, Women Doubles",sr:competition:18710,doubles,women,sr:category:213,False,False
sr:competition:18720,"ITF Turkey 30B, Women Doubles",sr:competition:18716,doubles,women,sr:category:213,False,False
sr:competition:18728,"ITF Italy F17, Men Doubles",sr:competition:18724,doubles,men,sr:category:785,False,False
sr:competition:18734,"ITF Japan F8, Men Doubles",sr:competition:18730,doubles,men,sr:category:785,False,False
sr:competition:18740,"ITF Korea F3, Men Doubles",sr:competition:18736,doubles,men,sr:category:785,False,False
sr:competition:18746,"ITF Poland F1, Men Doubles",sr:competition:18742,doubles,men,sr:category:785,False,False
sr:competition:18752,"ITF Romania F3, Men Doubles",sr:competition:18748,doubles,men,sr:category:785,False,False
sr:competition:18760,"ITF Spain F17, Men Doubles",sr:competition:18756,doubles,men,sr:category:785,False,False
sr:competition:18766,"ITF Thailand F2, Men Doubles",sr:competition:18762,doubles,men,sr:category:785,False,False
sr:competition:18772,"ITF Tunisia F23, Men Doubles",sr:competition:18768,doubles,men,sr:category:785,False,False
sr:competition:18778,"ITF USA F18, Men Doubles",sr:competition:18774,doubles,men,sr:category:785,False,False
sr:competition:18784,"ITF Zimbabwe F1, Men Doubles",sr:competition:18780,doubles,men,sr:category:785,False,False
sr:competition:18790,"ITF Chinese Taipei F2, Men Doubles",sr:competition:18786,doubles,men,sr:category:785,False,False
sr:competition:18800,"ITF Spain F18, Men Doubles",sr:competition:18796,doubles,men,sr:category:785,False,False
sr:competition:18806,"ITF USA F19, Men Doubles",sr:competition:18802,doubles,men,sr:category:785,False,False
sr:competition:18812,"ITF Argentina F3, Men Doubles",sr:competition:18808,doubles,men,sr:category:785,False,False
sr:competition:18818,"ITF Belgium F1, Men Doubles",sr:competition:18814,doubles,men,sr:category:785,False,False
sr:competition:18826,"ITF Guam F1, Men Doubles",sr:competition:18822,doubles,men,sr:category:785,False,False
sr:competition:18832,"ITF Hong Kong F1, Men Doubles",sr:competition:18828,doubles,men,sr:category:785,False,False
sr:competition:18838,"ITF Israel F11, Men Doubles",sr:competition:18834,doubles,men,sr:category:785,False,False
sr:competition:18844,"ITF Italy F18, Men Doubles",sr:competition:18840,doubles,men,sr:category:785,False,False
sr:competition:18850,"ITF Korea F4, Men Doubles",sr:competition:18846,doubles,men,sr:category:785,False,False
sr:competition:18856,"ITF Netherlands F1, Men Doubles",sr:competition:18852,doubles,men,sr:category:785,False,False
sr:competition:18864,"ITF Romania F4, Men Doubles",sr:competition:18860,doubles,men,sr:category:785,False,False
sr:competition:18870,"ITF Russia F1, Men Doubles",sr:competition:18866,doubles,men,sr:category:785,False,False
sr:competition:18876,"ITF Sri Lanka F1, Men Doubles",sr:competition:18872,doubles,men,sr:category:785,False,False
sr:competition:18882,"ITF Thailand F3, Men Doubles",sr:competition:18878,doubles,men,sr:category:785,False,False
sr:competition:18888,"ITF Tunisia F24, Men Doubles",sr:competition:18884,doubles,men,sr:category:785,False,False
sr:competition:18894,"ITF Turkiye F24, Men Doubles",sr:competition:18890,doubles,men,sr:category:785,False,False
sr:competition:18900,"ITF USA F20, Men Doubles",sr:competition:18896,doubles,men,sr:category:785,False,False
sr:competition:18906,"ITF Zimbabwe F2, Men Doubles",sr:competition:18902,doubles,men,sr:category:785,False,False
sr:competition:18912,"ITF Belgium F2, Men Doubles",sr:competition:18908,doubles,men,sr:category:785,False,False
sr:competition:18918,"ITF Canada F3, Men Doubles",sr:competition:18914,doubles,men,sr:category:785,False,False
sr:competition:18926,"ITF France F13, Men Doubles",sr:competition:18922,doubles,men,sr:category:785,False,False
sr:competition:18932,"ITF Netherlands F2, Men Doubles",sr:competition:18928,doubles,men,sr:category:785,False,False
sr:competition:18938,"ITF Spain F19, Men Doubles",sr:competition:18934,doubles,men,sr:category:785,False,False
sr:competition:18944,"ITF USA F21, Men Doubles",sr:competition:18940,doubles,men,sr:category:785,False,False
sr:competition:18950,"ITF Egypt F18, Men Doubles",sr:competition:18946,doubles,men,sr:category:785,False,False
sr:competition:18958,"ITF Hong Kong F2, Men Doubles",sr:competition:18954,doubles,men,sr:category:785,False,False
sr:competition:18964,"ITF Israel F12, Men Doubles",sr:competition:18960,doubles,men,sr:category:785,False,False
sr:competition:18970,"ITF Italy F19, Men Doubles",sr:competition:18966,doubles,men,sr:category:785,False,False
sr:competition:18976,"ITF Korea F5, Men Doubles",sr:competition:18972,doubles,men,sr:category:785,False,False
sr:competition:18988,"ITF Russia F2, Men Doubles",sr:competition:18984,doubles,men,sr:category:785,False,False
sr:competition:18994,"ITF Sri Lanka F2, Men Doubles",sr:competition:18990,doubles,men,sr:category:785,False,False
sr:competition:19000,"ITF USA F22, Men Doubles",sr:competition:18996,doubles,men,sr:category:785,False,False
sr:competition:19006,"ITF Zimbabwe F3, Men Doubles",sr:competition:19002,doubles,men,sr:category:785,False,False
sr:competition:19012,"ITF Canada F4, Men Doubles",sr:competition:19008,doubles,men,sr:category:785,False,False
sr:competition:19018,"ITF China F11, Men Doubles",sr:competition:19014,doubles,men,sr:category:785,False,False
sr:competition:19024,"ITF France F14, Men Doubles",sr:competition:19020,doubles,men,sr:category:785,False,False
sr:competition:19030,"ITF Spain F20, Men Doubles",sr:competition:19026,doubles,men,sr:category:785,False,False
sr:competition:19036,"ITF USA F23, Men Doubles",sr:competition:19032,doubles,men,sr:category:785,False,False
sr:competition:19042,"ITF Austria F1, Men Doubles",sr:competition:19038,doubles,men,sr:category:785,False,False
sr:competition:19048,"ITF Belgium F3, Men Doubles",sr:competition:19044,doubles,men,sr:category:785,False,False
sr:competition:19054,"ITF Czech Republic F4, Men Doubles",sr:competition:19050,doubles,men,sr:category:785,False,False
sr:competition:19060,"ITF Egypt F19, Men Doubles",sr:competition:19056,doubles,men,sr:category:785,False,False
sr:competition:19066,"ITF Georgia F1, Men Doubles",sr:competition:19062,doubles,men,sr:category:785,False,False
sr:competition:19072,"ITF Germany F6, Men Doubles",sr:competition:19068,doubles,men,sr:category:785,False,False
sr:competition:19078,"ITF Hong Kong F3, Men Doubles",sr:competition:19074,doubles,men,sr:category:785,False,False
sr:competition:19086,"ITF Netherlands F3, Men Doubles",sr:competition:19082,doubles,men,sr:category:785,False,False
sr:competition:19098,"ITF Russia F3, Men Doubles",sr:competition:19094,doubles,men,sr:category:785,False,False
sr:competition:19104,"ITF Sri Lanka F3, Men Doubles",sr:competition:19100,doubles,men,sr:category:785,False,False
sr:competition:19110,"ITF China F12, Men Doubles",sr:competition:19106,doubles,men,sr:category:785,False,False
sr:competition:19116,"ITF Czech Republic F5, Men Doubles",sr:competition:19112,doubles,men,sr:category:785,False,False
sr:competition:19122,"ITF France F15, Men Doubles",sr:competition:19118,doubles,men,sr:category:785,False,False
sr:competition:19126,"ATP Challenger Almaty, Kazakhstan Men Doubles",sr:competition:3759,doubles,men,sr:category:72,False,False
sr:competition:19132,"ATP Challenger Canberra II, Australia Men Doubles",sr:competition:19128,doubles,men,sr:category:72,False,False
sr:competition:19138,"ATP Challenger Ismaning, Germany Men Doubles",sr:competition:19134,doubles,men,sr:category:72,False,False
sr:competition:19144,"ITF Spain F21, Men Doubles",sr:competition:19140,doubles,men,sr:category:785,False,False
sr:competition:19150,"ITF Austria F2, Men Doubles",sr:competition:19146,doubles,men,sr:category:785,False,False
sr:competition:19162,"ATP Challenger Shenzhen II, China Men Doubles",sr:competition:19158,doubles,men,sr:category:72,False,False
sr:competition:19164,"ATP Challenger Santiago II, Chile Men Doubles",sr:competition:19154,doubles,men,sr:category:72,False,False
sr:competition:19170,"ITF Egypt F20, Men Doubles",sr:competition:19166,doubles,men,sr:category:785,False,False
sr:competition:19176,"ITF Georgia F2, Men Doubles",sr:competition:19172,doubles,men,sr:category:785,False,False
sr:competition:19182,"ITF Germany F7, Men Doubles",sr:competition:19178,doubles,men,sr:category:785,False,False
sr:competition:19188,"ITF Netherlands F4, Men Doubles",sr:competition:19184,doubles,men,sr:category:785,False,False
sr:competition:19210,"ITF Turkiye F34, Men Doubles",sr:competition:19380,doubles,men,sr:category:785,False,False
sr:competition:19216,"ITF Hungary 09A, Women Doubles",sr:competition:19426,doubles,women,sr:category:213,False,False
sr:competition:19302,"ITF France 17A, Women Doubles",sr:competition:19296,doubles,women,sr:category:213,False,False
sr:competition:19306,"ITF Canada F7, Men Doubles",sr:competition:19300,doubles,men,sr:category:785,False,False
sr:competition:19312,"ITF France F19, Men Doubles",sr:competition:19308,doubles,men,sr:category:785,False,False
sr:competition:19318,"ITF USA 29A, Women Doubles",sr:competition:19314,doubles,women,sr:category:213,False,False
sr:competition:19324,"ITF Italy F29, Men Doubles",sr:competition:19320,doubles,men,sr:category:785,False,False
sr:competition:19330,"ITF Spain F29, Men Doubles",sr:competition:19326,doubles,men,sr:category:785,False,False
sr:competition:19338,"ITF Argentina F7, Men Doubles",sr:competition:19334,doubles,men,sr:category:785,False,False
sr:competition:19340,"ITF China 19A, Women Doubles",sr:competition:19332,doubles,women,sr:category:213,False,False
sr:competition:19348,"ITF Egypt F25, Men Doubles",sr:competition:19344,doubles,men,sr:category:785,False,False
sr:competition:19354,"ITF Georgia 03A, Women Doubles",sr:competition:19350,doubles,women,sr:category:213,False,False
sr:competition:19360,"ITF Great Britain F4, Men Doubles",sr:competition:19356,doubles,men,sr:category:785,False,False
sr:competition:19370,"ITF India F8, Men Doubles",sr:competition:19364,doubles,men,sr:category:785,False,False
sr:competition:19372,"ITF Italy 26A, Women Doubles",sr:competition:19362,doubles,women,sr:category:213,False,False
sr:competition:19378,"ITF Tunisia F26, Men Doubles",sr:competition:19374,doubles,men,sr:category:785,False,False
sr:competition:19388,"ITF USA 28A, Women Doubles",sr:competition:19382,doubles,women,sr:category:213,False,False
sr:competition:19394,"ITF Argentina 03A, Women Doubles",sr:competition:19390,doubles,women,sr:category:213,False,False
sr:competition:19400,"ITF Turkiye 31A, Women Doubles",sr:competition:19396,doubles,women,sr:category:213,False,False
sr:competition:19406,"ITF Czech Republic 07A, Women Doubles",sr:competition:19402,doubles,women,sr:category:213,False,False
sr:competition:19412,"ITF Tunisia 26A, Women Doubles",sr:competition:19408,doubles,women,sr:category:213,False,False
sr:competition:19418,"ITF Thailand 07A, Women Doubles",sr:competition:19414,doubles,women,sr:category:213,False,False
sr:competition:19424,"ITF Egypt 25A, Women Doubles",sr:competition:19420,doubles,women,sr:category:213,False,False
sr:competition:19450,"Laver Cup Men Doubles",sr:competition:19446,doubles,men,sr:category:79,False,False
sr:competition:19530,"ITF Turkiye F35, Men Doubles",sr:competition:19622,doubles,men,sr:category:785,False,False
sr:competition:19536,"ITF Australia 09A, Women Doubles",sr:competition:19532,doubles,women,sr:category:213,False,False
sr:competition:19542,"ITF France 18A, Women Doubles",sr:competition:19538,doubles,women,sr:category:213,False,False
sr:competition:19548,"ITF Russia 04A, Women Doubles",sr:competition:19544,doubles,women,sr:category:213,False,False
sr:competition:19554,"ITF Australia F4, Men Doubles",sr:competition:19550,doubles,men,sr:category:785,False,False
sr:competition:19560,"ITF Canada F8, Men Doubles",sr:competition:19556,doubles,men,sr:category:785,False,False
sr:competition:19566,"ITF France F20, Men Doubles",sr:competition:19562,doubles,men,sr:category:785,False,False
sr:competition:19572,"ITF Italy F30, Men Doubles",sr:competition:19568,doubles,men,sr:category:785,False,False
sr:competition:19578,"ITF Kazakhstan F6, Men Doubles",sr:competition:19574,doubles,men,sr:category:785,False,False
sr:competition:19584,"ITF Spain F30, Men Doubles",sr:competition:19580,doubles,men,sr:category:785,False,False
sr:competition:19590,"ITF Bolivia F1, Men Doubles",sr:competition:19586,doubles,men,sr:category:785,False,False
sr:competition:19596,"ITF Egypt F26, Men Doubles",sr:competition:19592,doubles,men,sr:category:785,False,False
sr:competition:19602,"ITF Great Britain F5, Men Doubles",sr:competition:19598,doubles,men,sr:category:785,False,False
sr:competition:19608,"ITF India F9, Men Doubles",sr:competition:19604,doubles,men,sr:category:785,False,False
sr:competition:19614,"ITF Portugal F19, Men Doubles",sr:competition:19610,doubles,men,sr:category:785,False,False
sr:competition:19620,"ITF Tunisia F27, Men Doubles",sr:competition:19616,doubles,men,sr:category:785,False,False
sr:competition:19628,"ITF USA F31, Men Doubles",sr:competition:19624,doubles,men,sr:category:785,False,False
sr:competition:19634,"ITF Mexico 02A, Women Doubles",sr:competition:19630,doubles,women,sr:category:213,False,False
sr:competition:19640,"ITF USA 30A, Women Doubles",sr:competition:19636,doubles,women,sr:category:213,False,False
sr:competition:19646,"ITF Italy 27A, Women Doubles",sr:competition:19642,doubles,women,sr:category:213,False,False
sr:competition:19652,"ITF Montenegro 01A, Women Doubles",sr:competition:19648,doubles,women,sr:category:213,False,False
sr:competition:19658,"ITF USA 31A, Women Doubles",sr:competition:19654,doubles,women,sr:category:213,False,False
sr:competition:19664,"ITF Bulgaria 03A, Women Doubles",sr:competition:19660,doubles,women,sr:category:213,False,False
sr:competition:19670,"ITF Egypt 26A, Women Doubles",sr:competition:19666,doubles,women,sr:category:213,False,False
sr:competition:19676,"ITF Kazakhstan 07A, Women Doubles",sr:competition:19672,doubles,women,sr:category:213,False,False
sr:competition:19684,"ITF Spain 15A, Women Doubles",sr:competition:19680,doubles,women,sr:category:213,False,False
sr:competition:19690,"ITF Thailand 08A, Women Doubles",sr:competition:19686,doubles,women,sr:category:213,False,False
sr:competition:19696,"ITF Tunisia 27A, Women Doubles",sr:competition:19692,doubles,women,sr:category:213,False,False
sr:competition:19702,"ITF Turkiye 32A, Women Doubles",sr:competition:19698,doubles,women,sr:category:213,False,False
sr:competition:19708,"ITF Ukraine 02A, Women Doubles",sr:competition:19704,doubles,women,sr:category:213,False,False
sr:competition:19754,"ITF USA F32, Men Doubles",sr:competition:19750,doubles,men,sr:category:785,False,False
sr:competition:19760,"ITF Turkiye F36, Men Doubles",sr:competition:19756,doubles,men,sr:category:785,False,False
sr:competition:19766,"ITF France 23A, Women Doubles",sr:competition:19762,doubles,women,sr:category:213,False,False
sr:competition:19770,"ITF Women Penrith, Australia Women Doubles",sr:competition:19768,doubles,women,sr:category:213,False,False
sr:competition:19776,"ITF Lebanon 01A, Women Doubles",sr:competition:19772,doubles,women,sr:category:213,False,False
sr:competition:19782,"ITF Ukraine 03A, Women Doubles",sr:competition:19778,doubles,women,sr:category:213,False,False
sr:competition:19788,"ITF USA 32A, Women Doubles",sr:competition:19784,doubles,women,sr:category:213,False,False
sr:competition:19804,"WTA Tokyo II, Japan Women Doubles",sr:competition:19800,doubles,women,sr:category:6,False,False
sr:competition:19810,"ITF Australia F5, Men Doubles",sr:competition:19806,doubles,men,sr:category:785,False,False
sr:competition:19814,"ITF Italy F31, Men Doubles",sr:competition:19812,doubles,men,sr:category:785,False,False
sr:competition:19822,"ITF Kazakhstan F7, Men Doubles",sr:competition:19818,doubles,men,sr:category:785,False,False
sr:competition:19828,"ITF Portugal F20, Men Doubles",sr:competition:19824,doubles,men,sr:category:785,False,False
sr:competition:19838,"ITF Spain F31, Men Doubles",sr:competition:19834,doubles,men,sr:category:785,False,False
sr:competition:19844,"ITF Sweden F3, Men Doubles",sr:competition:19840,doubles,men,sr:category:785,False,False
sr:competition:19850,"ITF Bolivia F2, Men Doubles",sr:competition:19846,doubles,men,sr:category:785,False,False
sr:competition:19856,"ITF Egypt F27, Men Doubles",sr:competition:19852,doubles,men,sr:category:785,False,False
sr:competition:19862,"ITF France F21, Men Doubles",sr:competition:19858,doubles,men,sr:category:785,False,False
sr:competition:19868,"ITF Tunisia F28, Men Doubles",sr:competition:19864,doubles,men,sr:category:785,False,False
sr:competition:19876,"ITF Australia 10A, Women Doubles",sr:competition:19872,doubles,women,sr:category:213,False,False
sr:competition:19882,"ITF Italy 28A, Women Doubles",sr:competition:19878,doubles,women,sr:category:213,False,False
sr:competition:19888,"ITF Thailand 09A, Women Doubles",sr:competition:19884,doubles,women,sr:category:213,False,False
sr:competition:19894,"ITF USA 33A, Women Doubles",sr:competition:19890,doubles,women,sr:category:213,False,False
sr:competition:19900,"ITF Czech Republic 08A, Women Doubles",sr:competition:19896,doubles,women,sr:category:213,False,False
sr:competition:19906,"ITF Egypt 27A, Women Doubles",sr:competition:19902,doubles,women,sr:category:213,False,False
sr:competition:19912,"ITF Kazakhstan 08A, Women Doubles",sr:competition:19908,doubles,women,sr:category:213,False,False
sr:competition:19918,"ITF Spain 16A, Women Doubles",sr:competition:19914,doubles,women,sr:category:213,False,False
sr:competition:19924,"ITF Tunisia 28A, Women Doubles",sr:competition:19920,doubles,women,sr:category:213,False,False
sr:competition:19930,"ITF Turkiye 33A, Women Doubles",sr:competition:19926,doubles,women,sr:category:213,False,False
sr:competition:19936,"ITF USA 34A, Women Doubles",sr:competition:19932,doubles,women,sr:category:213,False,False
sr:competition:19954,"ITF Turkiye F37, Men Doubles",sr:competition:19950,doubles,men,sr:category:785,False,False
sr:competition:19960,"ITF Lebanon 02A, Women Doubles",sr:competition:19956,doubles,women,sr:category:213,False,False
sr:competition:19966,"ITF Sri Lanka 01A, Women Doubles",sr:competition:19962,doubles,women,sr:category:213,False,False
sr:competition:19972,"ITF Spain 17A, Women Doubles",sr:competition:19968,doubles,women,sr:category:213,False,False
sr:competition:19978,"ITF Australia F6, Men Doubles",sr:competition:19974,doubles,men,sr:category:785,False,False
sr:competition:19986,"ITF France F22, Men Doubles",sr:competition:19982,doubles,men,sr:category:785,False,False
sr:competition:19992,"ITF Italy F32, Men Doubles",sr:competition:19988,doubles,men,sr:category:785,False,False
sr:competition:19998,"ITF Sweden F4, Men Doubles",sr:competition:19994,doubles,men,sr:category:785,False,False
sr:competition:20004,"ITF Bolivia F3, Men Doubles",sr:competition:20000,doubles,men,sr:category:785,False,False
sr:competition:20010,"ITF Egypt F28, Men Doubles",sr:competition:20006,doubles,men,sr:category:785,False,False
sr:competition:20016,"ITF Portugal F21, Men Doubles",sr:competition:20012,doubles,men,sr:category:785,False,False
sr:competition:20022,"ITF Spain F32, Men Doubles",sr:competition:20018,doubles,men,sr:category:785,False,False
sr:competition:20028,"ITF Thailand F7, Men Doubles",sr:competition:20024,doubles,men,sr:category:785,False,False
sr:competition:20034,"ITF Tunisia F29, Men Doubles",sr:competition:20030,doubles,men,sr:category:785,False,False
sr:competition:20040,"ITF Australia 11A, Women Doubles",sr:competition:20036,doubles,women,sr:category:213,False,False
sr:competition:20046,"ITF Italy 29A, Women Doubles",sr:competition:20042,doubles,women,sr:category:213,False,False
sr:competition:20052,"ITF Argentina 04A, Women Doubles",sr:competition:20048,doubles,women,sr:category:213,False,False
sr:competition:20058,"ITF Bulgaria 04A, Women Doubles",sr:competition:20054,doubles,women,sr:category:213,False,False
sr:competition:20064,"ITF Egypt 28A, Women Doubles",sr:competition:20060,doubles,women,sr:category:213,False,False
sr:competition:20070,"ITF Portugal 15A, Women Doubles",sr:competition:20066,doubles,women,sr:category:213,False,False
sr:competition:20076,"ITF Thailand 13A, Women Doubles",sr:competition:20072,doubles,women,sr:category:213,False,False
sr:competition:20082,"ITF Tunisia 29A, Women Doubles",sr:competition:20078,doubles,women,sr:category:213,False,False
sr:competition:20088,"ITF Turkiye 34A, Women Doubles",sr:competition:20084,doubles,women,sr:category:213,False,False
sr:competition:20094,"ITF USA 35A, Women Doubles",sr:competition:20090,doubles,women,sr:category:213,False,False
sr:competition:20104,"ATP Challenger Buenos Aires 2, Argentina Men Doubles",sr:competition:20100,doubles,men,sr:category:72,False,False
sr:competition:20112,"ITF Turkey F38, Men Doubles",sr:competition:20108,doubles,men,sr:category:785,False,False
sr:competition:20118,"ITF Spain F33, Men Doubles",sr:competition:20114,doubles,men,sr:category:785,False,False
sr:competition:20128,"ITF France 24A, Women Doubles",sr:competition:20124,doubles,women,sr:category:213,False,False
sr:competition:20130,"ITF Sri Lanka 02A, Women Doubles",sr:competition:20120,doubles,women,sr:category:213,False,False
sr:competition:20146,"ITF Australia F7, Men Doubles",sr:competition:20142,doubles,men,sr:category:785,False,False
sr:competition:20152,"ITF France F23, Men Doubles",sr:competition:20148,doubles,men,sr:category:785,False,False
sr:competition:20160,"ITF Italy F33, Men Doubles",sr:competition:20156,doubles,men,sr:category:785,False,False
sr:competition:20168,"ITF Nigeria F4, Men Doubles",sr:competition:20164,doubles,men,sr:category:785,False,False
sr:competition:20176,"ITF USA F33, Men Doubles",sr:competition:20172,doubles,men,sr:category:785,False,False
sr:competition:20184,"ITF Egypt F29, Men Doubles",sr:competition:20180,doubles,men,sr:category:785,False,False
sr:competition:20194,"ITF Germany F14, Men Doubles",sr:competition:20190,doubles,men,sr:category:785,False,False
sr:competition:20206,"ITF Turkiye 35A, Women Doubles",sr:competition:20202,doubles,women,sr:category:213,False,False
sr:competition:20212,"ITF Tunisia 30A, Women Doubles",sr:competition:20208,doubles,women,sr:category:213,False,False
sr:competition:20218,"ITF Thailand 14A, Women Doubles",sr:competition:20214,doubles,women,sr:category:213,False,False
sr:competition:20224,"ITF Egypt 29A, Women Doubles",sr:competition:20220,doubles,women,sr:category:213,False,False
sr:competition:20232,"ITF Argentina 05A, Women Doubles",sr:competition:20228,doubles,women,sr:category:213,False,False
sr:competition:20238,"ITF USA 36A, Women Doubles",sr:competition:20234,doubles,women,sr:category:213,False,False
sr:competition:20244,"ITF Spain 18A, Women Doubles",sr:competition:20240,doubles,women,sr:category:213,False,False
sr:competition:20250,"ITF Portugal 12A, Women Doubles",sr:competition:20246,doubles,women,sr:category:213,False,False
sr:competition:20256,"ITF Thailand F8, Men Doubles",sr:competition:20252,doubles,men,sr:category:785,False,False
sr:competition:20262,"ITF Nigeria 01A, Women Doubles",sr:competition:20258,doubles,women,sr:category:213,False,False
sr:competition:20270,"ITF Tunisia F30, Men Doubles",sr:competition:20264,doubles,men,sr:category:785,False,False
sr:competition:20274,"ITF Japan 11A, Women Doubles",sr:competition:20268,doubles,women,sr:category:213,False,False
sr:competition:20280,"ITF Italy 30A, Women Doubles",sr:competition:20276,doubles,women,sr:category:213,False,False
sr:competition:20286,"ITF Australia 12A, Women Doubles",sr:competition:20282,doubles,women,sr:category:213,False,False
sr:competition:20292,"ITF Turkiye F39, Men Doubles",sr:competition:20288,doubles,men,sr:category:785,False,False
sr:competition:20298,"ITF Thailand F9, Men Doubles",sr:competition:20294,doubles,men,sr:category:785,False,False
sr:competition:20304,"ITF Sri Lanka 03A, Women Doubles",sr:competition:20300,doubles,women,sr:category:213,False,False
sr:competition:20310,"ITF Spain 18B, Women Doubles",sr:competition:20306,doubles,women,sr:category:213,False,False
sr:competition:20330,"ITF China 16A, Women Doubles",sr:competition:20326,doubles,women,sr:category:213,False,False
sr:competition:20336,"ITF France 25A, Women Doubles",sr:competition:20332,doubles,women,sr:category:213,False,False
sr:competition:20342,"ITF Japan 12A, Women Doubles",sr:competition:20338,doubles,women,sr:category:213,False,False
sr:competition:20348,"ITF Italy 31A, Women Doubles",sr:competition:20344,doubles,women,sr:category:213,False,False
sr:competition:20354,"ITF Nigeria 02A, Women Doubles",sr:competition:20350,doubles,women,sr:category:213,False,False
sr:competition:20358,"ITF Portugal 13A, Women Doubles",sr:competition:20356,doubles,women,sr:category:213,False,False
sr:competition:20366,"ITF USA 37A, Women Doubles",sr:competition:20362,doubles,women,sr:category:213,False,False
sr:competition:20372,"ITF Egypt 30A, Women Doubles",sr:competition:20368,doubles,women,sr:category:213,False,False
sr:competition:20378,"ITF Tunisia 31A, Women Doubles",sr:competition:20374,doubles,women,sr:category:213,False,False
sr:competition:20384,"ITF Turkiye 36A, Women Doubles",sr:competition:20380,doubles,women,sr:category:213,False,False
sr:competition:20390,"ITF France F24, Men Doubles",sr:competition:20386,doubles,men,sr:category:785,False,False
sr:competition:20396,"ITF Italy F34, Men Doubles",sr:competition:20392,doubles,men,sr:category:785,False,False
sr:competition:20402,"ITF Nigeria F5, Men Doubles",sr:competition:20398,doubles,men,sr:category:785,False,False
sr:competition:20408,"ITF Egypt F30, Men Doubles",sr:competition:20404,doubles,men,sr:category:785,False,False
sr:competition:20414,"ITF Germany F15, Men Doubles",sr:competition:20410,doubles,men,sr:category:785,False,False
sr:competition:20420,"ITF Israel F13, Men Doubles",sr:competition:20416,doubles,men,sr:category:785,False,False
sr:competition:20426,"ITF Malaysia F1, Men Doubles",sr:competition:20422,doubles,men,sr:category:785,False,False
sr:competition:20432,"ITF Tunisia F31, Men Doubles",sr:competition:20428,doubles,men,sr:category:785,False,False
sr:competition:20440,"ITF Hong Kong 01A, Women Doubles",sr:competition:20436,doubles,women,sr:category:213,False,False
sr:competition:20446,"ITF USA 01A, Women Doubles",sr:competition:20442,doubles,women,sr:category:213,False,False
sr:competition:20452,"ITF France 01A, Women Doubles",sr:competition:20448,doubles,women,sr:category:213,False,False
sr:competition:20476,"ITF Germany F16, Men Doubles",sr:competition:20472,doubles,men,sr:category:785,False,False
sr:competition:20482,"ITF Turkey F40, Men Doubles",sr:competition:20478,doubles,men,sr:category:785,False,False
sr:competition:20488,"ITF Malaysia F2, Men Doubles",sr:competition:20484,doubles,men,sr:category:785,False,False
sr:competition:20494,"ITF Tunisia 01A, Women Doubles",sr:competition:20490,doubles,women,sr:category:213,False,False
sr:competition:20500,"ITF Italy F35, Men Doubles",sr:competition:20496,doubles,men,sr:category:785,False,False
sr:competition:20506,"ITF Czech Republic F7, Men Doubles",sr:competition:20502,doubles,men,sr:category:785,False,False
sr:competition:20514,"ITF Egypt F31, Men Doubles",sr:competition:20510,doubles,men,sr:category:785,False,False
sr:competition:20520,"ITF Estonia F2, Men Doubles",sr:competition:20516,doubles,men,sr:category:785,False,False
sr:competition:20526,"ITF Greece F6, Men Doubles",sr:competition:20522,doubles,men,sr:category:785,False,False
sr:competition:20536,"ITF France 21A, Women Doubles",sr:competition:20532,doubles,women,sr:category:213,False,False
sr:competition:20544,"ITF USA 38A, Women Doubles",sr:competition:20540,doubles,women,sr:category:213,False,False
sr:competition:20552,"ITF Canada 07A, Women Doubles",sr:competition:20548,doubles,women,sr:category:213,False,False
sr:competition:20558,"ITF China 17A, Women Doubles",sr:competition:20554,doubles,women,sr:category:213,False,False
sr:competition:20566,"ITF Italy 32A, Women Doubles",sr:competition:20562,doubles,women,sr:category:213,False,False
sr:competition:20572,"ITF Portugal 14A, Women Doubles",sr:competition:20568,doubles,women,sr:category:213,False,False
sr:competition:20594,"ITF Turkiye 37A, Women Doubles",sr:competition:20590,doubles,women,sr:category:213,False,False
sr:competition:20600,"ITF Egypt 31A, Women Doubles",sr:competition:20596,doubles,women,sr:category:213,False,False
sr:competition:20606,"ITF Great Britain 14A, Women Doubles",sr:competition:20602,doubles,women,sr:category:213,False,False
sr:competition:20612,"ITF Greece 06A, Women Doubles",sr:competition:20608,doubles,women,sr:category:213,False,False
sr:competition:20618,"ITF Paraguay 01B, Women Doubles",sr:competition:20614,doubles,women,sr:category:213,False,False
sr:competition:20624,"ITF Sweden 04A, Women Doubles",sr:competition:20620,doubles,women,sr:category:213,False,False
sr:competition:20630,"ITF Tunisia 32A, Women Doubles",sr:competition:20626,doubles,women,sr:category:213,False,False
sr:competition:20636,"ITF Tunisia F32, Men Doubles",sr:competition:20632,doubles,men,sr:category:785,False,False
sr:competition:20656,"ITF Turkey 01A, Women Doubles",sr:competition:20652,doubles,women,sr:category:213,False,False
sr:competition:20662,"ITF USA 02A, Women Doubles",sr:competition:20658,doubles,women,sr:category:213,False,False
sr:competition:20668,"ITF Egypt 01A, Women Doubles",sr:competition:20664,doubles,women,sr:category:213,False,False
sr:competition:20674,"ITF France 02A, Women Doubles",sr:competition:20670,doubles,women,sr:category:213,False,False
sr:competition:20686,"ITF Germany 01A, Women Doubles",sr:competition:20682,doubles,women,sr:category:213,False,False
sr:competition:20692,"ITF Tunisia 02A, Women Doubles",sr:competition:20688,doubles,women,sr:category:213,False,False
sr:competition:20698,"ITF Turkey 02A, Women Doubles",sr:competition:20694,doubles,women,sr:category:213,False,False
sr:competition:20704,"ITF France 05A, Women Doubles",sr:competition:20700,doubles,women,sr:category:213,False,False
sr:competition:20710,"ITF USA 03A, Women Doubles",sr:competition:20706,doubles,women,sr:category:213,False,False
sr:competition:20716,"ITF Egypt 02A, Women Doubles",sr:competition:20712,doubles,women,sr:category:213,False,False
sr:competition:20722,"ITF France 03A, Women Doubles",sr:competition:20718,doubles,women,sr:category:213,False,False
sr:competition:20728,"ITF Kazakhstan 01A, Women Doubles",sr:competition:20724,doubles,women,sr:category:213,False,False
sr:competition:20734,"ITF Israel F15, Men Doubles",sr:competition:20730,doubles,men,sr:category:785,False,False
sr:competition:20744,"ITF Malaysia F3, Men Doubles",sr:competition:20736,doubles,men,sr:category:785,False,False
sr:competition:20746,"ITF Turkey F41, Men Doubles",sr:competition:20740,doubles,men,sr:category:785,False,False
sr:competition:20752,"ITF Italy F36 Men Doubles",sr:competition:20748,doubles,men,sr:category:785,False,False
sr:competition:20758,"ITF Czech Republic F8, Men Doubles",sr:competition:20754,doubles,men,sr:category:785,False,False
sr:competition:20764,"ITF Egypt F32, Men Doubles",sr:competition:20760,doubles,men,sr:category:785,False,False
sr:competition:20778,"ITF USA 39A, Women Doubles",sr:competition:20774,doubles,women,sr:category:213,False,False
sr:competition:20788,"ITF Estonia F3, Men Doubles",sr:competition:20784,doubles,men,sr:category:785,False,False
sr:competition:20794,"ITF Greece F7, Men Doubles",sr:competition:20790,doubles,men,sr:category:785,False,False
sr:competition:20800,"ITF Kuwait F1, Men Doubles",sr:competition:20796,doubles,men,sr:category:785,False,False
sr:competition:20806,"ITF Tunisia F33, Men Doubles",sr:competition:20802,doubles,men,sr:category:785,False,False
sr:competition:20814,"ITF USA F35, Men Doubles",sr:competition:20810,doubles,men,sr:category:785,False,False
sr:competition:20820,"ITF Australia 07A, Women Doubles",sr:competition:20816,doubles,women,sr:category:213,False,False
sr:competition:20826,"ITF Canada 04A, Women Doubles",sr:competition:20822,doubles,women,sr:category:213,False,False
sr:competition:20832,"ITF France 22A, Women Doubles",sr:competition:20828,doubles,women,sr:category:213,False,False
sr:competition:20838,"ITF Spain 19A, Women Doubles",sr:competition:20834,doubles,women,sr:category:213,False,False
sr:competition:20844,"ITF Colombia 01A, Women Doubles",sr:competition:20840,doubles,women,sr:category:213,False,False
sr:competition:20850,"ITF Great Britain 15A, Women Doubles",sr:competition:20846,doubles,women,sr:category:213,False,False
sr:competition:20856,"ITF Luxembourg 01A, Women Doubles",sr:competition:20852,doubles,women,sr:category:213,False,False
sr:competition:20862,"ITF Morocco 01A, Women Doubles",sr:competition:20858,doubles,women,sr:category:213,False,False
sr:competition:20868,"ITF Paraguay 01A, Women Doubles",sr:competition:20864,doubles,women,sr:category:213,False,False
sr:competition:20874,"ITF Sweden 05A, Women Doubles",sr:competition:20870,doubles,women,sr:category:213,False,False
sr:competition:20880,"ITF Italy 33A, Women Doubles",sr:competition:20876,doubles,women,sr:category:213,False,False
sr:competition:20886,"ITF Egypt 32A, Women Doubles",sr:competition:20882,doubles,women,sr:category:213,False,False
sr:competition:20892,"ITF Greece 07A, Women Doubles",sr:competition:20888,doubles,women,sr:category:213,False,False
sr:competition:20898,"ITF Tunisia 33A, Women Doubles",sr:competition:20894,doubles,women,sr:category:213,False,False
sr:competition:20904,"ITF Turkiye 38A, Women Doubles",sr:competition:20900,doubles,women,sr:category:213,False,False
sr:competition:20938,"ITF Turkey F42, Men Doubles",sr:competition:20934,doubles,men,sr:category:785,False,False
sr:competition:20944,"ITF Morocco 02A, Women Doubles",sr:competition:20940,doubles,women,sr:category:213,False,False
sr:competition:20950,"ITF Paraguay 02A, Women Doubles",sr:competition:20946,doubles,women,sr:category:213,False,False
sr:competition:20958,"ITF Tunisia 03A, Women Doubles",sr:competition:20954,doubles,women,sr:category:213,False,False
sr:competition:20964,"ITF Turkey 03A, Women Doubles",sr:competition:20960,doubles,women,sr:category:213,False,False
sr:competition:20970,"ITF China 18B, Women Doubles",sr:competition:20966,doubles,women,sr:category:213,False,False
sr:competition:20976,"ITF Japan 14A, Women Doubles",sr:competition:20972,doubles,women,sr:category:213,False,False
sr:competition:20982,"ITF USA 40A, Women Doubles",sr:competition:20978,doubles,women,sr:category:213,False,False
sr:competition:20988,"ITF Australia 08A, Women Doubles",sr:competition:20984,doubles,women,sr:category:213,False,False
sr:competition:20994,"ITF Great Britain 16A, Women Doubles",sr:competition:20990,doubles,women,sr:category:213,False,False
sr:competition:21000,"ITF India 03A, Women Doubles",sr:competition:20996,doubles,women,sr:category:213,False,False
sr:competition:21006,"ITF Argentina F8, Men Doubles",sr:competition:21002,doubles,men,sr:category:785,False,False
sr:competition:21012,"ITF Czech Republic F9, Men Doubles",sr:competition:21008,doubles,men,sr:category:785,False,False
sr:competition:21018,"ITF Egypt F33, Men Doubles",sr:competition:21014,doubles,men,sr:category:785,False,False
sr:competition:21024,"ITF Estonia F4, Men Doubles",sr:competition:21020,doubles,men,sr:category:785,False,False
sr:competition:21030,"ITF Colombia 02A, Women Doubles",sr:competition:21026,doubles,women,sr:category:213,False,False
sr:competition:21036,"ITF Greece F8, Men Doubles",sr:competition:21032,doubles,men,sr:category:785,False,False
sr:competition:21042,"ITF Egypt 33A, Women Doubles",sr:competition:21038,doubles,women,sr:category:213,False,False
sr:competition:21048,"ITF Kuwait F2, Men Doubles",sr:competition:21044,doubles,men,sr:category:785,False,False
sr:competition:21054,"ITF Greece 08A, Women Doubles",sr:competition:21050,doubles,women,sr:category:213,False,False
sr:competition:21060,"ITF Tunisia F34, Men Doubles",sr:competition:21056,doubles,men,sr:category:785,False,False
sr:competition:21064,"ITF Italy 34A, Women Doubles",sr:competition:21062,doubles,women,sr:category:213,False,False
sr:competition:21072,"ITF USA F36, Men Doubles",sr:competition:21068,doubles,men,sr:category:785,False,False
sr:competition:21078,"ITF Vietnam F1, Men Doubles",sr:competition:21074,doubles,men,sr:category:785,False,False
sr:competition:21084,"ITF Spain 20A, Women Doubles",sr:competition:21080,doubles,women,sr:category:213,False,False
sr:competition:21090,"ITF Tunisia 34A, Women Doubles",sr:competition:21086,doubles,women,sr:category:213,False,False
sr:competition:21096,"ITF Turkey 39A, Women Doubles",sr:competition:21092,doubles,women,sr:category:213,False,False
sr:competition:21130,"ITF Australia 03A, Women Doubles",sr:competition:21126,doubles,women,sr:category:213,False,False
sr:competition:21136,"ITF Brazil 01A, Women Doubles",sr:competition:21132,doubles,women,sr:category:213,False,False
sr:competition:21142,"ITF Australia 01C, Women Doubles",sr:competition:21138,doubles,women,sr:category:213,False,False
sr:competition:21148,"ITF China 03A, Women Doubles",sr:competition:21144,doubles,women,sr:category:213,False,False
sr:competition:21154,"ITF France 04A, Women Doubles",sr:competition:21150,doubles,women,sr:category:213,False,False
sr:competition:21160,"ITF Brazil F2, Men Doubles",sr:competition:21156,doubles,men,sr:category:785,False,False
sr:competition:21166,"ITF Mexico F5, Men Doubles",sr:competition:21162,doubles,men,sr:category:785,False,False
sr:competition:21172,"ITF Turkey F43, Men Doubles",sr:competition:21168,doubles,men,sr:category:785,False,False
sr:competition:21178,"ITF Morocco 03A, Women Doubles",sr:competition:21174,doubles,women,sr:category:213,False,False
sr:competition:21184,"ITF USA 41A, Women Doubles",sr:competition:21180,doubles,women,sr:category:213,False,False
sr:competition:21192,"ITF Egypt 03A, Women Doubles",sr:competition:21188,doubles,women,sr:category:213,False,False
sr:competition:21198,"ITF Great Britain 01A, Women Doubles",sr:competition:21194,doubles,women,sr:category:213,False,False
sr:competition:21204,"ITF Kazakhstan 02A, Women Doubles",sr:competition:21200,doubles,women,sr:category:213,False,False
sr:competition:21210,"WTA 125K Mumbai, India Women Doubles",sr:competition:21206,doubles,women,sr:category:871,False,False
sr:competition:21216,"ITF Tunisia 04A, Women Doubles",sr:competition:21212,doubles,women,sr:category:213,False,False
sr:competition:21222,"ITF Turkey 04A, Women Doubles",sr:competition:21218,doubles,women,sr:category:213,False,False
sr:competition:21228,"ITF Australia 02B, Women Doubles",ROOT,doubles,women,sr:category:213,True,False
sr:competition:21234,"ITF Egypt 04A, Women Doubles",sr:competition:21230,doubles,women,sr:category:213,False,False
sr:competition:21240,"ITF Great Britain 06A, Women Doubles",sr:competition:21236,doubles,women,sr:category:213,False,False
sr:competition:21246,"ITF Slovakia 01A, Women Doubles",sr:competition:21242,doubles,women,sr:category:213,False,False
sr:competition:21254,"ITF Spain 01A, Women Doubles",sr:competition:21250,doubles,women,sr:category:213,False,False
sr:competition:21260,"ITF Tunisia 05A, Women Doubles",sr:competition:21256,doubles,women,sr:category:213,False,False
sr:competition:21266,"ITF Turkey 05A, Women Doubles",sr:competition:21262,doubles,women,sr:category:213,False,False
sr:competition:21272,"ITF Australia 01A, Women Doubles",sr:competition:21268,doubles,women,sr:category:213,False,False
sr:competition:21278,"ITF Germany 02A, Women Doubles",sr:competition:21274,doubles,women,sr:category:213,False,False
sr:competition:21284,"ITF USA 05A, Women Doubles",sr:competition:21280,doubles,women,sr:category:213,False,False
sr:competition:21290,"ITF Finland F4, Men Doubles",sr:competition:21286,doubles,men,sr:category:785,False,False
sr:competition:21296,"ITF China 01A, Women Doubles",sr:competition:21292,doubles,women,sr:category:213,False,False
sr:competition:21302,"ITF Argentina F9, Men Doubles",sr:competition:21298,doubles,men,sr:category:785,False,False
sr:competition:21308,"ITF Egypt F34, Men Doubles",sr:competition:21304,doubles,men,sr:category:785,False,False
sr:competition:21314,"ITF Greece F9, Men Doubles",sr:competition:21310,doubles,men,sr:category:785,False,False
sr:competition:21320,"ITF Kuwait F3, Men Doubles",sr:competition:21316,doubles,men,sr:category:785,False,False
sr:competition:21326,"ITF Japan 13A, Women Doubles",sr:competition:21322,doubles,women,sr:category:213,False,False
sr:competition:21332,"ITF Poland 07A, Women Doubles",sr:competition:21328,doubles,women,sr:category:213,False,False
sr:competition:21340,"ITF Senegal 01A, Women Doubles",sr:competition:21336,doubles,women,sr:category:213,False,False
sr:competition:21346,"ITF Tunisia F35, Men Doubles",sr:competition:21342,doubles,men,sr:category:785,False,False
sr:competition:21352,"ITF USA F37, Men Doubles",sr:competition:21348,doubles,men,sr:category:785,False,False
sr:competition:21358,"ITF Vietnam F2, Men Doubles",sr:competition:21354,doubles,men,sr:category:785,False,False
sr:competition:21364,"ITF Egypt 34A, Women Doubles",sr:competition:21360,doubles,women,sr:category:213,False,False
sr:competition:21370,"ITF Finland 03A, Women Doubles",sr:competition:21366,doubles,women,sr:category:213,False,False
sr:competition:21376,"ITF Greece 09A, Women Doubles",sr:competition:21372,doubles,women,sr:category:213,False,False
sr:competition:21382,"ITF Norway 01A, Women Doubles",sr:competition:21378,doubles,women,sr:category:213,False,False
sr:competition:21390,"ITF Spain 21A, Women Doubles",sr:competition:21386,doubles,women,sr:category:213,False,False
sr:competition:21396,"ITF Tunisia 35A, Women Doubles",sr:competition:21392,doubles,women,sr:category:213,False,False
sr:competition:21402,"ITF Turkey 40A, Women Doubles",sr:competition:21398,doubles,women,sr:category:213,False,False
sr:competition:21408,"ATP World Tour Finals Men Doubles",sr:competition:21404,doubles,men,sr:category:3,False,False
sr:competition:21424,"WTA Finals Women Doubles",sr:competition:21420,doubles,women,sr:category:6,False,False
sr:competition:21434,"ITF Egypt 05A, Women Doubles",sr:competition:21430,doubles,women,sr:category:213,False,False
sr:competition:21440,"ITF Great Britain 07A, Women Doubles",sr:competition:21436,doubles,women,sr:category:213,False,False
sr:competition:21446,"ITF Tunisia 06A, Women Doubles",sr:competition:21442,doubles,women,sr:category:213,False,False
sr:competition:21452,"ITF Australia 02A, Women Doubles",sr:competition:21448,doubles,women,sr:category:213,False,False
sr:competition:21470,"ITF Russia 01A, Women Doubles",sr:competition:21466,doubles,women,sr:category:213,False,False
sr:competition:21476,"ITF USA 06A, Women Doubles",sr:competition:21472,doubles,women,sr:category:213,False,False
sr:competition:21482,"ITF China 02A, Women Doubles",sr:competition:21478,doubles,women,sr:category:213,False,False
sr:competition:21488,"ITF Egypt 06A, Women Doubles",sr:competition:21484,doubles,women,sr:category:213,False,False
sr:competition:21494,"ITF Spain 03A, Women Doubles",sr:competition:21490,doubles,women,sr:category:213,False,False
sr:competition:21500,"ITF Tunisia 07A, Women Doubles",sr:competition:21496,doubles,women,sr:category:213,False,False
sr:competition:21516,"ITF Turkey 06A, Women Doubles",sr:competition:21512,doubles,women,sr:category:213,False,False
sr:competition:21522,"ITF Turkey 07A, Women Doubles",sr:competition:21518,doubles,women,sr:category:213,False,False
sr:competition:21536,"ITF Chile F1, Men Doubles",sr:competition:21532,doubles,men,sr:category:785,False,False
sr:competition:21546,"ITF Czech Republic F11, Men Doubles",sr:competition:21542,doubles,men,sr:category:785,False,False
sr:competition:21548,"ITF Turkey F44, Men Doubles",sr:competition:21538,doubles,men,sr:category:785,False,False
sr:competition:21554,"ITF USA F38, Men Doubles",sr:competition:21550,doubles,men,sr:category:785,False,False
sr:competition:21586,"ITF Spain 24A, Women Doubles",sr:competition:21582,doubles,women,sr:category:213,False,False
sr:competition:21592,"ITF Belarus 03A, Women Doubles",sr:competition:21588,doubles,women,sr:category:213,False,False
sr:competition:21598,"ITF Egypt 35A, Women Doubles",sr:competition:21594,doubles,women,sr:category:213,False,False
sr:competition:21604,"ITF Greece 10A, Women Doubles",sr:competition:21600,doubles,women,sr:category:213,False,False
sr:competition:21610,"ITF South Africa 01A, Women Doubles",sr:competition:21606,doubles,women,sr:category:213,False,False
sr:competition:21616,"ITF Tunisia 36A, Women Doubles",sr:competition:21612,doubles,women,sr:category:213,False,False
sr:competition:21622,"ITF Turkey 41A, Women Doubles",sr:competition:21618,doubles,women,sr:category:213,False,False
sr:competition:21628,"ITF Indonesia F7, Men Doubles",sr:competition:21624,doubles,men,sr:category:785,False,False
sr:competition:21634,"ITF Argentina F10, Men Doubles",sr:competition:21630,doubles,men,sr:category:785,False,False
sr:competition:21640,"ITF Brazil F3, Men Doubles",sr:competition:21636,doubles,men,sr:category:785,False,False
sr:competition:21646,"ITF Egypt F35, Men Doubles",sr:competition:21642,doubles,men,sr:category:785,False,False
sr:competition:21652,"ITF Greece F10, Men Doubles",sr:competition:21648,doubles,men,sr:category:785,False,False
sr:competition:21658,"ITF Mexico F6, Men Doubles",sr:competition:21654,doubles,men,sr:category:785,False,False
sr:competition:21664,"ITF South Africa F1, Men Doubles",sr:competition:21660,doubles,men,sr:category:785,False,False
sr:competition:21670,"ITF Vietnam F3, Men Doubles",sr:competition:21666,doubles,men,sr:category:785,False,False
sr:competition:21676,"ITF Tunisia F36, Men Doubles",sr:competition:21672,doubles,men,sr:category:785,False,False
sr:competition:21704,"WTA Elite Trophy Women Doubles",sr:competition:21706,doubles,women,sr:category:6,False,False
sr:competition:21712,"ITF Brazil 09B, Women Doubles",sr:competition:21708,doubles,women,sr:category:213,False,False
sr:competition:21718,"ITF Ecuador 01A, Women Doubles",sr:competition:21714,doubles,women,sr:category:213,False,False
sr:competition:21724,"ITF Czech Republic 09A, Women Doubles",sr:competition:21720,doubles,women,sr:category:213,False,False
sr:competition:21734,"ITF Brazil F4, Men Doubles",sr:competition:21726,doubles,men,sr:category:785,False,False
sr:competition:21740,"ITF Mexico F7, Men Doubles",sr:competition:21802,doubles,men,sr:category:785,False,False
sr:competition:21744,"ITF Tunisia F37, Men Doubles",sr:competition:13399,doubles,men,sr:category:785,False,False
sr:competition:21746,"ITF Thailand F10, Men Doubles",sr:competition:21730,doubles,men,sr:category:785,False,False
sr:competition:21752,"ITF Turkey F45, Men Doubles",sr:competition:21748,doubles,men,sr:category:785,False,False
sr:competition:21758,"ITF Chile 01A, Women Doubles",sr:competition:21754,doubles,women,sr:category:213,False,False
sr:competition:21764,"ITF Indonesia F8, Men Doubles",sr:competition:21760,doubles,men,sr:category:785,False,False
sr:competition:21770,"ITF USA F39, Men Doubles",sr:competition:21766,doubles,men,sr:category:785,False,False
sr:competition:21776,"ITF Argentina F11, Men Doubles",sr:competition:21772,doubles,men,sr:category:785,False,False
sr:competition:21782,"ITF Chile F2, Men Doubles",sr:competition:21778,doubles,men,sr:category:785,False,False
sr:competition:21788,"ITF Dominican Republic F1, Men Doubles",sr:competition:21784,doubles,men,sr:category:785,False,False
sr:competition:21794,"ITF Egypt F36, Men Doubles",sr:competition:21790,doubles,men,sr:category:785,False,False
sr:competition:21800,"ITF Israel F16, Men Doubles",sr:competition:21796,doubles,men,sr:category:785,False,False
sr:competition:21808,"ITF South Africa F2, Men Doubles",sr:competition:21804,doubles,men,sr:category:785,False,False
sr:competition:21814,"ITF Egypt 36A, Women Doubles",sr:competition:21810,doubles,women,sr:category:213,False,False
sr:competition:21820,"ITF India 07A, Women Doubles",sr:competition:21816,doubles,women,sr:category:213,False,False
sr:competition:21826,"ITF South Africa 02A, Women Doubles",sr:competition:21822,doubles,women,sr:category:213,False,False
sr:competition:21832,"ITF Spain 22A, Women Doubles",sr:competition:21828,doubles,women,sr:category:213,False,False
sr:competition:21838,"ITF Tunisia 37A, Women Doubles",sr:competition:21834,doubles,women,sr:category:213,False,False
sr:competition:21844,"ITF Turkey 42A, Women Doubles",sr:competition:21840,doubles,women,sr:category:213,False,False
sr:competition:21866,"ITF Egypt 07A, Women Doubles",sr:competition:21862,doubles,women,sr:category:213,False,False
sr:competition:21872,"ITF France 04B, Women Doubles",sr:competition:21868,doubles,women,sr:category:213,False,False
sr:competition:21882,"ITF Spain 04A, Women Doubles",sr:competition:21878,doubles,women,sr:category:213,False,False
sr:competition:21888,"ITF Tunisia 08A, Women Doubles",sr:competition:21884,doubles,women,sr:category:213,False,False
sr:competition:21894,"ITF Turkey 08A, Women Doubles",sr:competition:21890,doubles,women,sr:category:213,False,False
sr:competition:21900,"ITF China 03C, Women Doubles",sr:competition:21896,doubles,women,sr:category:213,False,False
sr:competition:21906,"ITF Australia 04A, Women Doubles",sr:competition:21902,doubles,women,sr:category:213,False,False
sr:competition:21912,"ITF Brazil 02A, Women Doubles",sr:competition:21908,doubles,women,sr:category:213,False,False
sr:competition:21918,"ITF France 09A, Women Doubles",sr:competition:21914,doubles,women,sr:category:213,False,False
sr:competition:21924,"ITF Egypt 08A, Women Doubles",sr:competition:21920,doubles,women,sr:category:213,False,False
sr:competition:21930,"ITF Greece 01A, Women Doubles",sr:competition:21926,doubles,women,sr:category:213,False,False
sr:competition:21936,"ITF Italy 03A, Women Doubles",sr:competition:21932,doubles,women,sr:category:213,False,False
sr:competition:21942,"ITF Tunisia 09A, Women Doubles",sr:competition:21938,doubles,women,sr:category:213,False,False
sr:competition:21952,"ITF Turkey 12A, Women Doubles",sr:competition:21948,doubles,women,sr:category:213,False,False
sr:competition:21954,"ITF Turkey 09A, Women Doubles",sr:competition:21944,doubles,women,sr:category:213,False,False
sr:competition:21960,"ITF Tunisia 13A, Women Doubles",sr:competition:21956,doubles,women,sr:category:213,False,False
sr:competition:21968,"ITF Portugal 02A, Women Doubles",sr:competition:21964,doubles,women,sr:category:213,False,False
sr:competition:21974,"ITF USA 07A, Women Doubles",sr:competition:21970,doubles,women,sr:category:213,False,False
sr:competition:21980,"ITF Greece 04A, Women Doubles",sr:competition:21976,doubles,women,sr:category:213,False,False
sr:competition:21986,"ITF Egypt 11A, Women Doubles",sr:competition:21982,doubles,women,sr:category:213,False,False
sr:competition:21992,"ITF China 03B, Women Doubles",sr:competition:21988,doubles,women,sr:category:213,False,False
sr:competition:21998,"ITF Egypt 09A, Women Doubles",sr:competition:21994,doubles,women,sr:category:213,False,False
sr:competition:22004,"ITF Brazil 03A, Women Doubles",sr:competition:22000,doubles,women,sr:category:213,False,False
sr:competition:22022,"ITF Japan 02A, Women Doubles",sr:competition:22012,doubles,women,sr:category:213,False,False
sr:competition:22028,"ITF Italy 02A, Women Doubles",sr:competition:22024,doubles,women,sr:category:213,False,False
sr:competition:22034,"ITF Australia 06A, Women Doubles",sr:competition:22030,doubles,women,sr:category:213,False,False
sr:competition:22040,"ITF France 06A, Women Doubles",sr:competition:22036,doubles,women,sr:category:213,False,False
sr:competition:22046,"ITF Greece 02A, Women Doubles",sr:competition:22042,doubles,women,sr:category:213,False,False
sr:competition:22052,"ITF Italy 04A, Women Doubles",sr:competition:22048,doubles,women,sr:category:213,False,False
sr:competition:22058,"ITF Tunisia 11A, Women Doubles",sr:competition:22054,doubles,women,sr:category:213,False,False
sr:competition:22064,"ITF Turkey 10A, Women Doubles",sr:competition:22060,doubles,women,sr:category:213,False,False
sr:competition:22070,"ITF Australia 05A, Women Doubles",sr:competition:22066,doubles,women,sr:category:213,False,False
sr:competition:22076,"ITF Italy 01A, Women Doubles",sr:competition:22072,doubles,women,sr:category:213,False,False
sr:competition:22082,"ITF France 08A, Women Doubles",sr:competition:22078,doubles,women,sr:category:213,False,False
sr:competition:22088,"ITF China 04B, Women Doubles",sr:competition:22084,doubles,women,sr:category:213,False,False
sr:competition:22094,"ITF Egypt 10A, Women Doubles",sr:competition:22090,doubles,women,sr:category:213,False,False
sr:competition:22100,"ITF Turkey 11A, Women Doubles",sr:competition:22096,doubles,women,sr:category:213,False,False
sr:competition:22106,"ITF Tunisia 12A, Women Doubles",sr:competition:22102,doubles,women,sr:category:213,False,False
sr:competition:22112,"ITF France 07A, Women Doubles",sr:competition:22108,doubles,women,sr:category:213,False,False
sr:competition:22118,"ITF Japan 01A, Women Doubles",sr:competition:22114,doubles,women,sr:category:213,False,False
sr:competition:22124,"ITF Turkey 16A, Women Doubles",sr:competition:22120,doubles,women,sr:category:213,False,False
sr:competition:22130,"ITF Greece 03A, Women Doubles",sr:competition:22126,doubles,women,sr:category:213,False,False
sr:competition:22136,"ITF Chile F3, Men Doubles",sr:competition:22132,doubles,men,sr:category:785,False,False
sr:competition:22142,"ITF Israel F17, Men Doubles",sr:competition:22138,doubles,men,sr:category:785,False,False
sr:competition:22148,"ITF Tunisia F38, Men Doubles",sr:competition:22144,doubles,men,sr:category:785,False,False
sr:competition:22154,"ITF Thailand F11, Men Doubles",sr:competition:22150,doubles,men,sr:category:785,False,False
sr:competition:22160,"ITF Turkey F46, Men Doubles",sr:competition:22156,doubles,men,sr:category:785,False,False
sr:competition:22166,"ITF Pakistan F1, Men Doubles",sr:competition:22162,doubles,men,sr:category:785,False,False
sr:competition:22172,"ITF Ecuador 02A, Women Doubles",sr:competition:22168,doubles,women,sr:category:213,False,False
sr:competition:22178,"ITF Thailand 01A, Women Doubles",sr:competition:22174,doubles,women,sr:category:213,False,False
sr:competition:22184,"ITF Italy 05A, Women Doubles",sr:competition:22180,doubles,women,sr:category:213,False,False
sr:competition:22190,"ITF Chile 02A, Women Doubles",sr:competition:22186,doubles,women,sr:category:213,False,False
sr:competition:22196,"ITF Spain 23A, Women Doubles",sr:competition:22192,doubles,women,sr:category:213,False,False
sr:competition:22202,"ITF Czech Republic 10A, Women Doubles",sr:competition:22198,doubles,women,sr:category:213,False,False
sr:competition:22208,"ITF Japan 03A, Women Doubles",sr:competition:22204,doubles,women,sr:category:213,False,False
sr:competition:22214,"ITF Egypt 37A, Women Doubles",sr:competition:22210,doubles,women,sr:category:213,False,False
sr:competition:22220,"ITF Turkey 13A, Women Doubles",sr:competition:22216,doubles,women,sr:category:213,False,False
sr:competition:22230,"ITF USA 09A, Women Doubles",sr:competition:22226,doubles,women,sr:category:213,False,False
sr:competition:22238,"ITF Brazil 03B, Women Doubles",sr:competition:22234,doubles,women,sr:category:213,False,False
sr:competition:22246,"ITF India 04A, Women Doubles",sr:competition:22242,doubles,women,sr:category:213,False,False
sr:competition:22252,"ITF South Africa 03A, Women Doubles",sr:competition:22248,doubles,women,sr:category:213,False,False
sr:competition:22258,"ITF Tunisia 38A, Women Doubles",sr:competition:22254,doubles,women,sr:category:213,False,False
sr:competition:22264,"ITF Turkey 43A, Women Doubles",sr:competition:22260,doubles,women,sr:category:213,False,False
sr:competition:22270,"ITF USA F40, Men Doubles",sr:competition:22266,doubles,men,sr:category:785,False,False
sr:competition:22276,"ITF Argentina F12, Men Doubles",sr:competition:22272,doubles,men,sr:category:785,False,False
sr:competition:22288,"ITF Croatia 01A, Women Doubles",sr:competition:22284,doubles,women,sr:category:213,False,False
sr:competition:22294,"ITF Egypt F37, Men Doubles",sr:competition:22290,doubles,men,sr:category:785,False,False
sr:competition:22300,"ITF Mexico F8, Men Doubles",sr:competition:22296,doubles,men,sr:category:785,False,False
sr:competition:22306,"ITF Egypt 12A, Women Doubles",sr:competition:22302,doubles,women,sr:category:213,False,False
sr:competition:22312,"ITF Qatar F4, Men Doubles",sr:competition:22308,doubles,men,sr:category:785,False,False
sr:competition:22318,"ITF South Africa F3, Men Doubles",sr:competition:22314,doubles,men,sr:category:785,False,False
sr:competition:22324,"ITF France 10A, Women Doubles",sr:competition:22320,doubles,women,sr:category:213,False,False
sr:competition:22330,"ITF Egypt 15A, Women Doubles",sr:competition:22326,doubles,women,sr:category:213,False,False
sr:competition:22336,"ITF Uzbekistan 01A, Women Doubles",sr:competition:22332,doubles,women,sr:category:213,False,False
sr:competition:22342,"ITF Greece 05A, Women Doubles",sr:competition:22338,doubles,women,sr:category:213,False,False
sr:competition:22348,"ITF Tunisia 14A, Women Doubles",sr:competition:22344,doubles,women,sr:category:213,False,False
sr:competition:22356,"ITF Italy 08A, Women Doubles",sr:competition:22352,doubles,women,sr:category:213,False,False
sr:competition:22362,"ITF USA 10A, Women Doubles",sr:competition:22358,doubles,women,sr:category:213,False,False
sr:competition:22368,"ITF USA 13A, Women Doubles",sr:competition:22364,doubles,women,sr:category:213,False,False
sr:competition:22374,"ITF Turkey 14A, Women Doubles",sr:competition:22370,doubles,women,sr:category:213,False,False
sr:competition:22380,"ITF China 06A, Women Doubles",sr:competition:22376,doubles,women,sr:category:213,False,False
sr:competition:22386,"ITF Italy 06A, Women Doubles",sr:competition:22382,doubles,women,sr:category:213,False,False
sr:competition:22392,"ITF Mexico 01A, Women Doubles",sr:competition:22388,doubles,women,sr:category:213,False,False
sr:competition:22398,"ITF USA 11A, Women Doubles",sr:competition:22394,doubles,women,sr:category:213,False,False
sr:competition:22406,"ITF Egypt 13A, Women Doubles",sr:competition:22400,doubles,women,sr:category:213,False,False
sr:competition:22412,"ITF Kazakhstan 02B, Women Doubles",sr:competition:22408,doubles,women,sr:category:213,False,False
sr:competition:22418,"ITF Tunisia 15A, Women Doubles",sr:competition:22414,doubles,women,sr:category:213,False,False
sr:competition:22424,"ITF Italy 07A, Women Doubles",sr:competition:22420,doubles,women,sr:category:213,False,False
sr:competition:22428,"ITF USA 12A, Women Doubles",sr:competition:22402,doubles,women,sr:category:213,False,False
sr:competition:22434,"ITF Switzerland 01A, Women Doubles",sr:competition:22430,doubles,women,sr:category:213,False,False
sr:competition:22440,"ITF Egypt 14A, Women Doubles",sr:competition:22436,doubles,women,sr:category:213,False,False
sr:competition:22446,"ITF Kazakhstan 03A, Women Doubles",sr:competition:22442,doubles,women,sr:category:213,False,False
sr:competition:22452,"ITF Tunisia 16A, Women Doubles",sr:competition:22448,doubles,women,sr:category:213,False,False
sr:competition:22458,"ITF Turkey 15A, Women Doubles",sr:competition:22454,doubles,women,sr:category:213,False,False
sr:competition:22464,"ITF China 05A, Women Doubles",sr:competition:22460,doubles,women,sr:category:213,False,False
sr:competition:22470,"ITF Tunisia 10A, Women Doubles",sr:competition:22466,doubles,women,sr:category:213,False,False
sr:competition:22476,"ITF Japan 04A, Women Doubles",sr:competition:22472,doubles,women,sr:category:213,False,False
sr:competition:22482,"ITF USA 14A, Women Doubles",sr:competition:22478,doubles,women,sr:category:213,False,False
sr:competition:22488,"ITF Germany 03A, Women Doubles",sr:competition:22484,doubles,women,sr:category:213,False,False
sr:competition:22494,"ITF Russia 02A, Women Doubles",sr:competition:22490,doubles,women,sr:category:213,False,False
sr:competition:22500,"ITF Tunisia 18A, Women Doubles",sr:competition:22496,doubles,women,sr:category:213,False,False
sr:competition:22506,"ITF Egypt 16A, Women Doubles",sr:competition:22502,doubles,women,sr:category:213,False,False
sr:competition:22512,"ITF Hungary 01A, Women Doubles",sr:competition:22508,doubles,women,sr:category:213,False,False
sr:competition:22518,"ITF Israel 01A, Women Doubles",sr:competition:22514,doubles,women,sr:category:213,False,False
sr:competition:22524,"ITF Italy 09A, Women Doubles",sr:competition:22520,doubles,women,sr:category:213,False,False
sr:competition:22530,"ITF Thailand 02A, Women Doubles",sr:competition:22526,doubles,women,sr:category:213,False,False
sr:competition:22536,"ITF Turkey 17A, Women Doubles",sr:competition:22532,doubles,women,sr:category:213,False,False
sr:competition:22542,"ITF France 11A, Women Doubles",sr:competition:22538,doubles,women,sr:category:213,False,False
sr:competition:22550,"ITF Japan 05A, Women Doubles",sr:competition:22546,doubles,women,sr:category:213,False,False
sr:competition:22556,"ITF China 07A, Women Doubles",sr:competition:22552,doubles,women,sr:category:213,False,False
sr:competition:22562,"ITF Italy 10A, Women Doubles",sr:competition:22558,doubles,women,sr:category:213,False,False
sr:competition:22568,"ITF South Korea 01A, Women Doubles",sr:competition:22564,doubles,women,sr:category:213,False,False
sr:competition:22574,"ITF Spain 06A, Women Doubles",sr:competition:22570,doubles,women,sr:category:213,False,False
sr:competition:22580,"ITF Thailand 03A, Women Doubles",sr:competition:22576,doubles,women,sr:category:213,False,False
sr:competition:22586,"ITF USA 15A, Women Doubles",sr:competition:22582,doubles,women,sr:category:213,False,False
sr:competition:22592,"ITF Tunisia 17A, Women Doubles",sr:competition:22588,doubles,women,sr:category:213,False,False
sr:competition:22598,"ITF Turkey 18A, Women Doubles",sr:competition:22594,doubles,women,sr:category:213,False,False
sr:competition:22604,"ITF Slovakia 02A, Women Doubles",sr:competition:22600,doubles,women,sr:category:213,False,False
sr:competition:22610,"ITF France 12A, Women Doubles",sr:competition:22606,doubles,women,sr:category:213,False,False
sr:competition:22616,"ITF Japan 06A, Women Doubles",sr:competition:22612,doubles,women,sr:category:213,False,False
sr:competition:22622,"ITF Korea,Rep. 02A, Women Doubles",sr:competition:22618,doubles,women,sr:category:213,False,False
sr:competition:22637,"ITF China 08A, Women Doubles",sr:competition:22633,doubles,women,sr:category:213,False,False
sr:competition:22643,"ITF Sweden 01A, Women Doubles",sr:competition:22639,doubles,women,sr:category:213,False,False
sr:competition:22649,"ITF USA 16A, Women Doubles",sr:competition:22645,doubles,women,sr:category:213,False,False
sr:competition:22655,"ITF Tunisia 19A, Women Doubles",sr:competition:22651,doubles,women,sr:category:213,False,False
sr:competition:22661,"ITF Pakistan F2, Men Doubles",sr:competition:22657,doubles,men,sr:category:785,False,False
sr:competition:22667,"ITF Israel F18, Men Doubles",sr:competition:22663,doubles,men,sr:category:785,False,False
sr:competition:22675,"ITF Tunisia F39, Men Doubles",sr:competition:22671,doubles,men,sr:category:785,False,False
sr:competition:22681,"ITF Thailand F12, Men Doubles",sr:competition:22677,doubles,men,sr:category:785,False,False
sr:competition:22687,"ITF Turkey F47, Men Doubles",sr:competition:22683,doubles,men,sr:category:785,False,False
sr:competition:22691,"ITF Turkey 19A, Women Doubles",sr:competition:22669,doubles,women,sr:category:213,False,False
sr:competition:22697,"ITF Italy 11A, Women Doubles",sr:competition:22693,doubles,women,sr:category:213,False,False
sr:competition:22703,"ITF Japan 07A, Women Doubles",sr:competition:22699,doubles,women,sr:category:213,False,False
sr:competition:22709,"ITF China 09A, Women Doubles",sr:competition:22705,doubles,women,sr:category:213,False,False
sr:competition:22715,"ITF South Korea 03A, Women Doubles",sr:competition:22711,doubles,women,sr:category:213,False,False
sr:competition:22725,"ITF Tunisia 20A, Women Doubles",sr:competition:22719,doubles,women,sr:category:213,False,False
sr:competition:22727,"ITF Uzbekistan 02A, Women Doubles",sr:competition:22717,doubles,women,sr:category:213,False,False
sr:competition:22733,"ITF Turkey 20A, Women Doubles",sr:competition:22729,doubles,women,sr:category:213,False,False
sr:competition:22739,"ITF Italy 12A, Women Doubles",sr:competition:22735,doubles,women,sr:category:213,False,False
sr:competition:22745,"ITF Bolivia 01A, Women Doubles",sr:competition:22741,doubles,women,sr:category:213,False,False
sr:competition:22751,"ITF Egypt 38A, Women Doubles",sr:competition:22747,doubles,women,sr:category:213,False,False
sr:competition:22757,"ITF Argentina 02A, Women Doubles",sr:competition:22753,doubles,women,sr:category:213,False,False
sr:competition:22763,"ITF Tunisia 39A, Women Doubles",ROOT,doubles,women,sr:category:213,True,False
sr:competition:22771,"ITF Turkey 44A, Women Doubles",sr:competition:22765,doubles,women,sr:category:213,False,False
sr:competition:22775,"ITF South Korea 04A, Women Doubles",sr:competition:22767,doubles,women,sr:category:213,False,False
sr:competition:22781,"ITF United Arab Emirates 01A, Women Doubles",sr:competition:22777,doubles,women,sr:category:213,False,False
sr:competition:22787,"ITF Egypt F38, Men Doubles",ROOT,doubles,men,sr:category:785,True,False
sr:competition:22793,"ITF Peru F1, Men Doubles",sr:competition:22789,doubles,men,sr:category:785,False,False
sr:competition:22799,"ITF Qatar F5, Men Doubles",sr:competition:22795,doubles,men,sr:category:785,False,False
sr:competition:22805,"ITF Serbia 01A, Women Doubles",sr:competition:22801,doubles,women,sr:category:213,False,False
sr:competition:22811,"ITF Tunisia 21A, Women Doubles",sr:competition:22807,doubles,women,sr:category:213,False,False
sr:competition:22817,"ITF Turkey 21A, Women Doubles",sr:competition:22813,doubles,women,sr:category:213,False,False
sr:competition:22823,"ITF France 13A, Women Doubles",sr:competition:22819,doubles,women,sr:category:213,False,False
sr:competition:22829,"ITF Great Britain 08A, Women Doubles",sr:competition:22825,doubles,women,sr:category:213,False,False
sr:competition:22841,"ATP Pune, India Men Doubles",sr:competition:22837,doubles,men,sr:category:3,False,False
sr:competition:22847,"ITF Tunisia 24A, Women Doubles",sr:competition:22843,doubles,women,sr:category:213,False,False
sr:competition:22853,"ITF Netherlands 01A, Women Doubles",sr:competition:22849,doubles,women,sr:category:213,False,False
sr:competition:22859,"ITF Chinese Taipei 01A, Women Doubles",sr:competition:22855,doubles,women,sr:category:213,False,False
sr:competition:22865,"ITF China 11A, Women Doubles",sr:competition:22861,doubles,women,sr:category:213,False,False
sr:competition:22871,"ITF Canada 02A, Women Doubles",sr:competition:22867,doubles,women,sr:category:213,False,False
sr:competition:22877,"ITF Uzbekistan 04A, Women Doubles",sr:competition:22873,doubles,women,sr:category:213,False,False
sr:competition:22883,"ITF USA 19A, Women Doubles",sr:competition:22879,doubles,women,sr:category:213,False,False
sr:competition:22889,"ITF Switzerland 02A, Women Doubles",sr:competition:22885,doubles,women,sr:category:213,False,False
sr:competition:22895,"ITF Sweden 02A, Women Doubles",sr:competition:22891,doubles,women,sr:category:213,False,False
sr:competition:22901,"ITF Italy 13A, Women Doubles",sr:competition:22897,doubles,women,sr:category:213,False,False
sr:competition:22907,"ITF Poland 01A, Women Doubles",sr:competition:22903,doubles,women,sr:category:213,False,False
sr:competition:22913,"ITF France 14A, Women Doubles",sr:competition:22909,doubles,women,sr:category:213,False,False
sr:competition:22919,"ITF Turkiye 22A, Women Doubles",sr:competition:22915,doubles,women,sr:category:213,False,False
sr:competition:22925,"ITF Germany 04A, Women Doubles",sr:competition:22921,doubles,women,sr:category:213,False,False
sr:competition:22931,"ITF Tunisia 23A, Women Doubles",sr:competition:22927,doubles,women,sr:category:213,False,False
sr:competition:22939,"ITF Japan 08A, Women Doubles",sr:competition:22933,doubles,women,sr:category:213,False,False
sr:competition:22943,"ITF Slovenia 01A, Women Doubles",sr:competition:22937,doubles,women,sr:category:213,False,False
sr:competition:22949,"ITF South Korea 06A, Women Doubles",sr:competition:22945,doubles,women,sr:category:213,False,False
sr:competition:22955,"ITF Czechia 02A, Women Doubles",sr:competition:22951,doubles,women,sr:category:213,False,False
sr:competition:22965,"ITF Belarus 02A, Women Doubles",sr:competition:22961,doubles,women,sr:category:213,False,False
sr:competition:22967,"ITF USA 17A, Women Doubles",sr:competition:22957,doubles,women,sr:category:213,False,False
sr:competition:22973,"ITF USA 18A, Women Doubles",sr:competition:22969,doubles,women,sr:category:213,False,False
sr:competition:22979,"ITF Japan 08B, Women Doubles",sr:competition:22975,doubles,women,sr:category:213,False,False
sr:competition:22985,"ITF Italy 14A, Women Doubles",sr:competition:22981,doubles,women,sr:category:213,False,False
sr:competition:22991,"ITF Uzbekistan 03A, Women Doubles",sr:competition:22987,doubles,women,sr:category:213,False,False
sr:competition:22997,"ITF Bosnia & Herzegovina 01A, Women Doubles",ROOT,doubles,women,sr:category:213,True,False
sr:competition:23003,"ITF Belarus 01A, Women Doubles",sr:competition:22999,doubles,women,sr:category:213,False,False
sr:competition:23009,"ITF India 02A, Women Doubles",sr:competition:23005,doubles,women,sr:category:213,False,False
sr:competition:23015,"ITF South Korea 05A, Women Doubles",sr:competition:23011,doubles,women,sr:category:213,False,False
sr:competition:23021,"ITF Tunisia 22A, Women Doubles",sr:competition:23017,doubles,women,sr:category:213,False,False
sr:competition:23027,"ITF Great Britain 09A, Women Doubles",sr:competition:23023,doubles,women,sr:category:213,False,False
sr:competition:23033,"ITF Spain 08A, Women Doubles",sr:competition:23029,doubles,women,sr:category:213,False,False
sr:competition:23039,"ITF France 15A, Women Doubles",sr:competition:23035,doubles,women,sr:category:213,False,False
sr:competition:23045,"ITF Germany 05A, Women Doubles",sr:competition:23041,doubles,women,sr:category:213,False,False
sr:competition:23051,"ITF Poland 02A, Women Doubles",sr:competition:23047,doubles,women,sr:category:213,False,False
sr:competition:23065,"ITF China 12A, Women Doubles",sr:competition:23061,doubles,women,sr:category:213,False,False
sr:competition:23071,"ITF Egypt 18A, Women Doubles",sr:competition:23067,doubles,women,sr:category:213,False,False
sr:competition:23077,"ITF Israel 02A, Women Doubles",sr:competition:23073,doubles,women,sr:category:213,False,False
sr:competition:23083,"ITF Italy 16A, Women Doubles",sr:competition:23079,doubles,women,sr:category:213,False,False
sr:competition:23091,"ITF Romania 02A, Women Doubles",sr:competition:23085,doubles,women,sr:category:213,False,False
sr:competition:23097,"ITF Turkey 23A, Women Doubles",sr:competition:23093,doubles,women,sr:category:213,False,False
sr:competition:23103,"ITF Italy 17A, Women Doubles",sr:competition:23099,doubles,women,sr:category:213,False,False
sr:competition:23109,"ITF France 19A, Women Doubles",sr:competition:23105,doubles,women,sr:category:213,False,False
sr:competition:23115,"ITF Germany 09A, Women Doubles",sr:competition:23111,doubles,women,sr:category:213,False,False
sr:competition:23121,"ITF Netherlands 02A, Women Doubles",sr:competition:23117,doubles,women,sr:category:213,False,False
sr:competition:23127,"ITF Spain 10A, Women Doubles",sr:competition:23123,doubles,women,sr:category:213,False,False
sr:competition:23133,"ITF China 13A, Women Doubles",sr:competition:23129,doubles,women,sr:category:213,False,False
sr:competition:23139,"ITF Egypt 19A, Women Doubles",sr:competition:23135,doubles,women,sr:category:213,False,False
sr:competition:23145,"ITF Portugal 08A, Women Doubles",sr:competition:23141,doubles,women,sr:category:213,False,False
sr:competition:23151,"ITF Romania 03A, Women Doubles",sr:competition:23147,doubles,women,sr:category:213,False,False
sr:competition:23169,"WTA Hiroshima, Japan Women Doubles",sr:competition:23165,doubles,women,sr:category:6,False,False
sr:competition:23175,"WTA Lugano, Switzerland Women Doubles",sr:competition:23171,doubles,women,sr:category:6,False,False
sr:competition:23181,"WTA Moscow II, Russia Women Doubles",sr:competition:23177,doubles,women,sr:category:6,False,False
sr:competition:23187,"ITF Pakistan F3, Men Doubles",sr:competition:23183,doubles,men,sr:category:785,False,False
sr:competition:23193,"ITF Tunisia F40, Men Doubles",sr:competition:23189,doubles,men,sr:category:785,False,False
sr:competition:23199,"ITF Turkey F48, Men Doubles",sr:competition:23195,doubles,men,sr:category:785,False,False
sr:competition:23205,"ITF Paraguay 03A, Women Doubles",sr:competition:23201,doubles,women,sr:category:213,False,False
sr:competition:23217,"ATP Challenger Indian Wells, USA Men Doubles",sr:competition:23213,doubles,men,sr:category:72,False,False
sr:competition:23223,"ATP Challenger Playford City, Australia Men Doubles",sr:competition:23219,doubles,men,sr:category:72,False,False
sr:competition:23229,"ATP Challenger Newport Beach, USA Men Doubles",sr:competition:23225,doubles,men,sr:category:72,False,False
sr:competition:23235,"ATP Challenger Lille, France Men Doubles",sr:competition:23231,doubles,men,sr:category:72,False,False
sr:competition:23241,"ATP Challenger Punta del Este, Uruguay Men Doubles",sr:competition:23237,doubles,men,sr:category:72,False,False
sr:competition:23247,"ATP Challenger Qujing, China Men Doubles",sr:competition:23243,doubles,men,sr:category:72,False,False
sr:competition:23271,"ITF Serbia 02A, Women Doubles",sr:competition:23267,doubles,women,sr:category:213,False,False
sr:competition:23277,"ITF India 06A, Women Doubles",sr:competition:23273,doubles,women,sr:category:213,False,False
sr:competition:23283,"ITF Tunisia 40A, Women Doubles",sr:competition:23279,doubles,women,sr:category:213,False,False
sr:competition:23289,"ITF Turkey 46A, Women Doubles",sr:competition:23285,doubles,women,sr:category:213,False,False
sr:competition:23295,"ITF Hong Kong 05A, Women Doubles",sr:competition:23291,doubles,women,sr:category:213,False,False
sr:competition:23301,"ITF Hong Kong F4, Men Doubles",sr:competition:23297,doubles,men,sr:category:785,False,False
sr:competition:23307,"ITF Peru F2, Men Doubles",sr:competition:23303,doubles,men,sr:category:785,False,False
sr:competition:23313,"ITF Qatar F6, Men Doubles",sr:competition:23309,doubles,men,sr:category:785,False,False
sr:competition:23317,"ITF Hong Kong F5, Men Doubles",sr:competition:15976,doubles,men,sr:category:785,False,False
sr:competition:23323,"ITF France 16A, Women Doubles",sr:competition:23319,doubles,women,sr:category:213,False,False
sr:competition:23329,"ITF Turkiye 26A, Women Doubles",sr:competition:23325,doubles,women,sr:category:213,False,False
sr:competition:23335,"ITF Germany 08A, Women Doubles",sr:competition:23331,doubles,women,sr:category:213,False,False
sr:competition:23341,"ITF Canada 03A, Women Doubles",sr:competition:23337,doubles,women,sr:category:213,False,False
sr:competition:23347,"ITF Italy 18A, Women Doubles",sr:competition:23343,doubles,women,sr:category:213,False,False
sr:competition:23353,"ITF Russia 03A, Women Doubles",sr:competition:23349,doubles,women,sr:category:213,False,False
sr:competition:23359,"ITF Belgium 02A, Women Doubles",sr:competition:23355,doubles,women,sr:category:213,False,False
sr:competition:23365,"ITF Brazil 08A, Women Doubles",sr:competition:23361,doubles,women,sr:category:213,False,False
sr:competition:23371,"ITF Egypt 20A, Women Doubles",sr:competition:23367,doubles,women,sr:category:213,False,False
sr:competition:23377,"ITF Georgia 01A, Women Doubles",sr:competition:23373,doubles,women,sr:category:213,False,False
sr:competition:23383,"ITF Netherlands 03A, Women Doubles",sr:competition:23379,doubles,women,sr:category:213,False,False
sr:competition:23389,"ITF Serbia 03A, Women Doubles",sr:competition:23385,doubles,women,sr:category:213,False,False
sr:competition:23395,"ITF Thailand 04A, Women Doubles",sr:competition:23391,doubles,women,sr:category:213,False,False
sr:competition:23403,"Czech Tennis Extraliga Men Doubles",sr:competition:14712,doubles,men,sr:category:79,False,False
sr:competition:23405,"Czech Tennis Extraliga Women Doubles",sr:competition:14712,doubles,women,sr:category:79,False,False
sr:competition:23561,"WTA 125K Anning, China Women Doubles",sr:competition:23557,doubles,women,sr:category:871,False,False
sr:competition:23567,"WTA 125K Newport Beach, USA Women Doubles",sr:competition:23225,doubles,women,sr:category:871,False,False
sr:competition:23573,"WTA 125K Indian Wells, USA Women Doubles",sr:competition:23213,doubles,women,sr:category:871,False,False
sr:competition:23579,"ITF Germany F13, Men Doubles",sr:competition:23575,doubles,men,sr:category:785,False,False
sr:competition:23585,"ITF Hong Kong 06A, Women Doubles",sr:competition:23581,doubles,women,sr:category:213,False,False
sr:competition:23591,"ITF Germany 16A, Women Doubles",sr:competition:23587,doubles,women,sr:category:213,False,False
sr:competition:23597,"ITF Australia 13A, Women Doubles",sr:competition:23593,doubles,women,sr:category:213,False,False
sr:competition:23603,"ITF Mexico 03A, Women Doubles",sr:competition:23599,doubles,women,sr:category:213,False,False
sr:competition:23609,"ITF Mexico 04A, Women Doubles",sr:competition:23605,doubles,women,sr:category:213,False,False
sr:competition:23615,"ITF Mexico 06A, Women Doubles",sr:competition:23611,doubles,women,sr:category:213,False,False
sr:competition:23621,"ITF Mexico 07A, Women Doubles",sr:competition:23617,doubles,women,sr:category:213,False,False
sr:competition:23627,"ITF Mexico 08A, Women Doubles",sr:competition:23623,doubles,women,sr:category:213,False,False
sr:competition:23645,"ITF Egypt 39A, Women Doubles",sr:competition:23629,doubles,women,sr:category:213,False,False
sr:competition:23649,"ITF Egypt 40A, Women Doubles",sr:competition:23631,doubles,women,sr:category:213,False,False
sr:competition:23653,"ITF Egypt 41A, Women Doubles",sr:competition:23633,doubles,women,sr:category:213,False,False
sr:competition:23657,"ITF Egypt 42A, Women Doubles",sr:competition:23635,doubles,women,sr:category:213,False,False
sr:competition:23661,"ITF Egypt 43A, Women Doubles",sr:competition:23637,doubles,women,sr:category:213,False,False
sr:competition:23665,"ITF Egypt 44A, Women Doubles",sr:competition:23639,doubles,women,sr:category:213,False,False
sr:competition:23669,"ITF Egypt 45A, Women Doubles",sr:competition:23641,doubles,women,sr:category:213,False,False
sr:competition:23675,"ITF Egypt 46A, Women Doubles",sr:competition:23671,doubles,women,sr:category:213,False,False
sr:competition:23681,"ITF Egypt 17A, Women Doubles",sr:competition:23677,doubles,women,sr:category:213,False,False
sr:competition:23687,"ITF China 20A, Women Doubles",sr:competition:23683,doubles,women,sr:category:213,False,False
sr:competition:23693,"ITF China 21A, Women Doubles",sr:competition:23689,doubles,women,sr:category:213,False,False
sr:competition:23699,"ITF China 22A, Women Doubles",sr:competition:23695,doubles,women,sr:category:213,False,False
sr:competition:23713,"ITF Turkey 47A, Women Doubles",sr:competition:23701,doubles,women,sr:category:213,False,False
sr:competition:23717,"ITF Turkey 48A, Women Doubles",sr:competition:23703,doubles,women,sr:category:213,False,False
sr:competition:23721,"ITF Turkey 49A, Women Doubles",sr:competition:23705,doubles,women,sr:category:213,False,False
sr:competition:23725,"ITF Turkey 50A, Women Doubles",sr:competition:23707,doubles,women,sr:category:213,False,False
sr:competition:23729,"ITF Turkey 51A, Women Doubles",sr:competition:23709,doubles,women,sr:category:213,False,False
sr:competition:23777,"ITF Norway F1, Men Doubles",sr:competition:23773,doubles,men,sr:category:785,False,False
sr:competition:23801,"ITF Great Britain 02A, Women Doubles",sr:competition:23797,doubles,women,sr:category:213,False,False
sr:competition:23929,"ITF France F12, Men Doubles",sr:competition:23925,doubles,men,sr:category:785,False,False
sr:competition:23935,"ITF Tunisia 43A, Women Doubles",sr:competition:23931,doubles,women,sr:category:213,False,False
sr:competition:23957,"ITF Kazakhstan F8, Men Doubles",sr:competition:23953,doubles,men,sr:category:785,False,False
sr:competition:23963,"ITF Great Britain 04A, Women Doubles",sr:competition:23959,doubles,women,sr:category:213,False,False
sr:competition:23973,"ITF Italy F1, Men Doubles",sr:competition:23969,doubles,men,sr:category:785,False,False
sr:competition:24005,"ITF Cameroon F2, Men Doubles",sr:competition:24001,doubles,men,sr:category:785,False,False
sr:competition:24011,"ITF Korea F6, Men Doubles",sr:competition:24007,doubles,men,sr:category:785,False,False
sr:competition:24017,"ITF Italy 38A, Women Doubles",sr:competition:24013,doubles,women,sr:category:213,False,False
sr:competition:24023,"ITF South Korea 10A, Women Doubles",sr:competition:24019,doubles,women,sr:category:213,False,False
sr:competition:24105,"ITF Mexico F16, Men Doubles",sr:competition:24101,doubles,men,sr:category:785,False,False
sr:competition:24111,"ITF Tunisia F43, Men Doubles",sr:competition:24107,doubles,men,sr:category:785,False,False
sr:competition:24117,"ITF Israel 10A, Women Doubles",sr:competition:24113,doubles,women,sr:category:213,False,False
sr:competition:24123,"ITF Brazil 04A, Women Doubles",sr:competition:24119,doubles,women,sr:category:213,False,False
sr:competition:24175,"ITF Bahrain 01A, Women Doubles",sr:competition:24171,doubles,women,sr:category:213,False,False
sr:competition:24181,"ITF China 04A, Women Doubles",sr:competition:24177,doubles,women,sr:category:213,False,False
sr:competition:24241,"ATP Challenger Villena, Spain Men Doubles",sr:competition:24237,doubles,men,sr:category:72,False,False
sr:competition:24247,"ATP Challenger Puerto Vallarta, Mexico Men Doubles",sr:competition:24243,doubles,men,sr:category:72,False,False
sr:competition:24271,"ITF Russia F8, Men Doubles",sr:competition:24267,doubles,men,sr:category:785,False,False
sr:competition:24287,"ITF Tunisia 12B, Women Doubles",sr:competition:24283,doubles,women,sr:category:213,False,False
sr:competition:24345,"ITF Mozambique F2, Men Doubles",sr:competition:24341,doubles,men,sr:category:785,False,False
sr:competition:24357,"ITF Women Osaka, Japan Women Doubles",sr:competition:24353,doubles,women,sr:category:213,False,False
sr:competition:24369,"ATP Challenger Braga, Portugal Men Doubles",sr:competition:24365,doubles,men,sr:category:72,False,False
sr:competition:24385,"ITF Egypt 13B, Women Doubles",sr:competition:24381,doubles,women,sr:category:213,False,False
sr:competition:24455,"ITF Brazil F1, Men Doubles",sr:competition:24451,doubles,men,sr:category:785,False,False
sr:competition:24482,"ITF Egypt F17, Men Doubles",sr:competition:24478,doubles,men,sr:category:785,False,False
sr:competition:24486,"ITF Tunisia F41, Men Doubles",sr:competition:15287,doubles,men,sr:category:785,False,False
sr:competition:24492,"ITF Men Sajur. Israel Men Doubles",sr:competition:24488,doubles,men,sr:category:785,False,False
sr:competition:24498,"ITF Mexico F14, Men Doubles",sr:competition:24494,doubles,men,sr:category:785,False,False
sr:competition:24504,"ITF Uganda F2, Men Doubles",sr:competition:24500,doubles,men,sr:category:785,False,False
sr:competition:24510,"ITF Australia F8, Men Doubles",sr:competition:24506,doubles,men,sr:category:785,False,False
sr:competition:24516,"ITF Hong Kong 02A, Women Doubles",sr:competition:24512,doubles,women,sr:category:213,False,False
sr:competition:24534,"ITF Portugal 22A, Women Doubles",sr:competition:24530,doubles,women,sr:category:213,False,False
sr:competition:24540,"ITF South Korea 07A, Women Doubles",sr:competition:24536,doubles,women,sr:category:213,False,False
sr:competition:24546,"ITF Spain 11B, Women Doubles",sr:competition:24542,doubles,women,sr:category:213,False,False
sr:competition:24558,"ITF Italy 21A, Women Doubles",sr:competition:24554,doubles,women,sr:category:213,False,False
sr:competition:24564,"ITF Georgia 04A, Women Doubles",sr:competition:24560,doubles,women,sr:category:213,False,False
sr:competition:24570,"ITF Egypt F16, Men Doubles",sr:competition:24566,doubles,men,sr:category:785,False,False
sr:competition:24576,"ITF Uganda F1, Men Doubles",sr:competition:24572,doubles,men,sr:category:785,False,False
sr:competition:24582,"ITF South Korea 02A, Women Doubles",sr:competition:24578,doubles,women,sr:category:213,False,False
sr:competition:24588,"ITF Israel 04A, Women Doubles",sr:competition:24584,doubles,women,sr:category:213,False,False
sr:competition:24590,"ITF Trinidad & Tobago 01A, Women Doubles",sr:competition:24524,doubles,women,sr:category:213,False,False
sr:competition:24740,"ITF Mexico F11, Men Doubles",sr:competition:13663,doubles,men,sr:category:785,False,False
sr:competition:24746,"ITF Brazil F6, Men Doubles",sr:competition:24742,doubles,men,sr:category:785,False,False
sr:competition:24758,"ITF Tunisia F44, Men Doubles",sr:competition:24754,doubles,men,sr:category:785,False,False
sr:competition:24764,"ITF Mexico F10, Men Doubles",sr:competition:24760,doubles,men,sr:category:785,False,False
sr:competition:24770,"ITF Uganda F3, Men Doubles",sr:competition:24766,doubles,men,sr:category:785,False,False
sr:competition:24782,"ITF Great Britain 05A, Women Doubles",sr:competition:24778,doubles,women,sr:category:213,False,False
sr:competition:24788,"ITF Portugal 16A, Women Doubles",sr:competition:24784,doubles,women,sr:category:213,False,False
sr:competition:24796,"ITF Israel 05A, Women Doubles",sr:competition:24792,doubles,women,sr:category:213,False,False
sr:competition:24824,"ITF Uganda F4, Men Doubles",sr:competition:24820,doubles,men,sr:category:785,False,False
sr:competition:24840,"ITF Italy 37A, Women Doubles",sr:competition:24836,doubles,women,sr:category:213,False,False
sr:competition:24842,"ITF Norway 02A, Women Doubles",sr:competition:24832,doubles,women,sr:category:213,False,False
sr:competition:24848,"ATP Challenger Manacor, Spain Men Doubles",sr:competition:24844,doubles,men,sr:category:72,False,False
sr:competition:24854,"ATP Challenger Sopot, Poland Men Doubles",sr:competition:24850,doubles,men,sr:category:72,False,False
sr:competition:24860,"ATP Challenger Pullach, Germany Men Doubles",sr:competition:24856,doubles,men,sr:category:72,False,False
sr:competition:24938,"ITF France F11, Men Doubles",sr:competition:24934,doubles,men,sr:category:785,False,False
sr:competition:24950,"ITF Russia 08A, Women Doubles",sr:competition:24946,doubles,women,sr:category:213,False,False
sr:competition:25009,"ITF Singapore 01A, Women Doubles",sr:competition:25005,doubles,women,sr:category:213,False,False
sr:competition:25029,"ITF Lebanon F1, Men Doubles",sr:competition:25025,doubles,men,sr:category:785,False,False
sr:competition:25035,"ITF Singapore 02A, Women Doubles",sr:competition:25031,doubles,women,sr:category:213,False,False
sr:competition:25059,"ITF Great Britain 03A, Women Doubles",sr:competition:25055,doubles,women,sr:category:213,False,False
sr:competition:25109,"ITF Italy 36A, Women Doubles",sr:competition:25105,doubles,women,sr:category:213,False,False
sr:competition:25111,"ITF USA 48A, Women Doubles",sr:competition:25101,doubles,women,sr:category:213,False,False
sr:competition:25117,"ITF Indonesia 01A, Women Doubles",sr:competition:25113,doubles,women,sr:category:213,False,False
sr:competition:25173,"ITF Romania F13, Men Doubles",sr:competition:25169,doubles,men,sr:category:785,False,False
sr:competition:25185,"ITF Panama F4, Men Doubles",sr:competition:25181,doubles,men,sr:category:785,False,False
sr:competition:25195,"ITF Israel 07A, Women Doubles",sr:competition:25191,doubles,women,sr:category:213,False,False
sr:competition:25207,"ITF Bulgaria 05A, Women Doubles",sr:competition:25203,doubles,women,sr:category:213,False,False
sr:competition:25219,"ITF Switzerland 01B, Women Doubles",sr:competition:25215,doubles,women,sr:category:213,False,False
sr:competition:25275,"ITF Kazakhstan 04A, Women Doubles",sr:competition:25271,doubles,women,sr:category:213,False,False
sr:competition:25281,"ITF Croatia 02A, Women Doubles",sr:competition:25277,doubles,women,sr:category:213,False,False
sr:competition:25367,"ITF Peru F3, Men Doubles",sr:competition:25363,doubles,men,sr:category:785,False,False
sr:competition:25373,"ITF Brazil F8, Men Doubles",sr:competition:25369,doubles,men,sr:category:785,False,False
sr:competition:25379,"ITF Bulgaria F3, Men Doubles",sr:competition:25375,doubles,men,sr:category:785,False,False
sr:competition:25385,"ITF Georgia F4, Men Doubles",sr:competition:25381,doubles,men,sr:category:785,False,False
sr:competition:25391,"ITF Israel 08A, Women Doubles",sr:competition:25387,doubles,women,sr:category:213,False,False
sr:competition:25397,"ITF Portugal 10A, Women Doubles",sr:competition:25393,doubles,women,sr:category:213,False,False
sr:competition:25409,"ITF Tunisia F42, Men Doubles",sr:competition:25405,doubles,men,sr:category:785,False,False
sr:competition:25415,"ITF Tunisia F45, Men Doubles",sr:competition:25411,doubles,men,sr:category:785,False,False
sr:competition:25421,"ITF Hong Kong 03A, Women Doubles",sr:competition:25417,doubles,women,sr:category:213,False,False
sr:competition:25547,"ITF Men Kunshan, China Men Doubles",sr:competition:25543,doubles,men,sr:category:785,False,False
sr:competition:25553,"ITF USA F28B, Men Doubles",sr:competition:25549,doubles,men,sr:category:785,False,False
sr:competition:25559,"ITF Lebanon F2, Men Doubles",sr:competition:25555,doubles,men,sr:category:785,False,False
sr:competition:25565,"ITF USA F19B, Men Doubles",sr:competition:25561,doubles,men,sr:category:785,False,False
sr:competition:2557,"Wimbledon Men Doubles",sr:competition:2553,doubles,men,sr:category:3,False,False
sr:competition:25571,"ITF Portugal 17A, Women Doubles",sr:competition:25567,doubles,women,sr:category:213,False,False
sr:competition:25577,"ITF USA 21A, Women Doubles",sr:competition:25573,doubles,women,sr:category:213,False,False
sr:competition:25583,"ITF Italy 42A, Women Doubles",sr:competition:25579,doubles,women,sr:category:213,False,False
sr:competition:25589,"ITF Indonesia 02A, Women Doubles",sr:competition:25585,doubles,women,sr:category:213,False,False
sr:competition:2561,"Wimbledon Women Doubles",sr:competition:2553,doubles,women,sr:category:6,False,False
sr:competition:25679,"ITF Ecuador F1, Men Doubles",sr:competition:25675,doubles,men,sr:category:785,False,False
sr:competition:2569,"Australian Open Men Doubles",sr:competition:2565,doubles,men,sr:category:3,False,False
sr:competition:25691,"ITF Israel 09A, Women Doubles",sr:competition:25687,doubles,women,sr:category:213,False,False
sr:competition:25697,"ITF China 18A, Women Doubles",sr:competition:25693,doubles,women,sr:category:213,False,False
sr:competition:25703,"ITF Portugal 20A, Women Doubles",sr:competition:25699,doubles,women,sr:category:213,False,False
sr:competition:2573,"Australian Open Women Doubles",sr:competition:2565,doubles,women,sr:category:6,False,False
sr:competition:25753,"ITF Ecuador F2, Men Doubles",sr:competition:25749,doubles,men,sr:category:785,False,False
sr:competition:25769,"ITF Italy 41A, Women Doubles",sr:competition:25765,doubles,women,sr:category:213,False,False
sr:competition:25775,"ITF Japan 16A, Women Doubles",sr:competition:25771,doubles,women,sr:category:213,False,False
sr:competition:2581,"French Open Men Doubles",sr:competition:2577,doubles,men,sr:category:3,False,False
sr:competition:2585,"French Open Women Doubles",sr:competition:2577,doubles,women,sr:category:6,False,False
sr:competition:25879,"ITF USA F29, Men Doubles",sr:competition:25875,doubles,men,sr:category:785,False,False
sr:competition:25891,"ITF Tunisia 44A, Women Doubles",sr:competition:25887,doubles,women,sr:category:213,False,False
sr:competition:25897,"ITF Mexico 10A, Women Doubles",sr:competition:25893,doubles,women,sr:category:213,False,False
sr:competition:25903,"ITF El Salvador 01A, Women Doubles",sr:competition:25899,doubles,women,sr:category:213,False,False
sr:competition:25911,"ITF Spain F24, Men Doubles",sr:competition:25907,doubles,men,sr:category:785,False,False
sr:competition:25929,"ITF Colombia 03A, Women Doubles",sr:competition:25925,doubles,women,sr:category:213,False,False
sr:competition:2593,"US Open Men Doubles",sr:competition:2589,doubles,men,sr:category:3,False,False
sr:competition:2597,"US Open Women Doubles",sr:competition:2589,doubles,women,sr:category:6,False,False
sr:competition:2605,"ATP Doha, Qatar Men Doubles",sr:competition:2601,doubles,men,sr:category:3,False,False
sr:competition:26116,"ATP Challenger Almaty II, Kazakhstan Men Doubles",sr:competition:26112,doubles,men,sr:category:72,False,False
sr:competition:26122,"ATP Challenger Barcelona, Spain Men Doubles",sr:competition:26118,doubles,men,sr:category:72,False,False
sr:competition:26128,"ATP Challenger Cassis, France Men Doubles",sr:competition:26124,doubles,men,sr:category:72,False,False
sr:competition:26134,"ATP Challenger Chicago, USA Men Doubles",sr:competition:26130,doubles,men,sr:category:72,False,False
sr:competition:26140,"ATP Challenger Florence, Italy Men Doubles",sr:competition:26136,doubles,men,sr:category:72,False,False
sr:competition:26146,"ATP Challenger Calgary, Canada Men Doubles",sr:competition:26142,doubles,men,sr:category:72,False,False
sr:competition:2615,"ATP Basel, Switzerland Men Doubles",sr:competition:2611,doubles,men,sr:category:3,False,False
sr:competition:26152,"ATP Challenger Liuzhou, China Men Doubles",sr:competition:26148,doubles,men,sr:category:72,False,False
sr:competition:26158,"ATP Challenger Houston, USA Men Doubles",sr:competition:26154,doubles,men,sr:category:72,False,False
sr:competition:26164,"ATP Challenger Santiago de Queretaro, Mexico Men Doubles",sr:competition:26160,doubles,men,sr:category:72,False,False
sr:competition:26196,"ITF Mexico F26, Men Doubles",sr:competition:26192,doubles,men,sr:category:785,False,False
sr:competition:2621,"ATP Brisbane, Australia Men Doubles",sr:competition:2617,doubles,men,sr:category:3,False,False
sr:competition:26218,"ITF Cameroon F1, Men Doubles",sr:competition:26214,doubles,men,sr:category:785,False,False
sr:competition:26226,"ITF USA 16B, Women Doubles",sr:competition:26222,doubles,women,sr:category:213,False,False
sr:competition:26240,"WTA 125K Chicago, USA Women Doubles",sr:competition:26236,doubles,women,sr:category:871,False,False
sr:competition:26246,"WTA 125K Houston, USA Women Doubles",sr:competition:26154,doubles,women,sr:category:871,False,False
sr:competition:2627,"ATP Chennai, India Men Doubles",sr:competition:2623,doubles,men,sr:category:3,False,False
sr:competition:2633,"ATP Auckland, New Zealand Men Doubles",sr:competition:2629,doubles,men,sr:category:3,False,False
sr:competition:26342,"ITF Spain 25A, Women Doubles",sr:competition:26338,doubles,women,sr:category:213,False,False
sr:competition:26354,"ITF Japan 15A, Women Doubles",sr:competition:26350,doubles,women,sr:category:213,False,False
sr:competition:26366,"ITF South Korea 11A, Women Doubles",sr:competition:26362,doubles,women,sr:category:213,False,False
sr:competition:2639,"ATP Sydney, Australia Men Doubles",sr:competition:2635,doubles,men,sr:category:3,False,False
sr:competition:26420,"ITF Portugal 21A, Women Doubles",sr:competition:26416,doubles,women,sr:category:213,False,False
sr:competition:26426,"ITF Italy 39A, Women Doubles",sr:competition:26422,doubles,women,sr:category:213,False,False
sr:competition:26432,"ITF Djibouti 01A, Women Doubles",sr:competition:26428,doubles,women,sr:category:213,False,False
sr:competition:26464,"ITF USA 16C, Women Doubles",sr:competition:26460,doubles,women,sr:category:213,False,False
sr:competition:2651,"ATP Zagreb, Croatia Men Double",sr:competition:2647,doubles,men,sr:category:3,False,False
sr:competition:26620,"ITF Uzbekistan F6, Men Doubles",sr:competition:26616,doubles,men,sr:category:785,False,False
sr:competition:26628,"ITF Portugal 18A, Women Doubles",sr:competition:26624,doubles,women,sr:category:213,False,False
sr:competition:2663,"ATP Paris, France Men Doubles",sr:competition:2659,doubles,men,sr:category:3,False,False
sr:competition:26634,"ITF Tunisia 41A, Women Doubles",sr:competition:26630,doubles,women,sr:category:213,False,False
sr:competition:26652,"ITF Australia 14A, Women Doubles",sr:competition:26648,doubles,women,sr:category:213,False,False
sr:competition:2669,"ATP Dubai, UAE Men Doubles",sr:competition:2665,doubles,men,sr:category:3,False,False
sr:competition:26746,"ITF Sweden 06A, Women Doubles",sr:competition:26742,doubles,women,sr:category:213,False,False
sr:competition:2675,"WTA Pattaya City, Thailand Women Doubles",sr:competition:2671,doubles,women,sr:category:6,False,False
sr:competition:2681,"ATP Rotterdam, Netherlands Men Doubles",sr:competition:2677,doubles,men,sr:category:3,False,False
sr:competition:26838,"ITF Mexico F9, Men Doubles",sr:competition:26834,doubles,men,sr:category:785,False,False
sr:competition:26844,"ITF Spain 26A, Women Doubles",sr:competition:26840,doubles,women,sr:category:213,False,False
sr:competition:26960,"ITF Portugal F22, Men Doubles",sr:competition:26956,doubles,men,sr:category:785,False,False
sr:competition:26966,"ITF Vietnam F5, Men Doubles",sr:competition:26962,doubles,men,sr:category:785,False,False
sr:competition:2699,"ATP Memphis, USA Men Doubles",sr:competition:2695,doubles,men,sr:category:3,False,False
sr:competition:2705,"WTA Bogota, Colombia Women Doubles",sr:competition:2701,doubles,women,sr:category:6,False,False
sr:competition:27054,"ITF Brazil F7, Men Doubles",sr:competition:27050,doubles,men,sr:category:785,False,False
sr:competition:2711,"ATP Acapulco, Mexico Men Doubles",sr:competition:2707,doubles,men,sr:category:3,False,False
sr:competition:27164,"ITF USA F41, Men Doubles",sr:competition:27160,doubles,men,sr:category:785,False,False
sr:competition:2717,"WTA Monterrey, Mexico Women Doubles",sr:competition:2713,doubles,women,sr:category:6,False,False
sr:competition:27170,"ITF Czech Republic 11A, Women Doubles",sr:competition:27166,doubles,women,sr:category:213,False,False
sr:competition:27176,"ITF Italy 40A, Women Doubles",sr:competition:27172,doubles,women,sr:category:213,False,False
sr:competition:27182,"ITF Mexico 18A, Women Doubles",sr:competition:27178,doubles,women,sr:category:213,False,False
sr:competition:2723,"ATP Marseille, France Men Doubles",sr:competition:2719,doubles,men,sr:category:3,False,False
sr:competition:2729,"ATP Buenos Aires, Argentina Men Doubles",sr:competition:2725,doubles,men,sr:category:3,False,False
sr:competition:2735,"ATP Delray Beach, USA Men Doubles",sr:competition:2731,doubles,men,sr:category:3,False,False
sr:competition:2741,"ATP Indian Wells, USA Men Doubles",sr:competition:2737,doubles,men,sr:category:3,False,False
sr:competition:27446,"ITF Mexico F12, Men Doubles",sr:competition:27442,doubles,men,sr:category:785,False,False
sr:competition:27452,"ITF Dominican Republic F3, Men Doubles",sr:competition:27448,doubles,men,sr:category:785,False,False
sr:competition:2747,"ATP Miami, USA Men Doubles",sr:competition:2743,doubles,men,sr:category:3,False,False
sr:competition:27486,"ITF Czech Republic 12A, Women Doubles",sr:competition:27482,doubles,women,sr:category:213,False,False
sr:competition:27498,"ITF Thailand 15A, Women Doubles",sr:competition:27494,doubles,women,sr:category:213,False,False
sr:competition:27504,"ITF Tunisia 42A, Women Doubles",sr:competition:27500,doubles,women,sr:category:213,False,False
sr:competition:2753,"ATP Houston, USA Men Doubles",sr:competition:2749,doubles,men,sr:category:3,False,False
sr:competition:27558,"WTA 125K Guadalajara, Mexico Women Doubles",sr:competition:27554,doubles,women,sr:category:871,False,False
sr:competition:27566,"WTA Hua Hin, Thailand Women Doubles",sr:competition:27562,doubles,women,sr:category:6,False,False
sr:competition:2759,"ATP Casablanca, Morocco Men Doubles",sr:competition:2755,doubles,men,sr:category:3,False,False
sr:competition:27591,"ATP Cordoba, Argentina Men Doubles",sr:competition:27587,doubles,men,sr:category:3,False,False
sr:competition:27597,"ATP Zhuhai, China Men Doubles",sr:competition:27593,doubles,men,sr:category:3,False,False
sr:competition:27607,"ATP Challenger Cleveland, USA Men Doubles",sr:competition:27603,doubles,men,sr:category:72,False,False
sr:competition:27613,"ATP Challenger Orlando, USA Men Doubles",sr:competition:27609,doubles,men,sr:category:72,False,False
sr:competition:27619,"ATP Challenger Da Nang, Vietnam Men Doubles",sr:competition:27615,doubles,men,sr:category:72,False,False
sr:competition:2765,"WTA Charleston, USA Women Doubles",sr:competition:2761,doubles,women,sr:category:6,False,False
sr:competition:27709,"Exhibition Sydney FAST4 Men Doubles",sr:competition:27705,doubles,men,sr:category:79,False,False
sr:competition:2771,"ATP Barcelona, Spain Men Doubles",sr:competition:2767,doubles,men,sr:category:3,False,False
sr:competition:27715,"ITF Bosnia & Herzegovina F4, Men Doubles",sr:competition:27711,doubles,men,sr:category:785,False,False
sr:competition:2777,"ATP Stuttgart, Germany Men Doubles",sr:competition:2773,doubles,men,sr:category:3,False,False
sr:competition:2783,"ATP Rome, Italy Men Doubles",sr:competition:2779,doubles,men,sr:category:3,False,False
sr:competition:27857,"ATP Challenger Pau, France Men Doubles",sr:competition:27853,doubles,men,sr:category:72,False,False
sr:competition:2789,"ATP Madrid, Spain Men Doubles",sr:competition:2785,doubles,men,sr:category:3,False,False
sr:competition:2795,"Berlin, Germany Women Doubles",sr:competition:2791,doubles,women,sr:category:6,False,False
sr:competition:27987,"WTA Lausanne, Switzerland Women Doubles",sr:competition:27985,doubles,women,sr:category:6,False,False
sr:competition:27993,"WTA Jurmala, Latvia, Women Doubles",sr:competition:31317,doubles,women,sr:category:6,False,False
sr:competition:2807,"WTA Hobart, Australia Women Doubles",sr:competition:2803,doubles,women,sr:category:6,False,False
sr:competition:28181,"ITF Ghana F1, Men Doubles",sr:competition:28177,doubles,men,sr:category:785,False,False
sr:competition:2819,"WTA Marrakech, Morocco Women Doubles",sr:competition:2815,doubles,women,sr:category:6,False,False
sr:competition:28205,"ATP Challenger Phoenix, USA Men Doubles",sr:competition:28201,doubles,men,sr:category:72,False,False
sr:competition:28223,"ITF Mexico 09A, Women Doubles",sr:competition:28213,doubles,women,sr:category:213,False,False
sr:competition:28229,"WTA 125K Bastad, Sweden Women Doubles",sr:competition:28225,doubles,women,sr:category:871,False,False
sr:competition:28235,"WTA 125K Karlsruhe, Germany Women Doubles",sr:competition:28231,doubles,women,sr:category:871,False,False
sr:competition:2825,"WTA Strasbourg, France Women Doubles",sr:competition:2821,doubles,women,sr:category:6,False,False
sr:competition:28273,"ITF Turkiye 25A, Women Doubles",sr:competition:28269,doubles,women,sr:category:213,False,False
sr:competition:28279,"ITF Singapore 04A, Women Doubles",sr:competition:28275,doubles,women,sr:category:213,False,False
sr:competition:28285,"ITF Mexico 05A, Women Doubles",sr:competition:28281,doubles,women,sr:category:213,False,False
sr:competition:2831,"ATP Challenger Amersfoort, Netherlands Men Doubles",sr:competition:2827,doubles,men,sr:category:72,False,False
sr:competition:2837,"ATP Munich, Germany Men Doubles",sr:competition:2833,doubles,men,sr:category:3,False,False
sr:competition:28386,"ATP Challenger Murcia, Spain Men Doubles",sr:competition:28382,doubles,men,sr:category:72,False,False
sr:competition:28414,"ITF Slovakia 03A, Women Doubles",sr:competition:28410,doubles,women,sr:category:213,False,False
sr:competition:28454,"ITF USA F14B, Men Doubles",sr:competition:28450,doubles,men,sr:category:785,False,False
sr:competition:28460,"ITF Mexico 19A, Women Doubles",sr:competition:28458,doubles,women,sr:category:213,False,False
sr:competition:28466,"ITF Mexico 13A, Women Doubles",sr:competition:28462,doubles,women,sr:category:213,False,False
sr:competition:28549,"ITF Ecuador 03A, Women Doubles",sr:competition:28545,doubles,women,sr:category:213,False,False
sr:competition:2855,"WTA Birmingham, Great Britain Women Doubles",sr:competition:2851,doubles,women,sr:category:6,False,False
sr:competition:2861,"ATP Halle, Germany Men Doubles",sr:competition:2857,doubles,men,sr:category:3,False,False
sr:competition:28611,"WTA Zhengzhou, China Women Doubles",sr:competition:28607,doubles,women,sr:category:6,False,False
sr:competition:28617,"ATP Challenger Jerusalem, Israel Men Doubles",sr:competition:28613,doubles,men,sr:category:72,False,False
sr:competition:28649,"ITF Mexico 11A, Women Doubles",sr:competition:28645,doubles,women,sr:category:213,False,False
sr:competition:2867,"ATP London, Great Britain Men Doubles",sr:competition:2863,doubles,men,sr:category:3,False,False
sr:competition:28705,"ITF Romania F6, Men Doubles",sr:competition:28701,doubles,men,sr:category:785,False,False
sr:competition:28717,"ITF Singapore 03A, Women Doubles",sr:competition:28713,doubles,women,sr:category:213,False,False
sr:competition:28723,"ITF Trinidad & Tobago 02A, Women Doubles",sr:competition:28719,doubles,women,sr:category:213,False,False
sr:competition:28729,"ITF France 26A, Women Doubles",sr:competition:28725,doubles,women,sr:category:213,False,False
sr:competition:2873,"ATP S-Hertogenbosch, Netherlands Men Doubles",sr:competition:2869,doubles,men,sr:category:3,False,False
sr:competition:2879,"WTA Eastbourne, Great Britain Women Doubles",sr:competition:7629,doubles,women,sr:category:6,False,False
sr:competition:2885,"ATP Newport, USA Men Doubles",sr:competition:2881,doubles,men,sr:category:3,False,False
sr:competition:28851,"ITF Mexico F25, Men Doubles",sr:competition:28847,doubles,men,sr:category:785,False,False
sr:competition:28857,"ITF Mexico 12A, Women Doubles",sr:competition:28853,doubles,women,sr:category:213,False,False
sr:competition:28885,"ATP Challenger Little Rock, USA Men Doubles",sr:competition:28881,doubles,men,sr:category:72,False,False
sr:competition:28891,"ATP Challenger Columbus II, USA Men Doubles",sr:competition:28887,doubles,men,sr:category:72,False,False
sr:competition:28897,"ATP Challenger Parma, Italy Men Doubles",sr:competition:28893,doubles,men,sr:category:72,False,False
sr:competition:28903,"ATP Challenger Shymkent II, Kazakhstan Men Doubles",sr:competition:28899,doubles,men,sr:category:72,False,False
sr:competition:2891,"ATP Bastad, Sweden Men Doubles",sr:competition:2887,doubles,men,sr:category:3,False,False
sr:competition:2897,"WTA Budapest, Hungary Women Doubles",sr:competition:2893,doubles,women,sr:category:6,False,False
sr:competition:29017,"ITF Mexico 14A, Women Doubles",sr:competition:29015,doubles,women,sr:category:213,False,False
sr:competition:2903,"WTA Palermo, Italy Women Doubles",sr:competition:2899,doubles,women,sr:category:6,False,False
sr:competition:29065,"ITF Mexico 16A, Women Doubles",sr:competition:29061,doubles,women,sr:category:213,False,False
sr:competition:2909,"WTA Prague, Czech Republic Women Doubles",sr:competition:2905,doubles,women,sr:category:6,False,False
sr:competition:29103,"ATP Challenger Ludwigshafen, Germany Men Doubles",sr:competition:29099,doubles,men,sr:category:72,False,False
sr:competition:2915,"Portoroz, Slovenia Women Doubles",sr:competition:2911,doubles,women,sr:category:6,False,False
sr:competition:29206,"ITF Mexico F13, Men Doubles",ROOT,doubles,men,sr:category:785,True,False
sr:competition:29214,"ITF Mexico 15A, Women Doubles",sr:competition:29210,doubles,women,sr:category:213,False,False
sr:competition:29262,"ITF Peru 02A, Women Doubles",sr:competition:29258,doubles,women,sr:category:213,False,False
sr:competition:29268,"ITF Mexico 24A, Women Doubles",sr:competition:29264,doubles,women,sr:category:213,False,False
sr:competition:29274,"ITF Romania 04A, Women Doubles",sr:competition:29270,doubles,women,sr:category:213,False,False
sr:competition:29364,"ITF Mexico 20A, Women Doubles",sr:competition:29360,doubles,women,sr:category:213,False,False
sr:competition:2937,"ATP Hamburg, Germany Men Doubles",sr:competition:2933,doubles,men,sr:category:3,False,False
sr:competition:29378,"ITF Mexico F15, Men Doubles",sr:competition:29374,doubles,men,sr:category:785,False,False
sr:competition:29388,"ITF Mexico 17A, Women Doubles",sr:competition:29384,doubles,women,sr:category:213,False,False
sr:competition:29392,"ITF Peru 01A, Women Doubles",sr:competition:29390,doubles,women,sr:category:213,False,False
sr:competition:29410,"ITF Mexico F18, Men Doubles",sr:competition:29406,doubles,men,sr:category:785,False,False
sr:competition:29416,"ITF USA 49A, Women Doubles",sr:competition:29412,doubles,women,sr:category:213,False,False
sr:competition:29422,"ITF USA 48B, Women Doubles",sr:competition:29418,doubles,women,sr:category:213,False,False
sr:competition:2943,"WTA San Jose, USA Women Doubles",sr:competition:2689,doubles,women,sr:category:6,False,False
sr:competition:29482,"ATP Challenger Augsburg, Germany Men Doubles",sr:competition:29478,doubles,men,sr:category:72,False,False
sr:competition:29488,"ATP Challenger Baotou, China Men Doubles",sr:competition:29484,doubles,men,sr:category:72,False,False
sr:competition:2949,"WTA Istanbul, Turkey Women Doubles",sr:competition:2945,doubles,women,sr:category:6,False,False
sr:competition:29490,"ATP Challenger Yokkaichi, Japan Men Doubles",sr:competition:29474,doubles,men,sr:category:72,False,False
sr:competition:29578,"ITF Tunisia 48A, Women Doubles",sr:competition:29574,doubles,women,sr:category:213,False,False
sr:competition:29584,"ITF Mexico 23A, Women Doubles",sr:competition:29580,doubles,women,sr:category:213,False,False
sr:competition:29606,"ITF Mexico F17, Men Doubles",sr:competition:29604,doubles,men,sr:category:785,False,False
sr:competition:2961,"ATP Gstaad, Switzerland Men Doubles",sr:competition:2957,doubles,men,sr:category:3,False,False
sr:competition:29636,"WTA New York, USA Women Doubles",sr:competition:29632,doubles,women,sr:category:6,False,False
sr:competition:29646,"WTA 125K New Haven, USA Women Doubles",sr:competition:29880,doubles,women,sr:category:871,False,False
sr:competition:2967,"ATP Umag, Croatia Men Doubles",sr:competition:2963,doubles,men,sr:category:3,False,False
sr:competition:2973,"ATP Washington, USA Men Doubles",sr:competition:2969,doubles,men,sr:category:3,False,False
sr:competition:29734,"ITF Bulgaria F4, Men Doubles",sr:competition:29730,doubles,men,sr:category:785,False,False
sr:competition:29746,"ITF Kenya 03A, Women Doubles",sr:competition:29742,doubles,women,sr:category:213,False,False
sr:competition:2979,"WTA Montreal, Canada Women Doubles",sr:competition:2975,doubles,women,sr:category:6,False,False
sr:competition:29822,"ITF Bulgaria F5, Men Doubles",sr:competition:29818,doubles,men,sr:category:785,False,False
sr:competition:29840,"ITF Japan 17A, Women Doubles",sr:competition:29836,doubles,women,sr:category:213,False,False
sr:competition:29846,"ITF Mexico F19, Men Doubles",sr:competition:29844,doubles,men,sr:category:785,False,False
sr:competition:2985,"ATP Cincinnati, USA Men Doubles",sr:competition:2981,doubles,men,sr:category:3,False,False
sr:competition:29852,"ITF Bolivia 02A, Women Doubles",sr:competition:29850,doubles,women,sr:category:213,False,False
sr:competition:29858,"ITF Kenya 04A, Women Doubles",sr:competition:29856,doubles,women,sr:category:213,False,False
sr:competition:29864,"ITF Mexico 21A, Women Doubles",sr:competition:29862,doubles,women,sr:category:213,False,False
sr:competition:29872,"ATP Challenger Columbus III, USA Men Doubles",sr:competition:29868,doubles,men,sr:category:72,False,False
sr:competition:29878,"ATP Challenger Hamburg, Germany Men Doubles",sr:competition:29874,doubles,men,sr:category:72,False,False
sr:competition:29884,"ATP Challenger New Haven, USA Men Doubles",sr:competition:29880,doubles,men,sr:category:72,False,False
sr:competition:29890,"ATP Challenger Nur-Sultan II, Kazakhstan Men Doubles",sr:competition:29886,doubles,men,sr:category:72,False,False
sr:competition:29896,"ATP Challenger Playford City II, Australia Men Doubles",sr:competition:29892,doubles,men,sr:category:72,False,False
sr:competition:2991,"WTA New Haven, USA Women Doubles",sr:competition:2987,doubles,women,sr:category:6,False,False
sr:competition:29936,"ITF Paraguay F1, Men Doubles",sr:competition:29932,doubles,men,sr:category:785,False,False
sr:competition:29940,"ITF Mexico F20, Men Doubles",sr:competition:29938,doubles,men,sr:category:785,False,False
sr:competition:29954,"ITF Mexico 22A, Women Doubles",sr:competition:29950,doubles,women,sr:category:213,False,False
sr:competition:2997,"ATP Toronto, Canada Men Doubles",sr:competition:2993,doubles,men,sr:category:3,False,False
sr:competition:3003,"ATP Metz, France Men Doubles",sr:competition:2999,doubles,men,sr:category:3,False,False
sr:competition:3009,"ATP Bucharest, Romania Men Doubles",sr:competition:3005,doubles,men,sr:category:3,False,False
sr:competition:3015,"WTA Guangzhou, China Women Doubles",sr:competition:3011,doubles,women,sr:category:6,False,False
sr:competition:3027,"ATP Beijing, China Men Doubles",sr:competition:3023,doubles,men,sr:category:3,False,False
sr:competition:30296,"ITF Spain F1B, Men Doubles",sr:competition:30294,doubles,men,sr:category:785,False,False
sr:competition:30302,"ITF Argentina F22, Men Doubles",sr:competition:30300,doubles,men,sr:category:785,False,False
sr:competition:30308,"ITF Mexico F23, Men Doubles",sr:competition:30306,doubles,men,sr:category:785,False,False
sr:competition:30316,"ITF Great Britain 01B, Women Doubles",sr:competition:30314,doubles,women,sr:category:213,False,False
sr:competition:3033,"ATP Tokyo, Japan Men Doubles",sr:competition:3029,doubles,men,sr:category:3,False,False
sr:competition:30384,"ITF Austria 01B, Women Doubles",sr:competition:30382,doubles,women,sr:category:213,False,False
sr:competition:3039,"WTA Quebec City, Canada Women Doubles",sr:competition:3035,doubles,women,sr:category:6,False,False
sr:competition:30402,"ITF Great Britain F7, Men Doubles",sr:competition:30400,doubles,men,sr:category:785,False,False
sr:competition:30408,"ITF Kazakhstan F9, Men Doubles",sr:competition:30406,doubles,men,sr:category:785,False,False
sr:competition:30414,"ITF China F15, Men Doubles",sr:competition:30412,doubles,men,sr:category:785,False,False
sr:competition:30422,"ITF France F1B, Men Doubles",sr:competition:30420,doubles,men,sr:category:785,False,False
sr:competition:30428,"ITF Mexico F24, Men Doubles",sr:competition:30426,doubles,men,sr:category:785,False,False
sr:competition:30434,"ITF Ukraine F6, Men Doubles",sr:competition:30432,doubles,men,sr:category:785,False,False
sr:competition:30444,"ITF Great Britain 01C, Women Doubles",sr:competition:30442,doubles,women,sr:category:213,False,False
sr:competition:3045,"WTA Seoul, Korea Republic Women Doubles",sr:competition:3041,doubles,women,sr:category:6,False,False
sr:competition:3051,"WTA Tashkent, Uzbekistan Women Doubles",sr:competition:3047,doubles,women,sr:category:6,False,False
sr:competition:30536,"ITF China F16, Men Doubles",sr:competition:30534,doubles,men,sr:category:785,False,False
sr:competition:30544,"ITF El Salvador F1, Men Doubles",sr:competition:30540,doubles,men,sr:category:785,False,False
sr:competition:30548,"ITF USA 44A, Women Doubles",sr:competition:30546,doubles,women,sr:category:213,False,False
sr:competition:30554,"ITF Turkiye 24A, Women Doubles",sr:competition:30552,doubles,women,sr:category:213,False,False
sr:competition:30562,"ITF Ukraine 01B, Women Doubles",sr:competition:30558,doubles,women,sr:category:213,False,False
sr:competition:30566,"ITF USA 47A, Women Doubles",sr:competition:30564,doubles,women,sr:category:213,False,False
sr:competition:3057,"WTA Linz, Austria Women Doubles",sr:competition:3053,doubles,women,sr:category:6,False,False
sr:competition:30608,"ITF Hong Kong 01B, Women Doubles",sr:competition:30604,doubles,women,sr:category:213,False,False
sr:competition:30612,"ITF USA F6B, Men Doubles",sr:competition:30610,doubles,men,sr:category:785,False,False
sr:competition:3063,"WTA Osaka, Japan Women Doubles",sr:competition:3059,doubles,women,sr:category:6,False,False
sr:competition:3069,"ATP Moscow, Russia Men Doubles",sr:competition:3065,doubles,men,sr:category:3,False,False
sr:competition:30716,"ITF USA F42, Men Doubles",sr:competition:30712,doubles,men,sr:category:785,False,False
sr:competition:30720,"ITF Argentina F23, Men Doubles",sr:competition:30718,doubles,men,sr:category:785,False,False
sr:competition:30726,"ITF Mexico F27, Men Doubles",sr:competition:30724,doubles,men,sr:category:785,False,False
sr:competition:30732,"ITF USA 50A, Women Doubles",sr:competition:30730,doubles,women,sr:category:213,False,False
sr:competition:30740,"ITF Mexico 25A, Women Doubles",sr:competition:30736,doubles,women,sr:category:213,False,False
sr:competition:30744,"ITF USA 38B, Women Doubles",sr:competition:30742,doubles,women,sr:category:213,False,False
sr:competition:3075,"WTA Luxembourg, Luxembourg Women Doubles",sr:competition:3071,doubles,women,sr:category:6,False,False
sr:competition:30770,"ITF Tunisia F46, Men Doubles",sr:competition:30768,doubles,men,sr:category:785,False,False
sr:competition:30778,"ITF China 25A, Women Doubles",sr:competition:30774,doubles,women,sr:category:213,False,False
sr:competition:30782,"ITF USA 42A, Women Doubles",sr:competition:30780,doubles,women,sr:category:213,False,False
sr:competition:30800,"ITF Colombia 04A, Women Doubles",sr:competition:30798,doubles,women,sr:category:213,False,False
sr:competition:30806,"ITF Mexico 26A, Women Doubles",sr:competition:30804,doubles,women,sr:category:213,False,False
sr:competition:30863,"ATP Challenger Bratislava II, Slovakia Men Doubles",sr:competition:30859,doubles,men,sr:category:72,False,False
sr:competition:3087,"ATP Shanghai, China Men Doubles",sr:competition:3083,doubles,men,sr:category:3,False,False
sr:competition:30871,"ATP Challenger Maia, Portugal Men Doubles",sr:competition:30867,doubles,men,sr:category:72,False,False
sr:competition:30893,"ITF Spain F34, Men Doubles",sr:competition:30889,doubles,men,sr:category:785,False,False
sr:competition:30899,"ITF Tunisia 51A, Women Doubles",sr:competition:30895,doubles,women,sr:category:213,False,False
sr:competition:30923,"ITF USA F43, Men Doubles",sr:competition:30919,doubles,men,sr:category:785,False,False
sr:competition:30927,"ITF Mexico F28, Men Doubles",sr:competition:30925,doubles,men,sr:category:785,False,False
sr:competition:3093,"ATP Stockholm, Sweden Men Doubles",sr:competition:3089,doubles,men,sr:category:3,False,False
sr:competition:30933,"ITF Tunisia F47, Men Doubles",sr:competition:30931,doubles,men,sr:category:785,False,False
sr:competition:30939,"ITF China 26A, Women Doubles",sr:competition:30937,doubles,women,sr:category:213,False,False
sr:competition:30945,"ITF USA 43A, Women Doubles",sr:competition:30943,doubles,women,sr:category:213,False,False
sr:competition:30951,"ITF France 28A, Women Doubles",sr:competition:30949,doubles,women,sr:category:213,False,False
sr:competition:30957,"ITF USA 51A, Women Doubles",sr:competition:30955,doubles,women,sr:category:213,False,False
sr:competition:30963,"ITF Estonia 02A, Women Doubles",sr:competition:30961,doubles,women,sr:category:213,False,False
sr:competition:30971,"ITF Guatemala 01A, Women Doubles",sr:competition:30967,doubles,women,sr:category:213,False,False
sr:competition:30975,"ITF Mexico 27A, Women Doubles",sr:competition:30973,doubles,women,sr:category:213,False,False
sr:competition:30981,"ITF Tunisia 45A, Women Doubles",sr:competition:30979,doubles,women,sr:category:213,False,False
sr:competition:3099,"ATP Lyon, France Men Doubles",sr:competition:3095,doubles,men,sr:category:3,False,False
sr:competition:3105,"ATP Vienna, Austria Men Doubles",sr:competition:3101,doubles,men,sr:category:3,False,False
sr:competition:31057,"ITF USA F38B, Men Doubles",sr:competition:31049,doubles,men,sr:category:785,False,False
sr:competition:31069,"ITF Mexico F29, Men Doubles",sr:competition:31067,doubles,men,sr:category:785,False,False
sr:competition:31075,"ITF Tunisia F48, Men Doubles",sr:competition:31073,doubles,men,sr:category:785,False,False
sr:competition:31081,"ITF USA 47B, Women Doubles",sr:competition:31079,doubles,women,sr:category:213,False,False
sr:competition:31087,"ITF Japan 18A, Women Doubles",sr:competition:31085,doubles,women,sr:category:213,False,False
sr:competition:31093,"ITF Mexico 28A, Women Doubles",sr:competition:31091,doubles,women,sr:category:213,False,False
sr:competition:31099,"ITF Tunisia 46A, Women Doubles",sr:competition:31097,doubles,women,sr:category:213,False,False
sr:competition:3111,"ATP St. Petersburg, Russia Men Doubles",sr:competition:3107,doubles,men,sr:category:3,False,False
sr:competition:31139,"ITF Mexico F30, Men Doubles",ROOT,doubles,men,sr:category:785,True,False
sr:competition:31145,"ITF Tunisia F49, Men Doubles",sr:competition:31141,doubles,men,sr:category:785,False,False
sr:competition:31163,"ITF USA 46A, Women Doubles",sr:competition:31161,doubles,women,sr:category:213,False,False
sr:competition:31171,"ITF Mexico 29A, Women Doubles",sr:competition:31169,doubles,women,sr:category:213,False,False
sr:competition:31179,"ITF Tunisia 47A, Women Doubles",sr:competition:31175,doubles,women,sr:category:213,False,False
sr:competition:3123,"ATP Monte Carlo, Monaco Men Doubles",sr:competition:3119,doubles,men,sr:category:3,False,False
sr:competition:31283,"ATP Challenger Ann Arbor, USA Men Doubles",sr:competition:31279,doubles,men,sr:category:72,False,False
sr:competition:31289,"ATP Challenger Bendigo, Australia Men Doubles",sr:competition:31285,doubles,men,sr:category:72,False,False
sr:competition:31295,"WTA Adelaide 1, Australia Women Doubles",sr:competition:31291,doubles,women,sr:category:6,False,False
sr:competition:31301,"WTA Albany, USA Women Doubles",sr:competition:31297,doubles,women,sr:category:6,False,False
sr:competition:31307,"WTA Bad Homburg, Germany Women Doubles",sr:competition:31303,doubles,women,sr:category:6,False,False
sr:competition:31325,"WTA Lyon, France Women Doubles",sr:competition:31323,doubles,women,sr:category:6,False,False
sr:competition:31343,"ITF Tunisia F50, Men Doubles",sr:competition:31339,doubles,men,sr:category:785,False,False
sr:competition:31349,"ITF Uruguay F1, Men Doubles",sr:competition:31345,doubles,men,sr:category:785,False,False
sr:competition:31361,"ATP Adelaide, Australia Men Doubles",sr:competition:31357,doubles,men,sr:category:3,False,False
sr:competition:31419,"ITF Mexico F31, Men Doubles",sr:competition:31417,doubles,men,sr:category:785,False,False
sr:competition:31425,"ITF Tunisia F51, Men Doubles",sr:competition:31423,doubles,men,sr:category:785,False,False
sr:competition:31431,"ITF Czech Republic 13A, Women Doubles",sr:competition:31429,doubles,women,sr:category:213,False,False
sr:competition:31437,"ITF Mexico 30A, Women Doubles",sr:competition:31435,doubles,women,sr:category:213,False,False
sr:competition:31443,"ITF Tunisia 49A, Women Doubles",sr:competition:31441,doubles,women,sr:category:213,False,False
sr:competition:31449,"ITF USA 52A, Women Doubles",sr:competition:31447,doubles,women,sr:category:213,False,False
sr:competition:3147,"WTA Antwerp, Belgium Women Doubles",sr:competition:3143,doubles,women,sr:category:6,False,False
sr:competition:31477,"ATP Mallorca, Spain Men Doubles",sr:competition:31473,doubles,men,sr:category:3,False,False
sr:competition:31481,NIU,ROOT,doubles,men,sr:category:3,True,False
sr:competition:31521,"ITF Tunisia F52, Men Doubles",sr:competition:31519,doubles,men,sr:category:785,False,False
sr:competition:31527,"ITF Mexico F32, Men Doubles",sr:competition:31525,doubles,men,sr:category:785,False,False
sr:competition:3153,"ATP Kitzbuhel, Austria Men Doubles",sr:competition:3149,doubles,men,sr:category:3,False,False
sr:competition:31533,"ITF Tunisia 50A, Women Doubles",sr:competition:31531,doubles,women,sr:category:213,False,False
sr:competition:31539,"ITF Mexico 31A, Women Doubles",sr:competition:31537,doubles,women,sr:category:213,False,False
sr:competition:31563,"ITF Tunisia F53, Men Doubles",sr:competition:31559,doubles,men,sr:category:785,False,False
sr:competition:31577,"ITF New Zealand F1, Men Doubles",sr:competition:31571,doubles,men,sr:category:785,False,False
sr:competition:3165,"San Diego, USA Women Doubles",sr:competition:3161,doubles,women,sr:category:6,False,False
sr:competition:31719,"ITF Latvia 01A, Women Doubles",sr:competition:31715,doubles,women,sr:category:213,False,False
sr:competition:31805,"ATP Challenger Changsha, China Men Doubles",sr:competition:31801,doubles,men,sr:category:72,False,False
sr:competition:31811,"ATP Challenger Potchefstroom, South Africa Men Doubles",sr:competition:31807,doubles,men,sr:category:72,False,False
sr:competition:31817,"ATP Challenger Olimpia, Brazil Men Doubles",sr:competition:31813,doubles,men,sr:category:72,False,False
sr:competition:31819,"ATP Challenger Machala, Ecuador Men Doubles",sr:competition:31797,doubles,men,sr:category:72,False,False
sr:competition:31825,"ATP Challenger Matsuyama, Japan Men Doubles",sr:competition:31821,doubles,men,sr:category:72,False,False
sr:competition:3183,"ATP Nottingham, Great Britain Men Doubles",sr:competition:3179,doubles,men,sr:category:3,False,False
sr:competition:31831,"ATP Challenger Split, Croatia Men Doubles",sr:competition:31827,doubles,men,sr:category:72,False,False
sr:competition:31887,"ITF New Zealand 01A, Women Doubles",sr:competition:31883,doubles,women,sr:category:213,False,False
sr:competition:31927,"WTA 125K Warsaw, Poland Women Doubles",sr:competition:31923,doubles,women,sr:category:871,False,False
sr:competition:31933,"WTA 125K Tashkent, Uzbekistan Women Doubles",sr:competition:31929,doubles,women,sr:category:871,False,False
sr:competition:32085,"ATP Challenger Manzanillo, Mexico Men Doubles",sr:competition:32081,doubles,men,sr:category:72,False,False
sr:competition:3215,"ATP Challenger Charlottesville, USA Men Doubles",sr:competition:3213,doubles,men,sr:category:72,False,False
sr:competition:3223,"ATP Challenger Noumea, New Caledonia Men Doubles",sr:competition:3219,doubles,men,sr:category:72,False,False
sr:competition:3229,"ATP Challenger Sao Paulo, Brazil Men Doubles",sr:competition:3225,doubles,men,sr:category:72,False,False
sr:competition:3235,"ATP Challenger Salinas, Ecuador Men Doubles",sr:competition:3231,doubles,men,sr:category:72,False,False
sr:competition:3241,"ATP Santiago, Chile Men Doubles",sr:competition:3237,doubles,men,sr:category:3,False,False
sr:competition:3247,"ATP Atlanta, USA Men Doubles",sr:competition:3243,doubles,men,sr:category:3,False,False
sr:competition:3253,"ATP Belgrade, Serbia Men Doubles",sr:competition:3249,doubles,men,sr:category:3,False,False
sr:competition:3259,"ATP Kuala Lumpur, Malaysia Men Doubles",sr:competition:3255,doubles,men,sr:category:3,False,False
sr:competition:3265,"ATP Nice, France Men Doubles",sr:competition:3261,doubles,men,sr:category:3,False,False
sr:competition:32683,"Battle of the Brits, Men Doubles",ROOT,doubles,men,sr:category:79,True,False
sr:competition:32801,"WTA Lexington, USA Women Doubles",sr:competition:32803,doubles,women,sr:category:6,False,False
sr:competition:3283,"ATP Challenger Barletta, Italy Men Doubles",sr:competition:3279,doubles,men,sr:category:72,False,False
sr:competition:3289,"ATP Challenger Bergamo, Italy Men Doubles",sr:competition:3285,doubles,men,sr:category:72,False,False
sr:competition:3295,"ATP Challenger Bucaramanga, Colombia Men Doubles",sr:competition:3291,doubles,men,sr:category:72,False,False
sr:competition:33009,"WTA 125K Prague, Czech Republic Doubles",ROOT,doubles,women,sr:category:871,True,False
sr:competition:3301,"ATP Challenger Heilbronn, Germany Men Doubles",sr:competition:3297,doubles,men,sr:category:72,False,False
sr:competition:33049,"ATP Challenger Trieste, Italy Men Doubles",sr:competition:33053,doubles,men,sr:category:72,False,False
sr:competition:33087,"ATP Challenger Iasi, Romania Men Doubles",sr:competition:33147,doubles,men,sr:category:72,False,False
sr:competition:33091,"ATP Challenger Forli, Italy Men Doubles",sr:competition:33189,doubles,men,sr:category:72,False,False
sr:competition:33109,"ITF France 31A, Women Doubles",ROOT,doubles,women,sr:category:213,True,False
sr:competition:3313,"ATP Challenger Burnie, Australia Men Doubles",sr:competition:3309,doubles,men,sr:category:72,False,False
sr:competition:33145,"ITF France 32A, Women Doubles",sr:competition:33139,doubles,women,sr:category:213,False,False
sr:competition:33163,"ATP Cologne, Germany Men Doubles",sr:competition:33157,doubles,men,sr:category:3,False,False
sr:competition:33167,"ATP Cologne II, Germany Men Doubles",sr:competition:33165,doubles,men,sr:category:3,False,False
sr:competition:33175,"ATP Sardinia, Italy Men Doubles",sr:competition:33171,doubles,men,sr:category:3,False,False
sr:competition:33181,"ATP Astana, Kazakhstan Men Doubles",sr:competition:33177,doubles,men,sr:category:3,False,False
sr:competition:33185,"WTA Ostrava, Czech Republic Women Doubles",sr:competition:33183,doubles,women,sr:category:6,False,False
sr:competition:3323,"ATP Challenger Caltanissetta, Italy Men Doubles",sr:competition:3319,doubles,men,sr:category:72,False,False
sr:competition:33231,"ITF Egypt 18B, Women Doubles",sr:competition:33227,doubles,women,sr:category:213,False,False
sr:competition:33255,"ITF France 33A, Women Doubles",sr:competition:33253,doubles,women,sr:category:213,False,False
sr:competition:33263,"ATP Challenger Parma II, Italy Men Doubles",sr:competition:33261,doubles,men,sr:category:72,False,False
sr:competition:33279,"ITF Slovakia F8, Men Doubles",sr:competition:33277,doubles,men,sr:category:785,False,False
sr:competition:3329,"ATP Challenger Cherbourg, France Men Doubles",sr:competition:3325,doubles,men,sr:category:72,False,False
sr:competition:33347,"ITF Greece F11, Men Doubles",sr:competition:33345,doubles,men,sr:category:785,False,False
sr:competition:33353,"ITF Greece 11A, Women Doubles",sr:competition:33351,doubles,women,sr:category:213,False,False
sr:competition:33372,"ITF Greece F12, Men Doubles",sr:competition:33370,doubles,men,sr:category:785,False,False
sr:competition:33378,"Egypt 24B, Women Doubles",sr:competition:33376,doubles,women,sr:category:213,False,False
sr:competition:33384,"ITF Greece 12A, Women Doubles",sr:competition:33382,doubles,women,sr:category:213,False,False
sr:competition:33414,"ITF Slovakia F6, Men Doubles",sr:competition:33410,doubles,men,sr:category:785,False,False
sr:competition:33420,"ITF Greece F13, Men Doubles",sr:competition:33416,doubles,men,sr:category:785,False,False
sr:competition:33426,"ITF Greece 13A, Women Doubles",sr:competition:33422,doubles,women,sr:category:213,False,False
sr:competition:3345,"ATP Challenger Kazan, Russia Men Doubles",sr:competition:3341,doubles,men,sr:category:72,False,False
sr:competition:33454,"ITF Spain F25B, Men Doubles",sr:competition:33452,doubles,men,sr:category:785,False,False
sr:competition:33478,"WTA Abu Dhabi, UAE Women Doubles",sr:competition:33476,doubles,women,sr:category:6,False,False
sr:competition:33484,"ATP Melbourne, Australia Men Doubles",sr:competition:33482,doubles,men,sr:category:3,False,False
sr:competition:3351,"ATP Challenger Kyoto, Japan Men Doubles",sr:competition:3347,doubles,men,sr:category:72,False,False
sr:competition:33518,"WTA Melbourne, Australia Women Doubles",sr:competition:33514,doubles,women,sr:category:6,False,False
sr:competition:33524,"ATP Challenger Antalya 1, Turkey Men Doubles",sr:competition:33520,doubles,men,sr:category:72,False,False
sr:competition:33536,"WTA Melbourne 2, Australia Women Doubles",sr:competition:33534,doubles,women,sr:category:6,False,False
sr:competition:33544,"ATP Challenger Antalya 2, Turkey Men Doubles",sr:competition:33540,doubles,men,sr:category:72,False,False
sr:competition:33548,"ATP Challenger Potchefstroom 2, South Africa Men Doubles",sr:competition:33546,doubles,men,sr:category:72,False,False
sr:competition:33556,"ATP Challenger Biella 2, Italy Men Doubles",sr:competition:33554,doubles,men,sr:category:72,False,False
sr:competition:33588,"WTA Guadalajara, Mexico Women Doubles",sr:competition:33584,doubles,women,sr:category:6,False,False
sr:competition:33594,"WTA Anning, China Women Doubles",sr:competition:33590,doubles,women,sr:category:6,False,False
sr:competition:33600,"WTA Cologne, Germany Women Doubles",sr:competition:33596,doubles,women,sr:category:6,False,False
sr:competition:33646,"WTA Melbourne 4, Australia Women Doubles",sr:competition:33642,doubles,women,sr:category:6,False,False
sr:competition:33654,"ATP Challenger Quimper 2, France Men Doubles",sr:competition:33650,doubles,men,sr:category:72,False,False
sr:competition:33662,"ATP Challenger Concepcion, Chile Men Doubles",sr:competition:33658,doubles,men,sr:category:72,False,False
sr:competition:33668,"ATP Challenger Gran Canaria 1, Spain Men Doubles",sr:competition:33664,doubles,men,sr:category:72,False,False
sr:competition:33674,"ATP Challenger Gran Canaria 2, Spain Men Doubles",sr:competition:33670,doubles,men,sr:category:72,False,False
sr:competition:3369,"ATP Challenger Meknes, Morocco Men Doubles",sr:competition:3365,doubles,men,sr:category:72,False,False
sr:competition:33702,"ATP Singapore, Singapore Men Doubles",sr:competition:33698,doubles,men,sr:category:3,False,False
sr:competition:33708,"ATP Marbella, Spain Men Doubles",sr:competition:33704,doubles,men,sr:category:3,False,False
sr:competition:33714,"WTA Melbourne 3, Australia Women Doubles",sr:competition:33710,doubles,women,sr:category:6,False,False
sr:competition:33750,"ATP Challenger St Petersburg, Russia Men Doubles",sr:competition:33748,doubles,men,sr:category:72,False,False
sr:competition:33756,"ATP Challenger St Petersburg 2, Russia Men Doubles",sr:competition:33754,doubles,men,sr:category:72,False,False
sr:competition:33762,"ATP Challenger Biella 3, Italy Men Doubles",sr:competition:33760,doubles,men,sr:category:72,False,False
sr:competition:33770,"ATP Challenger Biella 4, Italy Men Doubles",sr:competition:33766,doubles,men,sr:category:72,False,False
sr:competition:33772,"ATP Challenger Lugano, Switzerland Men Doubles",sr:competition:3603,doubles,men,sr:category:72,False,False
sr:competition:3381,"ATP Challenger San Luis Potosi, Mexico Men Doubles",sr:competition:3377,doubles,men,sr:category:72,False,False
sr:competition:33840,"ITF Slovakia F4, Men Doubles",sr:competition:33836,doubles,men,sr:category:785,False,False
sr:competition:33846,"ITF India F1B, Men Doubles",sr:competition:33842,doubles,men,sr:category:785,False,False
sr:competition:33876,"ATP Challenger Zadar, Croatia Men Doubles",sr:competition:33872,doubles,men,sr:category:72,False,False
sr:competition:33882,"ATP Challenger Oeiras 1, Portugal Men Doubles",sr:competition:33878,doubles,men,sr:category:72,False,False
sr:competition:33888,"ATP Challenger Oeiras 2, Portugal Men Doubles",sr:competition:33884,doubles,men,sr:category:72,False,False
sr:competition:33894,"ITF Slovakia F5, Men Doubles",sr:competition:33892,doubles,men,sr:category:785,False,False
sr:competition:3393,"ATP Challenger St. Brieuc, France Men Doubles",sr:competition:3389,doubles,men,sr:category:72,False,False
sr:competition:33932,"ATP Cagliari, Italy Men Doubles",sr:competition:33928,doubles,men,sr:category:3,False,False
sr:competition:33938,"ATP Challenger Santa Cruz, Bolivia Men Doubles",sr:competition:33934,doubles,men,sr:category:72,False,False
sr:competition:33944,"ATP Challenger Split 2, Croatia Men Doubles",sr:competition:33940,doubles,men,sr:category:72,False,False
sr:competition:34048,"ATP Challenger Concepcion 2, Chile Men Doubles",sr:competition:34044,doubles,men,sr:category:72,False,False
sr:competition:34054,"ITF United Arab Emirates 02A, Women Doubles",sr:competition:34050,doubles,women,sr:category:213,False,False
sr:competition:34070,"WTA Charleston 2, USA Women Doubles",sr:competition:34068,doubles,women,sr:category:6,False,False
sr:competition:34078,"WTA 125K Saint-Malo, France, Women Doubles",sr:competition:34074,doubles,women,sr:category:871,False,False
sr:competition:34122,"WTA Belgrade, Serbia Women Doubles",sr:competition:34118,doubles,women,sr:category:6,False,False
sr:competition:34128,"ATP Challenger Salinas 2, Ecuador Men Doubles",sr:competition:34124,doubles,men,sr:category:72,False,False
sr:competition:34134,"ATP Challenger Biella 5, Italy Men Doubles",sr:competition:34130,doubles,men,sr:category:72,False,False
sr:competition:34140,"ATP Challenger Biella 6, Italy Men Doubles",sr:competition:34136,doubles,men,sr:category:72,False,False
sr:competition:34146,"ATP Challenger Biella 7, Italy Men Doubles",sr:competition:34142,doubles,men,sr:category:72,False,False
sr:competition:34158,"ATP Challenger Oeiras 3, Portugal Men Doubles",sr:competition:34154,doubles,men,sr:category:72,False,False
sr:competition:3417,"ATP Challenger Athens, Greece Men Doubles",sr:competition:3413,doubles,men,sr:category:72,False,False
sr:competition:34182,"ATP Parma, Italy Men Doubles",sr:competition:34178,doubles,men,sr:category:3,False,False
sr:competition:34192,"WTA Gdynia, Poland Women Doubles",sr:competition:34188,doubles,women,sr:category:6,False,False
sr:competition:34198,"WTA 125K Belgrade, Serbia Women Doubles",sr:competition:34194,doubles,women,sr:category:871,False,False
sr:competition:34204,"WTA 125K Charleston, USA Women Doubles",sr:competition:34200,doubles,women,sr:category:871,False,False
sr:competition:34210,"WTA Cleveland, USA Women Doubles",sr:competition:34206,doubles,women,sr:category:6,False,False
sr:competition:34218,"ATP Belgrade 2, Serbia Men Doubles",sr:competition:34220,doubles,men,sr:category:3,False,False
sr:competition:34268,"WTA Parma, Italy Women Doubles",sr:competition:34264,doubles,women,sr:category:6,False,False
sr:competition:3427,"ATP Challenger Biella, Italy Men Doubles",sr:competition:3423,doubles,men,sr:category:72,False,False
sr:competition:34274,"WTA Hamburg, Germany Women Doubles",sr:competition:34270,doubles,women,sr:category:6,False,False
sr:competition:34286,"ATP Challenger Oeiras 4, Portugal Men Doubles",sr:competition:34282,doubles,men,sr:category:72,False,False
sr:competition:34310,"ATP Challenger Orlando 2, USA Men Doubles",sr:competition:34306,doubles,men,sr:category:72,False,False
sr:competition:34316,"ATP Challenger Nottingham 2, Great Britain Men Doubles",sr:competition:34312,doubles,men,sr:category:72,False,False
sr:competition:34322,"WTA Cluj Napoca, Romania Women Doubles",sr:competition:34318,doubles,women,sr:category:6,False,False
sr:competition:3433,"ATP Challenger Blumenau, Brazil Men Doubles",sr:competition:3429,doubles,men,sr:category:72,False,False
sr:competition:34330,"ITF Croatia F5, Men Doubles",sr:competition:34328,doubles,men,sr:category:785,False,False
sr:competition:34364,"ITF Croatia 03A, Women Doubles",sr:competition:34362,doubles,women,sr:category:213,False,False
sr:competition:3439,"ATP Challenger Bordeaux, France Men Doubles",sr:competition:3435,doubles,men,sr:category:72,False,False
sr:competition:34394,"ITF Slovenia 02A, Women Doubles",sr:competition:34396,doubles,women,sr:category:213,False,False
sr:competition:34400,"ITF Dominican Republic 01A, Women Doubles",sr:competition:34402,doubles,women,sr:category:213,False,False
sr:competition:34410,"ATP Challenger Salzburg-Anif, Austria Men Doubles",sr:competition:34406,doubles,men,sr:category:72,False,False
sr:competition:34416,"ATP Challenger Nur Sultan 3, Kazahkstan Men Doubles",sr:competition:34412,doubles,men,sr:category:72,False,False
sr:competition:34426,"WTA 125K Concord, USA Women Doubles",sr:competition:34422,doubles,women,sr:category:871,False,False
